// cn_font.h —— 自动生成（宋体点阵 16px + 24px），勿手改
// 生成脚本: qwq\gen_cn_font.ps1（自动扫描 rom-watch.ino 里的汉字 ✓）
// ★2026-09-30：GenericTypographic + 墨迹居中 —— 修「右边偏旁被裁掉」✗✓
#pragma once
#include <pgmspace.h>

struct CnGlyph   { uint16_t code; uint8_t bmp[32]; };   // 16x16
struct CnGlyph24 { uint16_t code; uint8_t bmp[72]; };   // 24x24

static const CnGlyph CN_GLYPHS[] PROGMEM = {
  { 0x963f, { 0x7d,0xfe,0x44,0x08,0x48,0x08,0x49,0xe8,0x51,0x28,0x49,0x28,0x49,0x28,0x45,0x28,0x45,0x28,0x45,0xe8,0x69,0x28,0x50,0x08,0x40,0x08,0x40,0x28,0x40,0x10,0x00,0x00 } },
  { 0x5b89, { 0x02,0x00,0x01,0x00,0x3f,0xfc,0x20,0x04,0x42,0x08,0x02,0x00,0x02,0x00,0xff,0xfe,0x04,0x20,0x08,0x20,0x18,0x40,0x06,0x40,0x01,0x80,0x02,0x60,0x0c,0x10,0x70,0x08 } },
  { 0x6309, { 0x10,0x40,0x10,0x20,0x10,0x20,0x13,0xfe,0xfa,0x02,0x14,0x44,0x10,0x40,0x1b,0xfe,0x30,0x88,0xd0,0x88,0x11,0x08,0x10,0xd0,0x10,0x20,0x10,0x50,0x50,0x88,0x23,0x04 } },
  { 0x6848, { 0x01,0x00,0x7f,0xfc,0x40,0x04,0x04,0x00,0xff,0xfe,0x08,0x20,0x1e,0x40,0x03,0xc0,0x3c,0x38,0x01,0x00,0xff,0xfe,0x05,0x40,0x09,0x20,0x31,0x18,0xc1,0x06,0x01,0x00 } },
  { 0x516b, { 0x00,0x40,0x04,0x40,0x04,0x40,0x04,0x40,0x04,0x40,0x04,0x40,0x04,0x20,0x08,0x20,0x08,0x20,0x08,0x10,0x10,0x10,0x10,0x08,0x20,0x08,0x20,0x04,0x40,0x02,0x00,0x00 } },
  { 0x5df4, { 0x00,0x00,0x7f,0xf0,0x42,0x10,0x42,0x10,0x42,0x10,0x42,0x10,0x42,0x10,0x7f,0xf0,0x40,0x10,0x40,0x00,0x40,0x00,0x40,0x04,0x40,0x04,0x40,0x04,0x3f,0xfc,0x00,0x00 } },
  { 0x62d4, { 0x10,0x50,0x10,0x48,0x10,0x48,0x10,0x40,0xfb,0xfe,0x10,0x80,0x14,0x80,0x18,0xfc,0x31,0x44,0xd1,0x44,0x11,0x28,0x11,0x28,0x12,0x10,0x12,0x28,0x54,0x44,0x21,0x82 } },
  { 0x628a, { 0x10,0x00,0x11,0xfc,0x11,0x24,0x11,0x24,0xfd,0x24,0x11,0x24,0x11,0x24,0x15,0xfc,0x19,0x04,0x31,0x00,0xd1,0x00,0x11,0x00,0x11,0x02,0x11,0x02,0x50,0xfe,0x20,0x00 } },
  { 0x767d, { 0x01,0x00,0x02,0x00,0x04,0x00,0x3f,0xf8,0x20,0x08,0x20,0x08,0x20,0x08,0x20,0x08,0x3f,0xf8,0x20,0x08,0x20,0x08,0x20,0x08,0x20,0x08,0x20,0x08,0x3f,0xf8,0x20,0x08 } },
  { 0x6446, { 0x10,0x00,0x13,0xfe,0x12,0x52,0x12,0x52,0xfb,0xfe,0x10,0x20,0x14,0x20,0x19,0xfc,0x30,0x20,0xd0,0x20,0x17,0xfe,0x10,0x40,0x10,0x88,0x11,0x04,0x53,0xfe,0x21,0x02 } },
  { 0x8d25, { 0x00,0x40,0x7c,0x40,0x44,0x40,0x54,0x80,0x54,0xfe,0x55,0x08,0x56,0x88,0x54,0x88,0x54,0x88,0x54,0x50,0x54,0x50,0x10,0x20,0x28,0x50,0x24,0x88,0x45,0x04,0x82,0x02 } },
  { 0x642c, { 0x21,0x00,0x22,0x3c,0x27,0xa4,0x24,0xa4,0xf6,0xa4,0x25,0xa4,0x24,0xc2,0x2f,0x80,0x34,0xbc,0xe4,0xa4,0x26,0xa4,0x25,0xa4,0x24,0x94,0x24,0x88,0xa4,0x94,0x49,0xa2 } },
  { 0x677f, { 0x10,0x08,0x10,0x1c,0x11,0xe0,0x11,0x00,0xfd,0x00,0x11,0xfc,0x31,0x44,0x39,0x44,0x55,0x44,0x55,0x28,0x91,0x28,0x11,0x10,0x11,0x10,0x12,0x28,0x12,0x44,0x14,0x82 } },
  { 0x7248, { 0x08,0x08,0x48,0x1c,0x49,0xe0,0x49,0x00,0x49,0x00,0x7d,0xfc,0x41,0x44,0x41,0x44,0x79,0x44,0x49,0x28,0x49,0x28,0x49,0x10,0x49,0x10,0x4a,0x28,0x4a,0x44,0x8c,0x82 } },
  { 0x534a, { 0x01,0x00,0x21,0x08,0x11,0x08,0x09,0x10,0x09,0x20,0x01,0x00,0x3f,0xf8,0x01,0x00,0x01,0x00,0x01,0x00,0xff,0xfe,0x01,0x00,0x01,0x00,0x01,0x00,0x01,0x00,0x01,0x00 } },
  { 0x90a6, { 0x04,0x00,0x04,0x3e,0x04,0x22,0x7f,0xa4,0x04,0x24,0x04,0x28,0x3f,0x24,0x04,0x24,0x04,0x22,0x7f,0xa2,0x04,0x22,0x08,0x34,0x08,0x28,0x10,0x20,0x20,0x20,0x40,0x20 } },
  { 0x7ed1, { 0x21,0x00,0x21,0x1e,0x21,0x12,0x47,0xd2,0x51,0x14,0xf1,0x14,0x27,0xd8,0x21,0x14,0x41,0x12,0xf7,0xd2,0x41,0x12,0x01,0x1a,0x31,0x14,0xc2,0x10,0x02,0x10,0x04,0x10 } },
  { 0x5305, { 0x04,0x00,0x04,0x00,0x0f,0xf8,0x08,0x08,0x10,0x08,0x2f,0xc8,0x48,0x48,0x08,0x48,0x08,0x48,0x0f,0xc8,0x08,0x28,0x08,0x10,0x08,0x02,0x08,0x02,0x07,0xfe,0x00,0x00 } },
  { 0x4fdd, { 0x08,0x00,0x0b,0xf8,0x0a,0x08,0x12,0x08,0x12,0x08,0x33,0xf8,0x30,0x40,0x50,0x40,0x97,0xfc,0x10,0xe0,0x11,0x50,0x12,0x48,0x14,0x44,0x18,0x42,0x10,0x40,0x10,0x40 } },
  { 0x62a5, { 0x10,0x00,0x11,0xfc,0x11,0x04,0x11,0x04,0xfd,0x14,0x11,0x08,0x11,0x00,0x15,0xfc,0x19,0x44,0x31,0x44,0xd1,0x28,0x11,0x28,0x11,0x10,0x11,0x28,0x51,0x44,0x21,0x82 } },
  { 0x5907, { 0x04,0x00,0x04,0x00,0x0f,0xf0,0x18,0x20,0x64,0x40,0x03,0x80,0x1c,0x70,0xe0,0x0e,0x1f,0xf0,0x11,0x10,0x11,0x10,0x1f,0xf0,0x11,0x10,0x11,0x10,0x1f,0xf0,0x10,0x10 } },
  { 0x88ab, { 0x20,0x10,0x10,0x10,0x00,0x10,0xf9,0xfe,0x09,0x12,0x11,0x14,0x15,0x10,0x39,0xfc,0x55,0x44,0x91,0x44,0x11,0x28,0x11,0x28,0x11,0x10,0x12,0x28,0x12,0x44,0x14,0x82 } },
  { 0x672c, { 0x01,0x00,0x01,0x00,0x01,0x00,0x01,0x00,0x7f,0xfc,0x03,0x80,0x05,0x40,0x05,0x40,0x09,0x20,0x11,0x10,0x21,0x08,0x4f,0xe4,0x81,0x02,0x01,0x00,0x01,0x00,0x01,0x00 } },
  { 0x5d29, { 0x00,0x80,0x10,0x84,0x10,0x84,0x1f,0xfc,0x00,0x00,0x1f,0x3e,0x11,0x22,0x11,0x22,0x1f,0x3e,0x11,0x22,0x11,0x22,0x1f,0x3e,0x11,0x22,0x11,0x22,0x25,0x4a,0x42,0x84 } },
  { 0x903c, { 0x00,0x00,0x27,0xfc,0x10,0x00,0x13,0xf8,0x02,0x08,0x03,0xf8,0xf0,0x00,0x17,0xfc,0x14,0x44,0x17,0xfc,0x14,0x44,0x17,0xfc,0x14,0x04,0x28,0x00,0x47,0xfe,0x00,0x00 } },
  { 0x6bd4, { 0x01,0x00,0x41,0x00,0x41,0x00,0x41,0x08,0x41,0x10,0x41,0x20,0x7d,0x40,0x41,0x80,0x41,0x00,0x41,0x00,0x41,0x00,0x41,0x04,0x4d,0x04,0x71,0x04,0x40,0xfc,0x00,0x00 } },
  { 0x7b14, { 0x10,0x40,0x10,0x40,0x3f,0x7e,0x48,0x90,0x85,0x08,0x00,0xf8,0x3f,0x00,0x01,0x00,0x01,0xf8,0x3f,0x00,0x01,0x00,0x01,0xfc,0x7f,0x02,0x01,0x02,0x01,0x02,0x00,0xfe } },
  { 0x5fc5, { 0x04,0x00,0x02,0x10,0x01,0x10,0x01,0x20,0x08,0x20,0x28,0x48,0x28,0x44,0x28,0x84,0x49,0x02,0x4a,0x02,0x8c,0x12,0x08,0x10,0x18,0x10,0x27,0xf0,0x40,0x00,0x00,0x00 } },
  { 0x907f, { 0x00,0x10,0x47,0x88,0x24,0xbe,0x24,0x80,0x04,0xa2,0x07,0x94,0xe4,0x3e,0x28,0x08,0x2f,0x88,0x34,0xbe,0x24,0x88,0x27,0x88,0x24,0x88,0x50,0x00,0x8f,0xfe,0x00,0x00 } },
  { 0x8fb9, { 0x00,0x40,0x20,0x40,0x10,0x40,0x13,0xfc,0x00,0x44,0x00,0x44,0xf0,0x44,0x10,0x84,0x10,0x84,0x11,0x04,0x11,0x04,0x12,0x28,0x14,0x10,0x28,0x00,0x47,0xfe,0x00,0x00 } },
  { 0x7f16, { 0x08,0x40,0x08,0x20,0x11,0xfe,0x11,0x02,0x25,0x02,0x7d,0xfe,0x09,0x00,0x11,0x00,0x21,0xfe,0x7d,0xaa,0x21,0xaa,0x02,0xfe,0x0e,0xaa,0x72,0xaa,0x24,0xa2,0x00,0x86 } },
  { 0x53d8, { 0x02,0x00,0x01,0x00,0xff,0xfe,0x04,0x40,0x14,0x50,0x24,0x48,0x44,0x44,0x00,0x00,0x3f,0xf0,0x08,0x20,0x04,0x40,0x02,0x80,0x01,0x00,0x06,0xc0,0x18,0x30,0xe0,0x0e } },
  { 0x4fbf, { 0x10,0x00,0x17,0xfe,0x10,0x40,0x27,0xfc,0x24,0x44,0x64,0x44,0x67,0xfc,0xa4,0x44,0x24,0x44,0x27,0xfc,0x22,0x40,0x21,0x40,0x20,0x80,0x21,0x40,0x22,0x30,0x2c,0x0e } },
  { 0x904d, { 0x00,0x80,0x20,0x40,0x13,0xfc,0x12,0x04,0x02,0x04,0x03,0xfc,0xf2,0x00,0x13,0xfc,0x13,0x54,0x15,0x54,0x15,0xfc,0x19,0x54,0x11,0x44,0x11,0x0c,0x28,0x00,0x47,0xfe } },
  { 0x6807, { 0x10,0x00,0x11,0xfc,0x10,0x00,0x10,0x00,0xfc,0x00,0x13,0xfe,0x30,0x20,0x38,0x20,0x55,0x28,0x55,0x24,0x92,0x24,0x12,0x22,0x14,0x22,0x10,0x20,0x10,0xa0,0x10,0x40 } },
  { 0x8868, { 0x01,0x00,0x01,0x00,0x7f,0xfc,0x01,0x00,0x01,0x00,0x3f,0xf8,0x01,0x00,0x01,0x00,0xff,0xfe,0x05,0x00,0x08,0x88,0x18,0x50,0x28,0x20,0xc9,0x18,0x0a,0x06,0x0c,0x00 } },
  { 0x522b, { 0x00,0x02,0x3f,0x82,0x20,0x82,0x20,0x92,0x20,0x92,0x3f,0x92,0x08,0x12,0x08,0x12,0x7f,0x92,0x08,0x92,0x08,0x92,0x08,0x92,0x10,0x82,0x10,0x82,0x25,0x0a,0x42,0x04 } },
  { 0x5e76, { 0x10,0x10,0x08,0x10,0x08,0x20,0x00,0x00,0x7f,0xfc,0x08,0x20,0x08,0x20,0x08,0x20,0x08,0x20,0xff,0xfe,0x08,0x20,0x08,0x20,0x10,0x20,0x10,0x20,0x20,0x20,0x40,0x20 } },
  { 0x75c5, { 0x00,0x80,0x00,0x40,0x1f,0xfe,0x10,0x00,0x90,0x00,0x57,0xfc,0x50,0x40,0x10,0x40,0x37,0xfc,0x54,0x44,0x94,0xa4,0x15,0x14,0x26,0x14,0x24,0x04,0x44,0x14,0x84,0x08 } },
  { 0x6ce2, { 0x00,0x20,0x20,0x20,0x10,0x20,0x13,0xfe,0x82,0x22,0x42,0x24,0x4a,0x20,0x0b,0xfc,0x12,0x84,0x12,0x88,0xe2,0x48,0x22,0x50,0x22,0x20,0x24,0x50,0x24,0x88,0x09,0x06 } },
  { 0x64ad, { 0x20,0x78,0x27,0xc0,0x22,0x48,0x21,0x50,0xfb,0xfc,0x21,0x50,0x22,0x48,0x2c,0x06,0x33,0xf8,0xe2,0x48,0x22,0x48,0x23,0xf8,0x22,0x48,0x22,0x48,0xa3,0xf8,0x42,0x08 } },
  { 0x8865, { 0x10,0x40,0x08,0x40,0x00,0x40,0x7e,0x40,0x02,0x40,0x04,0x60,0x08,0x50,0x1a,0x48,0x2c,0x44,0x4a,0x44,0x0a,0x40,0x08,0x40,0x08,0x40,0x08,0x40,0x08,0x40,0x08,0x40 } },
  { 0x4e0d, { 0x3f,0xfe,0x00,0x40,0x00,0x40,0x00,0x80,0x00,0x80,0x01,0xa0,0x02,0x90,0x04,0x88,0x08,0x84,0x10,0x82,0x20,0x82,0x40,0x80,0x00,0x80,0x00,0x80,0x00,0x80,0x00,0x00 } },
  { 0x5e03, { 0x02,0x00,0x02,0x00,0x02,0x00,0xff,0xfe,0x04,0x00,0x09,0x00,0x11,0x00,0x3f,0xf8,0x51,0x08,0x91,0x08,0x11,0x08,0x11,0x08,0x11,0x28,0x11,0x10,0x01,0x00,0x01,0x00 } },
  { 0x6b65, { 0x01,0x00,0x01,0x00,0x11,0xf8,0x11,0x00,0x11,0x00,0x11,0x00,0xff,0xfe,0x01,0x00,0x01,0x00,0x11,0x08,0x11,0x10,0x21,0x20,0x40,0xc0,0x03,0x00,0x1c,0x00,0xe0,0x00 } },
  { 0x90e8, { 0x10,0x00,0x08,0x3e,0x7f,0xa2,0x00,0x24,0x21,0x24,0x12,0x28,0xff,0xe4,0x00,0x24,0x00,0x22,0x3f,0x22,0x21,0x22,0x21,0x34,0x21,0x28,0x3f,0x20,0x21,0x20,0x00,0x20 } },
  { 0x731c, { 0x00,0x20,0x44,0x20,0x2b,0xfe,0x10,0x20,0x29,0xfc,0x48,0x20,0x8b,0xfe,0x08,0x00,0x19,0xfc,0x29,0x04,0x49,0xfc,0x89,0x04,0x09,0xfc,0x09,0x04,0x51,0x14,0x21,0x08 } },
  { 0x624d, { 0x00,0x80,0x00,0x80,0x00,0x80,0x00,0x80,0xff,0xfe,0x01,0x80,0x02,0x80,0x02,0x80,0x04,0x80,0x04,0x80,0x08,0x80,0x10,0x80,0x20,0x80,0x40,0x80,0x02,0x80,0x01,0x00 } },
  { 0x53c2, { 0x02,0x00,0x04,0x40,0x08,0x20,0x1f,0xf0,0x02,0x00,0x7f,0xfc,0x08,0x20,0x10,0x90,0x23,0x08,0xcc,0x46,0x01,0x80,0x06,0x10,0x18,0x20,0x00,0xc0,0x07,0x00,0x78,0x00 } },
  { 0x4ed3, { 0x01,0x00,0x01,0x00,0x02,0x80,0x04,0x40,0x08,0x20,0x30,0x18,0xc0,0x06,0x0f,0xe0,0x08,0x20,0x08,0x20,0x08,0xa0,0x08,0x44,0x08,0x04,0x08,0x04,0x07,0xfc,0x00,0x00 } },
  { 0x85cf, { 0x04,0x40,0xff,0xfe,0x04,0x48,0x00,0x24,0x1f,0xfe,0x50,0x20,0x57,0xa0,0x75,0x24,0x17,0xa4,0xf4,0xa8,0x57,0xa8,0x55,0x10,0x95,0x12,0x27,0xaa,0x20,0x46,0x40,0x82 } },
  { 0x518c, { 0x1e,0x78,0x12,0x48,0x12,0x48,0x12,0x48,0x12,0x48,0x12,0x48,0xff,0xfe,0x12,0x48,0x12,0x48,0x12,0x48,0x12,0x48,0x12,0x48,0x12,0x88,0x26,0xa8,0x41,0x10,0x00,0x00 } },
  { 0x4fa7, { 0x08,0x02,0x0b,0xe2,0x0a,0x22,0x12,0x2a,0x12,0xaa,0x32,0xaa,0x32,0xaa,0x52,0xaa,0x12,0xaa,0x12,0xaa,0x12,0xaa,0x10,0x82,0x11,0x42,0x11,0x22,0x12,0x0a,0x14,0x04 } },
  { 0x6d4b, { 0x00,0x02,0x13,0xe2,0x0a,0x22,0x0a,0x2a,0x42,0xaa,0x22,0xaa,0x22,0xaa,0x0a,0xaa,0x0a,0xaa,0x12,0xaa,0x72,0xaa,0x10,0x82,0x11,0x42,0x11,0x22,0x12,0x0a,0x04,0x04 } },
  { 0x63d2, { 0x20,0x08,0x20,0x3c,0x27,0xc0,0x20,0x40,0xf8,0x40,0x2f,0xfe,0x20,0x40,0x29,0x40,0x36,0x5c,0xe4,0x44,0x24,0x44,0x27,0x5c,0x24,0x44,0x24,0x44,0xa7,0xfc,0x44,0x04 } },
  { 0x67e5, { 0x01,0x00,0x01,0x00,0x7f,0xfc,0x05,0x40,0x09,0x20,0x31,0x18,0xc1,0x06,0x1f,0xf0,0x10,0x10,0x1f,0xf0,0x10,0x10,0x1f,0xf0,0x10,0x10,0x00,0x00,0xff,0xfe,0x00,0x00 } },
  { 0x62c6, { 0x10,0x08,0x10,0x1c,0x11,0xe0,0x11,0x00,0xfd,0x00,0x11,0x00,0x11,0xfe,0x15,0x10,0x19,0x10,0x31,0x30,0xd1,0x18,0x11,0x14,0x11,0x12,0x12,0x10,0x52,0x10,0x24,0x10 } },
  { 0x5e38, { 0x01,0x00,0x11,0x10,0x09,0x20,0x7f,0xfe,0x40,0x02,0x9f,0xf4,0x10,0x10,0x1f,0xf0,0x01,0x00,0x3f,0xf8,0x21,0x08,0x21,0x08,0x21,0x28,0x21,0x10,0x01,0x00,0x01,0x00 } },
  { 0x5382, { 0x3f,0xfe,0x20,0x00,0x20,0x00,0x20,0x00,0x20,0x00,0x20,0x00,0x20,0x00,0x20,0x00,0x20,0x00,0x20,0x00,0x20,0x00,0x20,0x00,0x40,0x00,0x40,0x00,0x80,0x00,0x00,0x00 } },
  { 0x573a, { 0x10,0x00,0x11,0xf8,0x10,0x10,0x10,0x20,0x10,0x40,0x7c,0x80,0x11,0xfe,0x10,0x92,0x10,0x92,0x10,0x92,0x11,0x12,0x1d,0x22,0x72,0x22,0x24,0x42,0x00,0x94,0x01,0x08 } },
  { 0x8d85, { 0x08,0x00,0x09,0xfc,0x08,0x44,0x7e,0x44,0x08,0x44,0x08,0x94,0xff,0x08,0x08,0xfc,0x28,0x84,0x28,0x84,0x2e,0x84,0x28,0xfc,0x28,0x00,0x58,0x00,0x4f,0xfe,0x80,0x00 } },
  { 0x8f66, { 0x02,0x00,0x02,0x00,0x02,0x00,0x7f,0xfc,0x04,0x00,0x09,0x00,0x11,0x00,0x21,0x00,0x3f,0xf8,0x01,0x00,0x01,0x00,0xff,0xfe,0x01,0x00,0x01,0x00,0x01,0x00,0x01,0x00 } },
  { 0x5f7b, { 0x08,0x00,0x09,0x00,0x11,0x7e,0x21,0x12,0x49,0x12,0x09,0x12,0x11,0xd2,0x37,0x12,0x51,0x12,0x11,0x12,0x11,0x52,0x11,0x92,0x11,0x22,0x10,0x22,0x10,0x4a,0x10,0x84 } },
  { 0x64a4, { 0x22,0x08,0x21,0x08,0x27,0xc8,0x22,0x10,0xf4,0x9e,0x2f,0xd4,0x20,0x64,0x27,0x94,0x34,0x94,0xe7,0x94,0x24,0x94,0x27,0x88,0x24,0x88,0x24,0x94,0xa4,0xa4,0x45,0xc2 } },
  { 0x6210, { 0x00,0x50,0x00,0x48,0x00,0x40,0x3f,0xfe,0x20,0x40,0x20,0x40,0x20,0x44,0x3e,0x44,0x22,0x44,0x22,0x28,0x22,0x28,0x22,0x12,0x2a,0x32,0x44,0x4a,0x40,0x86,0x81,0x02 } },
  { 0x7a0b, { 0x08,0x00,0x1d,0xfc,0xf1,0x04,0x11,0x04,0x11,0x04,0xfd,0xfc,0x10,0x00,0x30,0x00,0x39,0xfe,0x54,0x20,0x54,0x20,0x91,0xfc,0x10,0x20,0x10,0x20,0x13,0xfe,0x10,0x00 } },
  { 0x5403, { 0x00,0x80,0x00,0x80,0x79,0x00,0x49,0xfe,0x4a,0x00,0x4c,0x00,0x49,0xf8,0x48,0x08,0x48,0x10,0x48,0x60,0x78,0x80,0x49,0x00,0x02,0x02,0x02,0x02,0x01,0xfe,0x00,0x00 } },
  { 0x9a70, { 0x00,0x20,0xf8,0x20,0x08,0x20,0x49,0x20,0x49,0x2c,0x49,0x34,0x49,0x64,0x7f,0xa4,0x05,0x24,0x05,0x34,0x1d,0x28,0xe5,0x22,0x45,0x22,0x05,0x02,0x28,0xfe,0x10,0x00 } },
  { 0x8fdf, { 0x00,0x00,0x21,0xf8,0x11,0x08,0x11,0x08,0x01,0x08,0x01,0xf8,0xf1,0x08,0x11,0x20,0x11,0x10,0x12,0x08,0x12,0x04,0x14,0x04,0x10,0x00,0x28,0x00,0x47,0xfe,0x00,0x00 } },
  { 0x6301, { 0x10,0x20,0x10,0x20,0x10,0x20,0x11,0xfc,0xfc,0x20,0x10,0x20,0x13,0xfe,0x10,0x08,0x18,0x08,0x33,0xfe,0xd0,0x08,0x10,0x88,0x10,0x48,0x10,0x08,0x50,0x28,0x20,0x10 } },
  { 0x51b2, { 0x00,0x20,0x20,0x20,0x10,0x20,0x10,0x20,0x03,0xfe,0x02,0x22,0x0a,0x22,0x0a,0x22,0x12,0x22,0x72,0x22,0x13,0xfe,0x12,0x22,0x10,0x20,0x10,0x20,0x10,0x20,0x00,0x20 } },
  { 0x51fa, { 0x01,0x00,0x01,0x00,0x21,0x08,0x21,0x08,0x21,0x08,0x21,0x08,0x3f,0xf8,0x01,0x08,0x01,0x00,0x01,0x00,0x41,0x04,0x41,0x04,0x41,0x04,0x41,0x04,0x7f,0xfc,0x00,0x04 } },
  { 0x521d, { 0x10,0x00,0x08,0x00,0x00,0xfe,0x7e,0x22,0x04,0x22,0x08,0x22,0x08,0x22,0x1a,0x22,0x2c,0x22,0x4a,0x22,0x0a,0x22,0x08,0x42,0x08,0x42,0x08,0x82,0x09,0x14,0x0a,0x08 } },
  { 0x9664, { 0x00,0x40,0x78,0x40,0x48,0xa0,0x51,0x10,0x52,0x08,0x65,0xf6,0x50,0x40,0x48,0x40,0x4f,0xfc,0x48,0x40,0x6a,0x50,0x52,0x48,0x44,0x44,0x48,0x44,0x41,0x40,0x40,0x80 } },
  { 0x695a, { 0x08,0x20,0x08,0x20,0x7e,0xfc,0x08,0x20,0x1c,0x70,0x2a,0xa8,0xc8,0x24,0x00,0x00,0x7f,0xfc,0x01,0x04,0x11,0x00,0x11,0xf8,0x11,0x00,0x29,0x00,0x47,0xfe,0x80,0x00 } },
  { 0x5904, { 0x10,0x40,0x10,0x40,0x10,0x40,0x1e,0x40,0x12,0x60,0x22,0x50,0x22,0x48,0x52,0x44,0x94,0x44,0x14,0x40,0x08,0x40,0x08,0x40,0x14,0x40,0x23,0x00,0x40,0xfe,0x80,0x00 } },
  { 0x89e6, { 0x20,0x20,0x20,0x20,0x78,0x20,0x49,0xfc,0x91,0x24,0x7d,0x24,0x55,0x24,0x55,0x24,0x7d,0xfc,0x55,0x24,0x54,0x20,0x7c,0x28,0x54,0x24,0x57,0xfe,0x45,0x02,0x8c,0x00 } },
  { 0x4f20, { 0x08,0x40,0x08,0x40,0x08,0x40,0x13,0xf8,0x10,0x40,0x30,0x80,0x37,0xfe,0x50,0x80,0x91,0x00,0x13,0xf8,0x10,0x08,0x11,0x10,0x10,0xa0,0x10,0x40,0x10,0x20,0x10,0x20 } },
  { 0x4e32, { 0x01,0x00,0x01,0x00,0x3f,0xf8,0x21,0x08,0x21,0x08,0x3f,0xf8,0x01,0x00,0x01,0x00,0x7f,0xfc,0x41,0x04,0x41,0x04,0x7f,0xfc,0x41,0x04,0x01,0x00,0x01,0x00,0x01,0x00 } },
  { 0x7a97, { 0x02,0x00,0x01,0x00,0x7f,0xfe,0x48,0x22,0x92,0x14,0x04,0x00,0x3f,0xf8,0x22,0x08,0x23,0xc8,0x24,0x48,0x2a,0x88,0x21,0x08,0x22,0x88,0x24,0x08,0x3f,0xf8,0x20,0x08 } },
  { 0x7eaf, { 0x10,0x40,0x10,0x40,0x20,0x40,0x23,0xfc,0x48,0x40,0xfa,0x48,0x12,0x48,0x22,0x48,0x42,0x48,0xfb,0xf8,0x40,0x48,0x00,0x40,0x18,0x42,0xe0,0x42,0x40,0x3e,0x00,0x00 } },
  { 0x6233, { 0x00,0x20,0xee,0x28,0x22,0x24,0xaa,0x24,0x66,0x20,0xaa,0x3e,0x01,0xe0,0x24,0x24,0x7f,0x24,0xc8,0x28,0x7e,0x28,0x48,0x10,0x7e,0x32,0x48,0x4a,0x7f,0x86,0x41,0x02 } },
  { 0x78c1, { 0x01,0x08,0x00,0x88,0xf0,0x90,0x27,0xfe,0x21,0x08,0x41,0x08,0x72,0x10,0xd2,0x94,0x54,0xa4,0x57,0x38,0x51,0x08,0x52,0x10,0x72,0x10,0x54,0xa4,0x07,0xbc,0x00,0x84 } },
  { 0x6b64, { 0x04,0x40,0x04,0x40,0x04,0x40,0x24,0x44,0x24,0x48,0x27,0x50,0x24,0x60,0x24,0x40,0x24,0x40,0x24,0x40,0x24,0x40,0x24,0x42,0x2f,0x42,0xf0,0x42,0x40,0x3e,0x00,0x00 } },
  { 0x6b21, { 0x00,0x80,0x40,0x80,0x20,0x80,0x20,0xfc,0x01,0x04,0x09,0x08,0x0a,0x40,0x14,0x40,0x10,0x40,0xe0,0xa0,0x20,0xa0,0x21,0x10,0x21,0x10,0x22,0x08,0x24,0x04,0x08,0x02 } },
  { 0x523a, { 0x04,0x02,0x04,0x02,0x7f,0xc2,0x04,0x12,0x04,0x12,0x3f,0x92,0x24,0x92,0x24,0x92,0x26,0x92,0x25,0x12,0x0e,0x12,0x15,0x12,0x24,0x82,0x44,0x42,0x04,0x0a,0x04,0x04 } },
  { 0x4ece, { 0x08,0x20,0x08,0x20,0x08,0x20,0x08,0x20,0x08,0x20,0x08,0x20,0x08,0x20,0x08,0x20,0x08,0x50,0x14,0x50,0x12,0x50,0x12,0x88,0x20,0x88,0x21,0x04,0x42,0x04,0x84,0x02 } },
  { 0x5b58, { 0x04,0x00,0x04,0x00,0xff,0xfe,0x08,0x00,0x08,0x00,0x13,0xf8,0x10,0x10,0x30,0x20,0x50,0x40,0x97,0xfe,0x10,0x40,0x10,0x40,0x10,0x40,0x10,0x40,0x11,0x40,0x10,0x80 } },
  { 0x9519, { 0x21,0x10,0x21,0x10,0x39,0x10,0x27,0xfc,0x41,0x10,0x79,0x10,0xaf,0xfe,0x20,0x00,0xfb,0xf8,0x22,0x08,0x22,0x08,0x23,0xf8,0x2a,0x08,0x32,0x08,0x23,0xf8,0x02,0x08 } },
  { 0x8fbe, { 0x00,0x40,0x20,0x40,0x10,0x40,0x10,0x40,0x07,0xfe,0x00,0x40,0xf0,0x40,0x10,0xa0,0x10,0x90,0x11,0x08,0x12,0x04,0x14,0x04,0x10,0x00,0x28,0x00,0x47,0xfe,0x00,0x00 } },
  { 0x7b54, { 0x10,0x40,0x10,0x40,0x3f,0x7e,0x28,0x90,0x45,0x08,0x82,0x80,0x0c,0x60,0x30,0x18,0xcf,0xe6,0x00,0x00,0x1f,0xf0,0x10,0x10,0x10,0x10,0x10,0x10,0x1f,0xf0,0x10,0x10 } },
  { 0x6253, { 0x10,0x00,0x10,0x00,0x13,0xfe,0x10,0x20,0xfc,0x20,0x10,0x20,0x10,0x20,0x14,0x20,0x18,0x20,0x30,0x20,0xd0,0x20,0x10,0x20,0x10,0x20,0x10,0x20,0x50,0xa0,0x20,0x40 } },
  { 0x5927, { 0x01,0x00,0x01,0x00,0x01,0x00,0x01,0x00,0x01,0x00,0xff,0xfe,0x01,0x00,0x01,0x00,0x02,0x80,0x02,0x80,0x04,0x40,0x04,0x40,0x08,0x20,0x10,0x10,0x20,0x08,0xc0,0x06 } },
  { 0x4ee3, { 0x08,0x90,0x08,0x88,0x08,0x88,0x10,0x80,0x10,0xbe,0x37,0xc0,0x30,0x80,0x50,0x40,0x90,0x40,0x10,0x40,0x10,0x20,0x10,0x22,0x10,0x12,0x10,0x0a,0x10,0x06,0x10,0x02 } },
  { 0x5e26, { 0x09,0x20,0x09,0x20,0x7f,0xfc,0x09,0x20,0x09,0x20,0x00,0x00,0x7f,0xfe,0x41,0x02,0x81,0x04,0x1f,0xf0,0x11,0x10,0x11,0x10,0x11,0x50,0x11,0x20,0x01,0x00,0x01,0x00 } },
  { 0x5f85, { 0x08,0x40,0x08,0x40,0x10,0x40,0x23,0xfc,0x48,0x40,0x08,0x40,0x17,0xfe,0x30,0x10,0x50,0x10,0x97,0xfe,0x10,0x10,0x12,0x10,0x11,0x10,0x11,0x10,0x10,0x50,0x10,0x20 } },
  { 0x5355, { 0x10,0x10,0x08,0x20,0x04,0x40,0x3f,0xf8,0x21,0x08,0x21,0x08,0x3f,0xf8,0x21,0x08,0x21,0x08,0x3f,0xf8,0x01,0x00,0x01,0x00,0xff,0xfe,0x01,0x00,0x01,0x00,0x01,0x00 } },
  { 0x65e6, { 0x00,0x00,0x1f,0xf0,0x10,0x10,0x10,0x10,0x10,0x10,0x10,0x10,0x1f,0xf0,0x10,0x10,0x10,0x10,0x10,0x10,0x10,0x10,0x1f,0xf0,0x00,0x00,0x00,0x00,0xff,0xfe,0x00,0x00 } },
  { 0x4f46, { 0x08,0x00,0x08,0x00,0x0b,0xfc,0x12,0x04,0x12,0x04,0x32,0x04,0x33,0xfc,0x52,0x04,0x92,0x04,0x12,0x04,0x13,0xfc,0x12,0x04,0x10,0x00,0x10,0x00,0x17,0xfe,0x10,0x00 } },
  { 0x5f39, { 0x01,0x04,0xf8,0x88,0x08,0x50,0x09,0xfc,0x09,0x24,0x79,0x24,0x41,0xfc,0x41,0x24,0x41,0x24,0x79,0xfc,0x08,0x20,0x08,0x20,0x0b,0xfe,0x08,0x20,0x50,0x20,0x20,0x20 } },
  { 0x5f53, { 0x00,0x80,0x10,0x84,0x08,0x84,0x04,0x88,0x04,0x90,0x00,0x80,0x3f,0xfc,0x00,0x04,0x00,0x04,0x00,0x04,0x1f,0xfc,0x00,0x04,0x00,0x04,0x00,0x04,0x3f,0xfc,0x00,0x04 } },
  { 0x6863, { 0x08,0x10,0x08,0x92,0x08,0x52,0x08,0x52,0x7e,0x54,0x08,0x10,0x19,0xfe,0x1c,0x02,0x2a,0x02,0x28,0x02,0x48,0xfe,0x08,0x02,0x08,0x02,0x08,0x02,0x09,0xfe,0x08,0x02 } },
  { 0x5202, { 0x00,0x40,0x00,0x40,0x00,0x40,0x04,0x40,0x04,0x40,0x04,0x40,0x04,0x40,0x04,0x40,0x04,0x40,0x04,0x40,0x04,0x40,0x00,0x40,0x00,0x40,0x00,0x40,0x01,0x40,0x00,0x80 } },
  { 0x5230, { 0x00,0x02,0x7f,0xc2,0x04,0x02,0x08,0x12,0x11,0x12,0x20,0x92,0x7f,0xd2,0x04,0x52,0x04,0x12,0x04,0x12,0x3f,0x92,0x04,0x12,0x04,0x02,0x07,0xc2,0x7c,0x0a,0x20,0x04 } },
  { 0x5012, { 0x08,0x02,0x08,0x02,0x0f,0xe2,0x11,0x0a,0x11,0x0a,0x32,0x4a,0x33,0xea,0x50,0x8a,0x10,0x8a,0x13,0xea,0x10,0x8a,0x10,0x8a,0x10,0xe2,0x17,0x02,0x12,0x0a,0x10,0x04 } },
  { 0x9053, { 0x02,0x08,0x21,0x10,0x10,0x00,0x17,0xfc,0x00,0x80,0x03,0xf8,0xf2,0x08,0x13,0xf8,0x12,0x08,0x13,0xf8,0x12,0x08,0x13,0xf8,0x12,0x08,0x28,0x00,0x47,0xfe,0x00,0x00 } },
  { 0x5f97, { 0x08,0x00,0x0b,0xf8,0x12,0x08,0x23,0xf8,0x4a,0x08,0x0b,0xf8,0x10,0x00,0x33,0xfc,0x50,0x10,0x97,0xfe,0x10,0x10,0x12,0x10,0x11,0x10,0x10,0x10,0x10,0x50,0x10,0x20 } },
  { 0x5730, { 0x10,0x20,0x10,0x20,0x10,0x20,0x11,0x20,0x11,0x2c,0xfd,0x34,0x11,0x64,0x13,0xa4,0x11,0x24,0x11,0x34,0x11,0x28,0x1d,0x22,0xe1,0x22,0x41,0x02,0x00,0xfe,0x00,0x00 } },
  { 0x7684, { 0x10,0x40,0x10,0x40,0x20,0x40,0x7e,0x7c,0x42,0x84,0x42,0x84,0x43,0x04,0x42,0x44,0x7e,0x24,0x42,0x24,0x42,0x04,0x42,0x04,0x42,0x04,0x7e,0x04,0x42,0x28,0x00,0x10 } },
  { 0x706f, { 0x10,0x00,0x10,0x00,0x13,0xfe,0x10,0x20,0x54,0x20,0x58,0x20,0x50,0x20,0x90,0x20,0x10,0x20,0x10,0x20,0x10,0x20,0x28,0x20,0x24,0x20,0x44,0x20,0x40,0xa0,0x80,0x40 } },
  { 0x7b49, { 0x20,0x40,0x3f,0x7e,0x48,0x90,0x85,0x08,0x01,0x00,0x3f,0xf8,0x01,0x00,0x01,0x00,0xff,0xfe,0x00,0x00,0x00,0x20,0x7f,0xfc,0x08,0x20,0x04,0x20,0x04,0xa0,0x00,0x40 } },
  { 0x4f4e, { 0x08,0x08,0x08,0x3c,0x0b,0xe0,0x12,0x20,0x12,0x20,0x32,0x20,0x32,0x20,0x53,0xfe,0x92,0x20,0x12,0x10,0x12,0x10,0x12,0x12,0x12,0x0a,0x12,0x8a,0x13,0x26,0x12,0x12 } },
  { 0x5e95, { 0x01,0x00,0x00,0x80,0x3f,0xfe,0x20,0x00,0x20,0x3c,0x27,0xc0,0x24,0x40,0x24,0x40,0x24,0x40,0x27,0xfe,0x24,0x20,0x24,0x20,0x24,0x12,0x45,0x0a,0x46,0x46,0x84,0x22 } },
  { 0x7b2c, { 0x20,0x40,0x3f,0x7e,0x48,0x90,0x85,0x08,0x3f,0xf8,0x01,0x08,0x01,0x08,0x3f,0xf8,0x21,0x00,0x21,0x00,0x3f,0xfc,0x03,0x04,0x05,0x04,0x19,0x28,0xe1,0x10,0x01,0x00 } },
  { 0x5178, { 0x04,0x40,0x04,0x40,0x04,0x40,0x3f,0xf8,0x24,0x48,0x24,0x48,0x24,0x48,0x3f,0xf8,0x24,0x48,0x24,0x48,0x24,0x48,0xff,0xfe,0x04,0x40,0x08,0x20,0x10,0x10,0x20,0x08 } },
  { 0x70b9, { 0x01,0x00,0x01,0x00,0x01,0x00,0x01,0xfe,0x01,0x00,0x01,0x00,0x1f,0xf8,0x10,0x08,0x10,0x08,0x10,0x08,0x1f,0xf8,0x00,0x00,0x12,0x44,0x11,0x22,0x21,0x22,0x40,0x02 } },
  { 0x7535, { 0x02,0x00,0x02,0x00,0x02,0x00,0x7f,0xf0,0x42,0x10,0x42,0x10,0x42,0x10,0x7f,0xf0,0x42,0x10,0x42,0x10,0x42,0x10,0x7f,0xf0,0x42,0x14,0x02,0x04,0x02,0x04,0x01,0xfc } },
  { 0x8c03, { 0x23,0xfe,0x12,0x22,0x12,0x22,0x02,0xfa,0x02,0x22,0x72,0x22,0x13,0xfe,0x12,0x02,0x12,0xfa,0x12,0x8a,0x16,0x8a,0x1a,0xfa,0x12,0x02,0x02,0x0a,0x04,0x04,0x00,0x00 } },
  { 0x6389, { 0x10,0x20,0x10,0x20,0x10,0x3e,0x10,0x20,0xfd,0xfc,0x11,0x04,0x15,0xfc,0x19,0x04,0x31,0xfc,0xd1,0x24,0x10,0x20,0x13,0xfe,0x10,0x20,0x10,0x20,0x50,0x20,0x20,0x20 } },
  { 0x53e0, { 0x1f,0xe0,0x04,0x40,0x03,0x80,0x0c,0x40,0x7e,0xfc,0x22,0x44,0x1c,0x38,0x62,0x44,0x00,0x00,0xff,0xfe,0x90,0x12,0x1f,0xf0,0x10,0x10,0x1f,0xf0,0x10,0x10,0xff,0xfe } },
  { 0x76ef, { 0x00,0x00,0x7b,0xfe,0x48,0x20,0x48,0x20,0x78,0x20,0x48,0x20,0x48,0x20,0x78,0x20,0x48,0x20,0x48,0x20,0x48,0x20,0x78,0x20,0x48,0x20,0x00,0xa0,0x00,0x40,0x00,0x00 } },
  { 0x9876, { 0x01,0xfe,0xfe,0x20,0x10,0x40,0x11,0xfc,0x11,0x04,0x11,0x24,0x11,0x24,0x11,0x24,0x11,0x24,0x11,0x24,0x11,0x44,0x10,0x50,0x50,0x88,0x21,0x04,0x02,0x02,0x00,0x00 } },
  { 0x5b9a, { 0x02,0x00,0x01,0x00,0x7f,0xfe,0x40,0x02,0x80,0x04,0x00,0x00,0x3f,0xf8,0x01,0x00,0x01,0x00,0x11,0x00,0x11,0xf8,0x11,0x00,0x11,0x00,0x29,0x00,0x47,0xfe,0x80,0x00 } },
  { 0x4e22, { 0x00,0x10,0x00,0xf8,0x3f,0x00,0x01,0x00,0x01,0x00,0x3f,0xf8,0x01,0x00,0x01,0x00,0x01,0x00,0xff,0xfe,0x02,0x00,0x04,0x00,0x08,0x20,0x10,0x10,0x3f,0xf8,0x10,0x08 } },
  { 0x4e1c, { 0x02,0x00,0x02,0x00,0x02,0x00,0x7f,0xfc,0x04,0x00,0x09,0x00,0x11,0x00,0x21,0x00,0x3f,0xf8,0x01,0x00,0x09,0x20,0x11,0x10,0x21,0x08,0x41,0x04,0x05,0x00,0x02,0x00 } },
  { 0x61c2, { 0x21,0x10,0x27,0xfe,0x21,0x10,0x23,0xf8,0x30,0x40,0xaf,0xfc,0xa0,0x40,0xa3,0xf8,0xa2,0x48,0x23,0xf8,0x22,0x48,0x23,0xf8,0x20,0x40,0x27,0xfc,0x20,0x40,0x2f,0xfe } },
  { 0x52a8, { 0x00,0x20,0x00,0x20,0x3e,0x20,0x00,0x20,0x00,0xfe,0x00,0x22,0x7f,0x22,0x10,0x22,0x10,0x22,0x10,0x42,0x24,0x42,0x22,0x42,0x7e,0x82,0x22,0x82,0x01,0x14,0x02,0x08 } },
  { 0x51bb, { 0x00,0x40,0x40,0x40,0x20,0x40,0x27,0xfe,0x00,0x80,0x09,0x20,0x09,0x20,0x12,0x20,0x13,0xfc,0xe0,0x20,0x21,0x28,0x21,0x24,0x22,0x22,0x24,0x22,0x20,0xa0,0x00,0x40 } },
  { 0x90fd, { 0x08,0x00,0x08,0xbe,0x7e,0xa2,0x09,0x24,0x0a,0x24,0xff,0xe8,0x08,0x24,0x10,0x24,0x3f,0x22,0x61,0x22,0xa1,0x22,0x3f,0x34,0x21,0x28,0x21,0x20,0x3f,0x20,0x21,0x20 } },
  { 0x515c, { 0x01,0x00,0x12,0x00,0x67,0xdc,0x44,0x44,0x44,0x44,0x47,0xc4,0x44,0x44,0x44,0x44,0x57,0xc4,0x60,0x1c,0x04,0x40,0x04,0x40,0x04,0x40,0x08,0x44,0x10,0x44,0x60,0x3c } },
  { 0x6296, { 0x10,0x10,0x11,0x10,0x10,0x90,0x10,0x90,0xfc,0x10,0x11,0x10,0x10,0x90,0x14,0x90,0x18,0x10,0x30,0x1e,0xd3,0xf0,0x10,0x10,0x10,0x10,0x10,0x10,0x50,0x10,0x20,0x10 } },
  { 0x72ec, { 0x00,0x20,0x44,0x20,0x28,0x20,0x11,0xfc,0x29,0x24,0x49,0x24,0x89,0x24,0x09,0x24,0x19,0xfc,0x29,0x24,0x48,0x20,0x88,0x28,0x08,0x24,0x0b,0xfe,0x51,0x02,0x20,0x00 } },
  { 0x8bfb, { 0x00,0x20,0x20,0x20,0x11,0xfc,0x10,0x20,0x00,0x20,0x03,0xfe,0xf0,0x02,0x10,0x94,0x10,0x50,0x11,0x10,0x10,0x90,0x13,0xfe,0x14,0x28,0x18,0x44,0x10,0x82,0x03,0x02 } },
  { 0x675c, { 0x10,0x20,0x10,0x20,0x10,0x20,0x10,0x20,0xfc,0x20,0x10,0x20,0x33,0xfe,0x38,0x20,0x54,0x20,0x54,0x20,0x90,0x20,0x10,0x20,0x10,0x20,0x10,0x20,0x17,0xfe,0x10,0x00 } },
  { 0x5ea6, { 0x01,0x00,0x00,0x80,0x3f,0xfe,0x22,0x20,0x22,0x20,0x3f,0xfc,0x22,0x20,0x22,0x20,0x23,0xe0,0x20,0x00,0x2f,0xf0,0x24,0x10,0x42,0x20,0x41,0xc0,0x86,0x30,0x38,0x0e } },
  { 0x7aef, { 0x20,0x20,0x11,0x24,0x11,0x24,0xfd,0x24,0x01,0xfc,0x08,0x00,0x8b,0xfe,0x88,0x20,0x48,0x40,0x49,0xfc,0x51,0x54,0x51,0x54,0x1d,0x54,0xe1,0x54,0x41,0x54,0x01,0x0c } },
  { 0x77ed, { 0x20,0x00,0x21,0xfe,0x3c,0x00,0x50,0x00,0x90,0xfc,0x10,0x84,0x10,0x84,0xfe,0x84,0x10,0xfc,0x10,0x00,0x10,0x84,0x28,0x44,0x24,0x48,0x44,0x00,0x41,0xfe,0x80,0x00 } },
  { 0x6bb5, { 0x06,0x00,0x38,0xf8,0x20,0x88,0x20,0x88,0x20,0x88,0x3c,0x86,0x21,0x00,0x20,0x00,0x3d,0xfc,0x20,0x84,0x20,0x88,0x2c,0x50,0xf0,0x20,0x20,0x50,0x20,0x88,0x23,0x06 } },
  { 0x65ad, { 0x04,0x00,0x04,0x04,0x55,0x78,0x4e,0x40,0x44,0x40,0x7f,0x40,0x44,0x7e,0x4e,0x48,0x55,0x48,0x65,0x48,0x44,0x48,0x44,0x48,0x40,0x48,0x7f,0x88,0x00,0x88,0x01,0x08 } },
  { 0x5806, { 0x21,0x40,0x21,0x20,0x21,0x20,0x23,0xfe,0x22,0x20,0xfe,0x20,0x2b,0xfc,0x22,0x20,0x22,0x20,0x23,0xfc,0x22,0x20,0x3a,0x20,0xe2,0x20,0x43,0xfe,0x02,0x00,0x02,0x00 } },
  { 0x5bf9, { 0x00,0x10,0x00,0x10,0x00,0x10,0x7e,0x10,0x02,0xfe,0x02,0x10,0x24,0x10,0x14,0x90,0x08,0x50,0x08,0x50,0x14,0x10,0x12,0x10,0x22,0x10,0x40,0x10,0x00,0x50,0x00,0x20 } },
  { 0x591a, { 0x01,0x00,0x01,0x00,0x03,0xf8,0x04,0x10,0x1c,0x20,0x02,0x40,0x01,0xa0,0x06,0x40,0x38,0xfc,0x01,0x04,0x06,0x08,0x19,0x10,0x00,0xa0,0x00,0xc0,0x07,0x00,0x38,0x00 } },
  { 0x8eb2, { 0x10,0x00,0x20,0xf8,0x7c,0x88,0x44,0x88,0x7c,0x88,0x44,0x88,0x7d,0x26,0x46,0x20,0x45,0xfe,0xfc,0x20,0x0c,0x70,0x14,0xa8,0x25,0x24,0x46,0x22,0x94,0x20,0x08,0x20 } },
  { 0x6441, { 0x20,0x00,0x27,0xfc,0x24,0x44,0x24,0x44,0xf7,0xfc,0x24,0x44,0x24,0xa4,0x25,0x14,0x34,0x04,0xe7,0xfc,0x20,0x40,0x20,0x24,0x25,0x22,0x25,0x0a,0xa9,0x08,0x40,0xf8 } },
  { 0x800c, { 0x7f,0xfc,0x01,0x00,0x01,0x00,0x02,0x00,0x3f,0xf8,0x24,0x88,0x24,0x88,0x24,0x88,0x24,0x88,0x24,0x88,0x24,0x88,0x24,0x88,0x24,0x88,0x20,0x28,0x20,0x10,0x00,0x00 } },
  { 0x4e8c, { 0x00,0x00,0x00,0x00,0x00,0x00,0x3f,0xf8,0x00,0x00,0x00,0x00,0x00,0x00,0x00,0x00,0x00,0x00,0x00,0x00,0x00,0x00,0x00,0x00,0xff,0xfe,0x00,0x00,0x00,0x00,0x00,0x00 } },
  { 0x53d1, { 0x01,0x00,0x11,0x10,0x11,0x08,0x22,0x00,0x3f,0xfc,0x02,0x00,0x04,0x00,0x07,0xf8,0x0a,0x08,0x09,0x08,0x11,0x10,0x10,0xa0,0x20,0x40,0x40,0xa0,0x03,0x18,0x1c,0x06 } },
  { 0x6cd5, { 0x00,0x40,0x20,0x40,0x10,0x40,0x10,0x40,0x87,0xfc,0x40,0x40,0x40,0x40,0x10,0x40,0x1f,0xfe,0x20,0x40,0xe0,0x80,0x21,0x00,0x22,0x10,0x24,0x08,0x2f,0xfc,0x04,0x04 } },
  { 0x7ffb, { 0x07,0x00,0x78,0xee,0x49,0x22,0x2a,0x22,0x7f,0xaa,0x1c,0x66,0x2a,0x22,0x41,0x22,0x3e,0x26,0x2a,0x6a,0x2a,0xb2,0x3e,0x22,0x2a,0x22,0x2a,0x22,0x3e,0xaa,0x22,0x44 } },
  { 0x70e6, { 0x10,0x00,0x13,0xfe,0x10,0x20,0x10,0x40,0x55,0xfc,0x59,0x04,0x51,0x04,0x91,0x24,0x11,0x24,0x11,0x24,0x11,0x24,0x29,0x44,0x24,0x50,0x44,0x88,0x41,0x04,0x82,0x04 } },
  { 0x53cd, { 0x00,0x10,0x00,0xf8,0x3f,0x00,0x20,0x00,0x20,0x00,0x3f,0xf8,0x24,0x08,0x24,0x10,0x22,0x10,0x22,0x20,0x21,0x40,0x20,0x80,0x41,0x40,0x42,0x20,0x8c,0x18,0x30,0x06 } },
  { 0x8fd4, { 0x00,0x08,0x20,0x3c,0x13,0xc0,0x12,0x00,0x02,0x00,0x03,0xfc,0xf2,0x04,0x12,0x88,0x12,0x50,0x12,0x20,0x12,0x50,0x14,0x88,0x15,0x04,0x28,0x00,0x47,0xfe,0x00,0x00 } },
  { 0x8303, { 0x04,0x40,0x04,0x40,0xff,0xfe,0x04,0x40,0x10,0x00,0x09,0xf8,0x49,0x08,0x21,0x08,0x25,0x08,0x05,0x28,0x09,0x10,0x71,0x02,0x11,0x02,0x11,0x02,0x10,0xfe,0x00,0x00 } },
  { 0x65b9, { 0x02,0x00,0x01,0x00,0x01,0x00,0xff,0xfe,0x04,0x00,0x04,0x00,0x04,0x00,0x07,0xf0,0x04,0x10,0x04,0x10,0x04,0x10,0x08,0x10,0x08,0x10,0x10,0x10,0x20,0xa0,0x40,0x40 } },
  { 0x9632, { 0x00,0x40,0x7c,0x20,0x44,0x20,0x4b,0xfe,0x48,0x80,0x50,0x80,0x48,0x80,0x48,0xfc,0x44,0x84,0x44,0x84,0x44,0x84,0x68,0x84,0x51,0x04,0x41,0x04,0x42,0x28,0x44,0x10 } },
  { 0x653e, { 0x20,0x40,0x10,0x40,0x00,0x40,0xfe,0x80,0x20,0xfe,0x21,0x08,0x3e,0x88,0x24,0x88,0x24,0x88,0x24,0x50,0x24,0x50,0x24,0x20,0x44,0x50,0x54,0x88,0x89,0x04,0x02,0x02 } },
  { 0x975e, { 0x04,0x40,0x04,0x40,0x04,0x40,0xfc,0x7e,0x04,0x40,0x04,0x40,0x04,0x40,0x7c,0x7c,0x04,0x40,0x04,0x40,0x04,0x40,0x04,0x40,0xfc,0x7e,0x04,0x40,0x04,0x40,0x04,0x40 } },
  { 0x5e9f, { 0x01,0x00,0x00,0x80,0x3f,0xfe,0x20,0x80,0x24,0x90,0x28,0x88,0x2f,0xfe,0x21,0x00,0x21,0xfc,0x22,0x84,0x22,0x88,0x24,0x50,0x24,0x20,0x48,0x50,0x51,0x88,0x86,0x06 } },
  { 0x5206, { 0x00,0x40,0x04,0x40,0x04,0x20,0x08,0x20,0x10,0x10,0x20,0x08,0x40,0x04,0x9f,0xe2,0x04,0x20,0x04,0x20,0x04,0x20,0x08,0x20,0x08,0x20,0x10,0x20,0x21,0x40,0x40,0x80 } },
  { 0x4efd, { 0x08,0x10,0x08,0x90,0x08,0x90,0x10,0x88,0x11,0x08,0x31,0x04,0x32,0x04,0x55,0xfa,0x90,0x88,0x10,0x88,0x10,0x88,0x10,0x88,0x11,0x08,0x11,0x08,0x12,0x28,0x14,0x10 } },
  { 0x5c01, { 0x08,0x08,0x08,0x08,0x08,0x08,0x7f,0x08,0x08,0x7e,0x08,0x08,0xff,0x08,0x00,0x48,0x08,0x28,0x08,0x28,0x7f,0x08,0x08,0x08,0x08,0x08,0x0f,0x08,0xf0,0x28,0x40,0x10 } },
  { 0x5426, { 0x7f,0xfc,0x00,0x80,0x01,0x00,0x03,0x00,0x05,0x60,0x09,0x18,0x31,0x04,0xc1,0x02,0x00,0x00,0x1f,0xf0,0x10,0x10,0x10,0x10,0x10,0x10,0x1f,0xf0,0x10,0x10,0x00,0x00 } },
  { 0x670d, { 0x3e,0xfc,0x22,0x84,0x22,0x84,0x22,0x94,0x3e,0x88,0x22,0x80,0x22,0xfc,0x22,0xa4,0x3e,0xa4,0x22,0xa8,0x22,0xa8,0x22,0x90,0x42,0xa8,0x4a,0xc4,0x84,0x82,0x00,0x00 } },
  { 0x7b26, { 0x10,0x40,0x10,0x40,0x3f,0x7e,0x48,0x90,0x85,0x08,0x08,0x10,0x08,0x10,0x13,0xfe,0x30,0x10,0x51,0x10,0x90,0x90,0x10,0x90,0x10,0x10,0x10,0x10,0x10,0x50,0x10,0x20 } },
  { 0x5e45, { 0x10,0x00,0x11,0xfe,0x10,0x00,0x7c,0xf8,0x54,0x88,0x54,0x88,0x54,0xf8,0x54,0x00,0x55,0xfc,0x55,0x24,0x55,0x24,0x5d,0xfc,0x11,0x24,0x11,0x24,0x11,0xfc,0x11,0x04 } },
  { 0x9644, { 0x00,0x88,0x7c,0x88,0x44,0x88,0x49,0x08,0x49,0x7e,0x53,0x08,0x4d,0x08,0x49,0x48,0x45,0x28,0x45,0x28,0x45,0x08,0x69,0x08,0x51,0x08,0x41,0x08,0x41,0x28,0x41,0x10 } },
  { 0x590d, { 0x10,0x00,0x10,0x00,0x1f,0xfc,0x20,0x00,0x5f,0xf0,0x90,0x10,0x1f,0xf0,0x10,0x10,0x1f,0xf0,0x04,0x00,0x0f,0xf0,0x18,0x20,0x64,0x40,0x03,0x80,0x1c,0x70,0xe0,0x0e } },
  { 0x8d4b, { 0x00,0x08,0x7c,0x0c,0x44,0xea,0x44,0x0a,0x54,0x08,0x55,0xfe,0x54,0x48,0x54,0x48,0x55,0x48,0x55,0x68,0x55,0x48,0x11,0x48,0x29,0x4a,0x25,0x6a,0x43,0x86,0x81,0x02 } },
  { 0x8986, { 0xff,0xfe,0x04,0x40,0x3f,0xf8,0x24,0x48,0x3f,0xf8,0x12,0x00,0x27,0xfc,0x42,0x08,0x8b,0xf8,0x12,0x08,0x33,0xf8,0x51,0x00,0x93,0xf8,0x15,0x10,0x10,0xe0,0x17,0x1e } },
  { 0x8be5, { 0x00,0x80,0x40,0x40,0x2f,0xfe,0x20,0x80,0x01,0x10,0x01,0x10,0xe2,0x24,0x27,0xe4,0x20,0x48,0x20,0x88,0x21,0x10,0x2a,0x20,0x34,0x50,0x20,0x88,0x03,0x04,0x0c,0x04 } },
  { 0x6539, { 0x00,0x40,0x00,0x40,0xfc,0x80,0x04,0xfe,0x05,0x08,0x05,0x08,0x06,0x88,0x7c,0x88,0x40,0x88,0x40,0x50,0x40,0x50,0x44,0x20,0x58,0x50,0x60,0x88,0x41,0x04,0x02,0x02 } },
  { 0x76d6, { 0x08,0x20,0x04,0x40,0x7f,0xfc,0x01,0x00,0x01,0x00,0x3f,0xf8,0x01,0x00,0x01,0x00,0xff,0xfe,0x00,0x00,0x00,0x00,0x3f,0xf8,0x24,0x48,0x24,0x48,0x24,0x48,0xff,0xfe } },
  { 0x611f, { 0x00,0x28,0x00,0x24,0x3f,0xfe,0x20,0x20,0x2f,0xa4,0x20,0x24,0x2f,0xa8,0x28,0x98,0x28,0x92,0x4f,0xaa,0x40,0x46,0x80,0x82,0x01,0x00,0x48,0x84,0x48,0x12,0x87,0xf2 } },
  { 0x5e72, { 0x3f,0xf8,0x01,0x00,0x01,0x00,0x01,0x00,0x01,0x00,0x01,0x00,0xff,0xfe,0x01,0x00,0x01,0x00,0x01,0x00,0x01,0x00,0x01,0x00,0x01,0x00,0x01,0x00,0x01,0x00,0x00,0x00 } },
  { 0x521a, { 0x00,0x04,0x7f,0x04,0x41,0x04,0x41,0x24,0x65,0x24,0x55,0x24,0x55,0x24,0x49,0x24,0x49,0x24,0x55,0x24,0x55,0x24,0x65,0x24,0x41,0x04,0x41,0x04,0x45,0x14,0x42,0x08 } },
  { 0x9ad8, { 0x02,0x00,0x01,0x00,0xff,0xfe,0x00,0x00,0x0f,0xe0,0x08,0x20,0x08,0x20,0x0f,0xe0,0x00,0x00,0x7f,0xfc,0x40,0x04,0x4f,0xe4,0x48,0x24,0x48,0x24,0x4f,0xe4,0x40,0x0c } },
  { 0x641e, { 0x10,0x40,0x10,0x20,0x13,0xfe,0x10,0x00,0xfd,0xfc,0x11,0x04,0x11,0xfc,0x14,0x00,0x1b,0xfe,0x32,0x02,0xd2,0xfa,0x12,0x8a,0x12,0xfa,0x12,0x02,0x52,0x0a,0x22,0x04 } },
  { 0x544a, { 0x01,0x00,0x11,0x00,0x11,0x00,0x1f,0xf8,0x21,0x00,0x41,0x00,0x01,0x00,0xff,0xfe,0x00,0x00,0x00,0x00,0x1f,0xf0,0x10,0x10,0x10,0x10,0x10,0x10,0x1f,0xf0,0x10,0x10 } },
  { 0x683c, { 0x10,0x80,0x10,0x80,0x10,0xf8,0x11,0x08,0xfb,0x10,0x14,0xa0,0x30,0x40,0x38,0xa0,0x55,0x18,0x52,0x06,0x95,0xf8,0x11,0x08,0x11,0x08,0x11,0x08,0x11,0xf8,0x11,0x08 } },
  { 0x9694, { 0x7b,0xfe,0x48,0x00,0x51,0xfc,0x51,0x04,0x61,0x04,0x51,0xfc,0x48,0x00,0x4b,0xfe,0x4a,0x8a,0x6a,0x52,0x53,0xfe,0x42,0x22,0x42,0x22,0x42,0x2a,0x42,0x04,0x00,0x00 } },
  { 0x4e2a, { 0x01,0x00,0x01,0x00,0x02,0x80,0x04,0x40,0x08,0x20,0x10,0x10,0x21,0x08,0xc1,0x06,0x01,0x00,0x01,0x00,0x01,0x00,0x01,0x00,0x01,0x00,0x01,0x00,0x01,0x00,0x01,0x00 } },
  { 0x7ed9, { 0x10,0x40,0x10,0x40,0x20,0xa0,0x21,0x10,0x4a,0x08,0xf4,0x06,0x13,0xf8,0x20,0x00,0x40,0x00,0xfb,0xf8,0x42,0x08,0x02,0x08,0x1a,0x08,0xe2,0x08,0x43,0xf8,0x02,0x08 } },
  { 0x6839, { 0x10,0x00,0x13,0xf8,0x12,0x08,0x12,0x08,0xfb,0xf8,0x12,0x08,0x32,0x08,0x3b,0xf8,0x56,0x44,0x52,0x48,0x92,0x30,0x12,0x20,0x12,0x10,0x12,0x88,0x13,0x06,0x12,0x00 } },
  { 0x8ddf, { 0x7d,0xf8,0x45,0x08,0x45,0x08,0x45,0xf8,0x7d,0x08,0x11,0x08,0x11,0xf8,0x5d,0x44,0x51,0x48,0x51,0x30,0x51,0x20,0x5d,0x10,0xe1,0x48,0x01,0x86,0x01,0x00,0x00,0x00 } },
  { 0x66f4, { 0xff,0xfe,0x01,0x00,0x01,0x00,0x3f,0xf8,0x21,0x08,0x21,0x08,0x3f,0xf8,0x21,0x08,0x21,0x08,0x3f,0xf8,0x11,0x00,0x0a,0x00,0x06,0x00,0x19,0xc0,0xe0,0x3e,0x00,0x00 } },
  { 0x5de5, { 0x00,0x00,0x00,0x00,0x7f,0xfc,0x01,0x00,0x01,0x00,0x01,0x00,0x01,0x00,0x01,0x00,0x01,0x00,0x01,0x00,0x01,0x00,0x01,0x00,0x01,0x00,0xff,0xfe,0x00,0x00,0x00,0x00 } },
  { 0x516c, { 0x00,0x80,0x04,0x80,0x04,0x80,0x08,0x40,0x08,0x40,0x10,0x20,0x20,0x10,0x42,0x08,0x82,0x06,0x04,0x00,0x04,0x40,0x08,0x20,0x10,0x20,0x3f,0xf0,0x10,0x10,0x00,0x00 } },
  { 0x529f, { 0x00,0x20,0x00,0x20,0x00,0x20,0x7f,0x20,0x08,0xfe,0x08,0x22,0x08,0x22,0x08,0x22,0x08,0x22,0x08,0x42,0x08,0x42,0x0f,0x42,0x78,0x82,0x20,0x82,0x01,0x14,0x02,0x08 } },
  { 0x4f9b, { 0x09,0x10,0x09,0x10,0x09,0x10,0x11,0x10,0x13,0xfc,0x31,0x10,0x31,0x10,0x51,0x10,0x91,0x10,0x17,0xfe,0x10,0x00,0x11,0x10,0x11,0x08,0x12,0x08,0x14,0x04,0x18,0x04 } },
  { 0x5171, { 0x04,0x20,0x04,0x20,0x04,0x20,0x04,0x20,0x3f,0xfc,0x04,0x20,0x04,0x20,0x04,0x20,0x04,0x20,0x04,0x20,0x7f,0xfe,0x00,0x00,0x04,0x20,0x08,0x10,0x10,0x08,0x20,0x04 } },
  { 0x6784, { 0x08,0x40,0x08,0x40,0x08,0x40,0x08,0x7e,0x7e,0x82,0x08,0x82,0x19,0x22,0x1c,0x22,0x2a,0x42,0x2a,0x52,0x48,0x8a,0x08,0xfa,0x08,0x0a,0x08,0x02,0x08,0x14,0x08,0x08 } },
  { 0x591f, { 0x20,0x20,0x20,0x20,0x40,0x7c,0x7e,0x44,0x82,0xa8,0x02,0x10,0x7a,0x20,0x4a,0xd0,0x4a,0x1e,0x4a,0x22,0x7a,0x64,0x4a,0x94,0x02,0x08,0x02,0x10,0x14,0x20,0x08,0xc0 } },
  { 0x56fa, { 0x7f,0xfc,0x41,0x04,0x41,0x04,0x5f,0xf4,0x41,0x04,0x41,0x04,0x4f,0xe4,0x48,0x24,0x48,0x24,0x48,0x24,0x4f,0xe4,0x48,0x24,0x40,0x04,0x7f,0xfc,0x40,0x04,0x00,0x00 } },
  { 0x6302, { 0x10,0x20,0x10,0x20,0x11,0xfc,0x10,0x20,0xfc,0x20,0x10,0x20,0x13,0xfe,0x10,0x00,0x18,0x20,0x30,0x20,0xd1,0xfc,0x10,0x20,0x10,0x20,0x10,0x20,0x53,0xfe,0x20,0x00 } },
  { 0x5173, { 0x10,0x10,0x08,0x10,0x08,0x20,0x00,0x00,0x3f,0xf8,0x01,0x00,0x01,0x00,0x01,0x00,0xff,0xfe,0x01,0x00,0x02,0x80,0x02,0x80,0x04,0x40,0x08,0x20,0x30,0x18,0xc0,0x06 } },
  { 0x7ba1, { 0x20,0x40,0x3f,0x7e,0x48,0x90,0x85,0x08,0x01,0x00,0x7f,0xfe,0x40,0x02,0x9f,0xe4,0x10,0x20,0x1f,0xe0,0x10,0x00,0x1f,0xf0,0x10,0x10,0x10,0x10,0x1f,0xf0,0x10,0x10 } },
  { 0x60ef, { 0x11,0xfc,0x11,0x24,0x11,0x24,0x13,0xfe,0x19,0x24,0x55,0x24,0x51,0xfc,0x50,0x00,0x91,0xfc,0x11,0x04,0x11,0x24,0x11,0x24,0x11,0x24,0x10,0x58,0x10,0x84,0x13,0x02 } },
  { 0x5e7f, { 0x00,0x80,0x00,0x40,0x00,0x40,0x1f,0xfe,0x10,0x00,0x10,0x00,0x10,0x00,0x10,0x00,0x10,0x00,0x10,0x00,0x10,0x00,0x10,0x00,0x10,0x00,0x20,0x00,0x20,0x00,0x40,0x00 } },
  { 0x5f52, { 0x08,0x00,0x08,0x00,0x4b,0xfc,0x48,0x04,0x48,0x04,0x48,0x04,0x48,0x04,0x49,0xfc,0x48,0x04,0x48,0x04,0x48,0x04,0x08,0x04,0x10,0x04,0x13,0xfc,0x20,0x04,0x40,0x00 } },
  { 0x89c4, { 0x10,0x00,0x11,0xfc,0x11,0x04,0x7d,0x04,0x11,0x24,0x11,0x24,0x11,0x24,0xff,0x24,0x11,0x24,0x11,0x54,0x10,0x50,0x28,0x90,0x24,0x90,0x45,0x12,0x82,0x12,0x04,0x0e } },
  { 0x679c, { 0x1f,0xf0,0x11,0x10,0x11,0x10,0x1f,0xf0,0x11,0x10,0x11,0x10,0x1f,0xf0,0x11,0x10,0x01,0x00,0xff,0xfe,0x05,0x40,0x09,0x20,0x31,0x18,0xc1,0x06,0x01,0x00,0x00,0x00 } },
  { 0x8fc7, { 0x00,0x10,0x20,0x10,0x10,0x10,0x17,0xfe,0x00,0x10,0x00,0x10,0xf2,0x10,0x11,0x10,0x11,0x10,0x10,0x10,0x10,0x10,0x10,0x50,0x10,0x20,0x28,0x00,0x47,0xfe,0x00,0x00 } },
  { 0x8fd8, { 0x00,0x00,0x23,0xfc,0x10,0x20,0x10,0x20,0x00,0x40,0x00,0x40,0xf0,0xd0,0x11,0x48,0x12,0x44,0x14,0x44,0x10,0x40,0x10,0x40,0x10,0x40,0x28,0x00,0x47,0xfe,0x00,0x00 } },
  { 0x542b, { 0x01,0x00,0x01,0x00,0x02,0x80,0x04,0x40,0x0a,0x20,0x31,0x18,0xc1,0x06,0x0f,0xe0,0x00,0x40,0x00,0x80,0x1f,0xf0,0x10,0x10,0x10,0x10,0x10,0x10,0x1f,0xf0,0x10,0x10 } },
  { 0x51fd, { 0x3f,0xf0,0x00,0x20,0x00,0x40,0x51,0x94,0x49,0x24,0x45,0x44,0x41,0x04,0x45,0x44,0x49,0x24,0x51,0x14,0x45,0x04,0x42,0x04,0x40,0x04,0x7f,0xfc,0x00,0x04,0x00,0x00 } },
  { 0x558a, { 0x00,0x14,0x00,0x12,0x70,0x10,0x57,0xfe,0x54,0x10,0x54,0x10,0x55,0xd0,0x54,0x12,0x54,0x12,0x55,0xd4,0x75,0x54,0x55,0x48,0x05,0xda,0x04,0x2a,0x08,0x46,0x10,0x82 } },
  { 0x6c49, { 0x27,0xf8,0x12,0x08,0x12,0x08,0x82,0x08,0x41,0x10,0x49,0x10,0x09,0x10,0x10,0xa0,0x10,0xa0,0xe0,0x40,0x20,0x40,0x20,0xa0,0x21,0x10,0x22,0x08,0x0c,0x06,0x00,0x00 } },
  { 0x6beb, { 0x01,0x00,0x7f,0xfc,0x00,0x00,0x1f,0xf0,0x10,0x10,0x1f,0xf0,0x00,0x00,0x7f,0xfe,0x40,0x02,0x81,0xf4,0x3e,0x00,0x03,0xf0,0x3e,0x00,0x03,0xfa,0x7e,0x02,0x01,0xfe } },
  { 0x597d, { 0x10,0x00,0x10,0xfc,0x10,0x04,0x10,0x08,0xfc,0x10,0x24,0x20,0x24,0x20,0x25,0xfe,0x24,0x20,0x48,0x20,0x28,0x20,0x10,0x20,0x28,0x20,0x44,0x20,0x84,0xa0,0x00,0x40 } },
  { 0x53f7, { 0x1f,0xf0,0x10,0x10,0x10,0x10,0x10,0x10,0x1f,0xf0,0x00,0x00,0xff,0xfe,0x08,0x00,0x10,0x00,0x1f,0xf0,0x00,0x10,0x00,0x10,0x00,0x10,0x00,0xa0,0x00,0x40,0x00,0x00 } },
  { 0x5408, { 0x01,0x00,0x01,0x00,0x02,0x80,0x04,0x40,0x08,0x20,0x30,0x18,0xcf,0xe6,0x00,0x00,0x00,0x00,0x1f,0xf0,0x10,0x10,0x10,0x10,0x10,0x10,0x10,0x10,0x1f,0xf0,0x10,0x10 } },
  { 0x4f55, { 0x08,0x00,0x08,0x00,0x0f,0xfe,0x10,0x08,0x10,0x08,0x33,0xc8,0x32,0x48,0x52,0x48,0x92,0x48,0x12,0x48,0x13,0xc8,0x12,0x48,0x10,0x08,0x10,0x08,0x10,0x28,0x10,0x10 } },
  { 0x548c, { 0x02,0x00,0x07,0x00,0x3c,0x00,0x04,0x3e,0x04,0x22,0x7f,0xa2,0x04,0x22,0x0c,0x22,0x0e,0x22,0x15,0x22,0x15,0x22,0x24,0x22,0x44,0x3e,0x04,0x22,0x04,0x00,0x04,0x00 } },
  { 0x6838, { 0x10,0x20,0x10,0x10,0x10,0x10,0x13,0xfe,0xfc,0x20,0x10,0x42,0x30,0x84,0x39,0xf8,0x54,0x10,0x54,0x22,0x90,0xc4,0x13,0x08,0x10,0x10,0x10,0x28,0x10,0xc4,0x13,0x02 } },
  { 0x9ed1, { 0x3f,0xf8,0x21,0x08,0x29,0x28,0x25,0x48,0x3f,0xf8,0x01,0x00,0x01,0x00,0x3f,0xf8,0x01,0x00,0x01,0x00,0xff,0xfe,0x00,0x00,0x48,0x88,0x44,0x44,0x84,0x44,0x00,0x00 } },
  { 0x5f88, { 0x08,0x00,0x0b,0xf8,0x12,0x08,0x22,0x08,0x4b,0xf8,0x0a,0x08,0x12,0x08,0x33,0xf8,0x52,0x44,0x92,0x48,0x12,0x30,0x12,0x20,0x12,0x10,0x12,0x88,0x13,0x06,0x12,0x00 } },
  { 0x6052, { 0x10,0x00,0x13,0xfe,0x10,0x00,0x10,0x00,0x19,0xfc,0x55,0x04,0x51,0x04,0x51,0xfc,0x91,0x04,0x11,0x04,0x11,0xfc,0x11,0x04,0x10,0x00,0x10,0x00,0x13,0xfe,0x10,0x00 } },
  { 0x6a2a, { 0x10,0x88,0x10,0x88,0x11,0xfc,0x10,0x88,0xfc,0x88,0x13,0xfe,0x30,0x20,0x39,0xfc,0x55,0x24,0x55,0xfc,0x91,0x24,0x11,0xfc,0x10,0x00,0x10,0x88,0x11,0x04,0x12,0x02 } },
  { 0x7ea2, { 0x10,0x00,0x10,0x00,0x21,0xfc,0x24,0x20,0x44,0x20,0xf8,0x20,0x10,0x20,0x20,0x20,0x40,0x20,0xfc,0x20,0x40,0x20,0x00,0x20,0x1c,0x20,0xe0,0x20,0x43,0xfe,0x00,0x00 } },
  { 0x540e, { 0x00,0x10,0x00,0xf8,0x1f,0x00,0x10,0x00,0x10,0x00,0x1f,0xfe,0x10,0x00,0x10,0x00,0x10,0x00,0x17,0xf8,0x14,0x08,0x24,0x08,0x24,0x08,0x44,0x08,0x87,0xf8,0x04,0x08 } },
  { 0x5019, { 0x10,0x00,0x13,0xf8,0x10,0x08,0x28,0x08,0x2f,0xfe,0x69,0x00,0x69,0x00,0xab,0xf8,0x2c,0x40,0x28,0x40,0x2f,0xfe,0x28,0x40,0x28,0xa0,0x21,0x10,0x22,0x08,0x2c,0x06 } },
  { 0x5ffd, { 0x08,0x00,0x08,0x00,0x1f,0xf8,0x12,0x48,0x22,0x48,0x44,0x88,0x08,0x88,0x11,0x08,0x22,0x28,0x04,0x10,0x01,0x00,0x08,0x84,0x48,0x92,0x48,0x12,0x87,0xf0,0x00,0x00 } },
  { 0x4e92, { 0x00,0x00,0x7f,0xfc,0x04,0x00,0x04,0x00,0x04,0x00,0x0f,0xf0,0x08,0x10,0x08,0x10,0x10,0x10,0x10,0x20,0x1f,0xe0,0x00,0x20,0x00,0x40,0x00,0x40,0xff,0xfe,0x00,0x00 } },
  { 0x6237, { 0x01,0x00,0x00,0x80,0x00,0x80,0x0f,0xfc,0x08,0x04,0x08,0x04,0x08,0x04,0x08,0x04,0x0f,0xfc,0x08,0x04,0x08,0x00,0x08,0x00,0x08,0x00,0x10,0x00,0x10,0x00,0x20,0x00 } },
  { 0x62a4, { 0x10,0x40,0x10,0x20,0x10,0x20,0x11,0xfe,0xfd,0x02,0x11,0x02,0x11,0x02,0x15,0xfe,0x19,0x02,0x31,0x00,0xd1,0x00,0x11,0x00,0x12,0x00,0x12,0x00,0x54,0x00,0x28,0x00 } },
  { 0x82b1, { 0x08,0x20,0x08,0x20,0xff,0xfe,0x08,0x20,0x00,0x00,0x08,0x88,0x08,0x90,0x10,0xa0,0x30,0xc0,0x50,0x80,0x91,0x80,0x12,0x82,0x14,0x82,0x10,0x82,0x10,0x7e,0x10,0x00 } },
  { 0x5316, { 0x08,0x80,0x08,0x80,0x08,0x84,0x10,0x88,0x10,0x90,0x30,0xa0,0x30,0xc0,0x50,0x80,0x91,0x80,0x12,0x80,0x14,0x80,0x10,0x82,0x10,0x82,0x10,0x82,0x10,0x7e,0x10,0x00 } },
  { 0x753b, { 0xff,0xfe,0x00,0x00,0x00,0x00,0x4f,0xe4,0x49,0x24,0x49,0x24,0x4f,0xe4,0x49,0x24,0x49,0x24,0x49,0x24,0x4f,0xe4,0x40,0x04,0x40,0x04,0x7f,0xfc,0x00,0x04,0x00,0x00 } },
  { 0x8bdd, { 0x00,0x08,0x20,0x3c,0x11,0xe0,0x10,0x20,0x00,0x20,0x03,0xfe,0xf0,0x20,0x10,0x20,0x10,0x20,0x11,0xfc,0x11,0x04,0x11,0x04,0x15,0x04,0x19,0x04,0x11,0xfc,0x01,0x04 } },
  { 0x6000, { 0x10,0x00,0x10,0x00,0x17,0xfe,0x10,0x20,0x18,0x20,0x54,0x40,0x50,0x40,0x50,0xd0,0x91,0x48,0x12,0x44,0x14,0x42,0x10,0x40,0x10,0x40,0x10,0x40,0x10,0x40,0x10,0x40 } },
  { 0x574f, { 0x10,0x00,0x10,0x00,0x13,0xfe,0x10,0x10,0x10,0x10,0xfc,0x20,0x10,0x20,0x10,0x68,0x10,0x64,0x10,0xa4,0x1d,0x22,0xe2,0x22,0x44,0x20,0x00,0x20,0x00,0x20,0x00,0x20 } },
  { 0x73af, { 0x00,0x00,0xfd,0xfe,0x10,0x10,0x10,0x10,0x10,0x20,0x10,0x20,0x7c,0x68,0x10,0xa4,0x11,0x22,0x12,0x22,0x10,0x20,0x1c,0x20,0xe0,0x20,0x40,0x20,0x00,0x20,0x00,0x00 } },
  { 0x7f13, { 0x10,0x3c,0x17,0xc0,0x22,0x44,0x21,0x28,0x48,0x00,0xfb,0xfc,0x10,0x80,0x20,0x80,0x47,0xfe,0xf9,0x00,0x41,0xf8,0x02,0x88,0x1a,0x50,0xe4,0x20,0x48,0xd8,0x03,0x06 } },
  { 0x6362, { 0x10,0x80,0x10,0x80,0x10,0xf8,0x11,0x08,0xfa,0x10,0x15,0xfc,0x11,0x24,0x19,0x24,0x31,0x24,0xd1,0x24,0x17,0xfe,0x10,0x50,0x10,0x50,0x10,0x88,0x51,0x04,0x26,0x02 } },
  { 0x8c0e, { 0x01,0x08,0x41,0x08,0x27,0xfe,0x21,0x48,0x00,0x20,0x07,0xfe,0xe2,0x00,0x22,0x00,0x23,0xfc,0x20,0x00,0x22,0x48,0x22,0x48,0x2a,0x48,0x34,0x4a,0x24,0x4a,0x08,0x46 } },
  { 0x6062, { 0x10,0x40,0x10,0x40,0x10,0x40,0x13,0xfe,0x18,0x80,0x54,0x90,0x50,0x90,0x51,0x12,0x91,0x52,0x11,0x54,0x12,0x90,0x12,0x28,0x14,0x28,0x10,0x44,0x10,0x84,0x11,0x02 } },
  { 0x56de, { 0x00,0x00,0x3f,0xf8,0x20,0x08,0x20,0x08,0x27,0xc8,0x24,0x48,0x24,0x48,0x24,0x48,0x24,0x48,0x24,0x48,0x27,0xc8,0x20,0x08,0x20,0x08,0x3f,0xf8,0x20,0x08,0x00,0x00 } },
  { 0x6094, { 0x11,0x00,0x11,0x00,0x11,0xfc,0x1a,0x00,0x55,0xf8,0x51,0x08,0x51,0x48,0x91,0x28,0x17,0xfe,0x11,0x08,0x12,0x48,0x12,0x28,0x13,0xfc,0x10,0x08,0x10,0x50,0x10,0x20 } },
  { 0x4f1a, { 0x01,0x00,0x01,0x00,0x02,0x80,0x04,0x40,0x08,0x20,0x30,0x18,0xcf,0xe6,0x00,0x00,0x00,0x00,0x7f,0xfc,0x02,0x00,0x04,0x00,0x08,0x20,0x10,0x10,0x3f,0xf8,0x10,0x08 } },
  { 0x6df7, { 0x27,0xfc,0x14,0x04,0x14,0x04,0x87,0xfc,0x44,0x04,0x44,0x04,0x17,0xfc,0x10,0x00,0x24,0x20,0xe4,0x22,0x27,0xac,0x24,0x30,0x24,0x22,0x25,0xa2,0x06,0x1e,0x00,0x00 } },
  { 0x6d3b, { 0x00,0x10,0x20,0x78,0x13,0xc0,0x10,0x40,0x80,0x40,0x47,0xfe,0x40,0x40,0x10,0x40,0x10,0x40,0x23,0xf8,0xe2,0x08,0x22,0x08,0x22,0x08,0x22,0x08,0x23,0xf8,0x02,0x08 } },
  { 0x6216, { 0x00,0x48,0x00,0x44,0x00,0x40,0xff,0xfe,0x00,0x40,0x00,0x40,0x3e,0x44,0x22,0x44,0x22,0x44,0x22,0x28,0x3e,0x28,0x00,0x12,0x07,0x32,0x78,0x4a,0x20,0x86,0x03,0x02 } },
  { 0x83b7, { 0x08,0x20,0x08,0x20,0xff,0xfe,0x08,0x20,0x44,0x40,0x28,0x50,0x10,0x48,0x28,0x40,0x4f,0xfe,0x98,0x40,0x28,0xa0,0x48,0xa0,0x89,0x10,0x09,0x10,0x52,0x08,0x24,0x06 } },
  { 0x51fb, { 0x01,0x00,0x01,0x00,0x01,0x00,0x3f,0xf8,0x01,0x00,0x01,0x00,0x01,0x00,0xff,0xfe,0x01,0x00,0x01,0x00,0x21,0x08,0x21,0x08,0x21,0x08,0x21,0x08,0x3f,0xf8,0x00,0x08 } },
  { 0x673a, { 0x10,0x00,0x11,0xf0,0x11,0x10,0x11,0x10,0xfd,0x10,0x11,0x10,0x31,0x10,0x39,0x10,0x55,0x10,0x55,0x10,0x91,0x10,0x11,0x12,0x11,0x12,0x12,0x12,0x12,0x0e,0x14,0x00 } },
  { 0x57fa, { 0x08,0x20,0x08,0x20,0x7f,0xfc,0x08,0x20,0x0f,0xe0,0x08,0x20,0x0f,0xe0,0x08,0x20,0xff,0xfe,0x08,0x20,0x11,0x10,0x21,0x08,0xcf,0xe6,0x01,0x00,0x01,0x00,0x3f,0xf8 } },
  { 0x7ea7, { 0x10,0x00,0x13,0xfc,0x20,0x84,0x20,0x88,0x48,0x88,0xf8,0x90,0x10,0x9c,0x20,0x84,0x41,0x44,0xf9,0x44,0x41,0x28,0x01,0x28,0x1a,0x10,0xe2,0x28,0x44,0x44,0x01,0x82 } },
  { 0x5373, { 0x7e,0x7c,0x42,0x44,0x42,0x44,0x7e,0x44,0x42,0x44,0x42,0x44,0x7e,0x44,0x40,0x44,0x48,0x44,0x44,0x54,0x4a,0x48,0x52,0x40,0x60,0x40,0x00,0x40,0x00,0x40,0x00,0x00 } },
  { 0x6781, { 0x10,0x00,0x13,0xfc,0x10,0x84,0x10,0x88,0xfc,0x88,0x10,0x90,0x30,0x9c,0x38,0x84,0x55,0x44,0x55,0x44,0x91,0x28,0x11,0x28,0x12,0x10,0x12,0x28,0x14,0x44,0x11,0x82 } },
  { 0x96c6, { 0x09,0x00,0x08,0x80,0x1f,0xfc,0x30,0x80,0x5f,0xf8,0x90,0x80,0x1f,0xf8,0x10,0x80,0x1f,0xfc,0x11,0x00,0xff,0xfe,0x05,0x40,0x09,0x20,0x31,0x18,0xc1,0x06,0x01,0x00 } },
  { 0x8f91, { 0x20,0x00,0x21,0xf8,0x21,0x08,0xfd,0x08,0x41,0xf8,0x50,0x00,0x97,0xfe,0xfd,0x08,0x11,0xf8,0x11,0x08,0x1d,0xf8,0xf1,0x08,0x51,0x3e,0x17,0xc8,0x10,0x08,0x10,0x08 } },
  { 0x51e0, { 0x0f,0xe0,0x08,0x20,0x08,0x20,0x08,0x20,0x08,0x20,0x08,0x20,0x08,0x20,0x08,0x20,0x08,0x20,0x10,0x20,0x10,0x22,0x20,0x22,0x20,0x22,0x40,0x1e,0x80,0x00,0x00,0x00 } },
  { 0x5df1, { 0x00,0x00,0x3f,0xf0,0x00,0x10,0x00,0x10,0x00,0x10,0x00,0x10,0x00,0x10,0x3f,0xf0,0x20,0x00,0x20,0x00,0x20,0x00,0x20,0x04,0x20,0x04,0x20,0x04,0x1f,0xfc,0x00,0x00 } },
  { 0x8ba1, { 0x00,0x40,0x20,0x40,0x10,0x40,0x10,0x40,0x00,0x40,0x00,0x40,0xf7,0xfe,0x10,0x40,0x10,0x40,0x10,0x40,0x10,0x40,0x10,0x40,0x14,0x40,0x18,0x40,0x10,0x40,0x00,0x40 } },
  { 0x8bb0, { 0x00,0x00,0x20,0x00,0x11,0xf8,0x10,0x08,0x00,0x08,0x00,0x08,0xf0,0x08,0x11,0xf8,0x11,0x08,0x11,0x00,0x11,0x00,0x11,0x00,0x15,0x02,0x19,0x02,0x10,0xfe,0x00,0x00 } },
  { 0x9645, { 0x79,0xfc,0x48,0x00,0x50,0x00,0x50,0x00,0x63,0xfe,0x50,0x20,0x48,0x20,0x49,0x28,0x49,0x24,0x6a,0x24,0x52,0x22,0x44,0x22,0x40,0x20,0x40,0xa0,0x40,0x40,0x00,0x00 } },
  { 0x65e2, { 0x7d,0xfc,0x44,0x20,0x44,0x20,0x7d,0x20,0x45,0x20,0x45,0xfe,0x7c,0x20,0x40,0x20,0x48,0x30,0x44,0x50,0x4a,0x50,0x52,0x92,0x60,0x92,0x41,0x0e,0x02,0x00,0x00,0x00 } },
  { 0x7ee7, { 0x10,0x20,0x12,0x20,0x22,0x20,0x23,0x24,0x4a,0xa8,0xf2,0x20,0x13,0xfc,0x22,0x20,0x42,0x70,0xfa,0xa8,0x43,0x24,0x02,0x20,0x1a,0x20,0xe2,0x20,0x43,0xfe,0x00,0x00 } },
  { 0x52a0, { 0x08,0x00,0x08,0x00,0x08,0x00,0x08,0x3e,0x7f,0x22,0x09,0x22,0x09,0x22,0x09,0x22,0x09,0x22,0x09,0x22,0x09,0x22,0x09,0x22,0x11,0x22,0x11,0x3e,0x25,0x22,0x42,0x00 } },
  { 0x5047, { 0x10,0x00,0x17,0xbc,0x14,0x84,0x24,0x84,0x24,0x84,0x67,0xbc,0x64,0x00,0xa4,0x00,0x27,0xbc,0x24,0x24,0x24,0x24,0x27,0xa8,0x24,0x10,0x24,0x28,0x24,0x44,0x24,0x82 } },
  { 0x95f4, { 0x20,0x00,0x13,0xfc,0x10,0x04,0x40,0x04,0x47,0xc4,0x44,0x44,0x44,0x44,0x44,0x44,0x47,0xc4,0x44,0x44,0x44,0x44,0x44,0x44,0x47,0xc4,0x40,0x04,0x40,0x14,0x40,0x08 } },
  { 0x517c, { 0x10,0x20,0x08,0x40,0x7f,0xfc,0x04,0x80,0x04,0x80,0x3f,0xf0,0x04,0x90,0xff,0xfe,0x04,0x90,0x3f,0xf0,0x0c,0xc0,0x14,0xa0,0x24,0x98,0xc4,0x86,0x04,0x80,0x04,0x80 } },
  { 0x76d1, { 0x04,0x40,0x24,0x40,0x24,0x7c,0x24,0x40,0x24,0x90,0x24,0x88,0x25,0x08,0x04,0x00,0x00,0x00,0x3f,0xf8,0x24,0x48,0x24,0x48,0x24,0x48,0x24,0x48,0xff,0xfe,0x00,0x00 } },
  { 0x68c0, { 0x10,0x40,0x10,0x40,0x10,0xa0,0x10,0xa0,0xfd,0x10,0x12,0x08,0x35,0xf6,0x38,0x00,0x54,0x88,0x50,0x48,0x92,0x48,0x11,0x50,0x11,0x10,0x10,0x20,0x17,0xfe,0x10,0x00 } },
  { 0x7b80, { 0x20,0x40,0x3f,0x7e,0x48,0x90,0x85,0x08,0x10,0x00,0x0b,0xf8,0x20,0x08,0x27,0xc8,0x24,0x48,0x24,0x48,0x27,0xc8,0x24,0x48,0x24,0x48,0x27,0xc8,0x20,0x08,0x20,0x18 } },
  { 0x89c1, { 0x1f,0xf0,0x10,0x10,0x10,0x10,0x11,0x10,0x11,0x10,0x11,0x10,0x11,0x10,0x11,0x10,0x12,0x90,0x12,0x90,0x04,0x80,0x04,0x80,0x08,0x82,0x30,0x82,0xc0,0x7e,0x00,0x00 } },
  { 0x4ef6, { 0x08,0x20,0x08,0x20,0x09,0x20,0x11,0x20,0x11,0xfc,0x32,0x20,0x32,0x20,0x54,0x20,0x90,0x20,0x17,0xfe,0x10,0x20,0x10,0x20,0x10,0x20,0x10,0x20,0x10,0x20,0x10,0x20 } },
  { 0x5efa, { 0x00,0x40,0x00,0x40,0xfb,0xf8,0x08,0x48,0x17,0xfe,0x10,0x48,0x23,0xf8,0x78,0x40,0x0b,0xf8,0x08,0x40,0x48,0x40,0x37,0xfc,0x10,0x40,0x2c,0x40,0x43,0xfe,0x80,0x00 } },
  { 0x9274, { 0x04,0x40,0x24,0x40,0x24,0x7c,0x24,0x90,0x24,0x88,0x25,0x08,0x02,0x80,0x0c,0x60,0x30,0x18,0xcf,0xe6,0x01,0x00,0x3f,0xf8,0x09,0x20,0x05,0x40,0x7f,0xfc,0x00,0x00 } },
  { 0x952e, { 0x20,0x10,0x20,0x10,0x3b,0x7c,0x21,0x14,0x41,0xfe,0x7a,0x14,0xa2,0x7c,0x27,0x10,0xf9,0x7c,0x25,0x10,0x25,0xfe,0x22,0x10,0x2a,0x10,0x35,0x00,0x28,0xfe,0x00,0x00 } },
  { 0x5c06, { 0x08,0x80,0x08,0xf8,0x09,0x08,0x4a,0x10,0x28,0xa0,0x28,0x40,0x08,0x90,0x0b,0x10,0x18,0x10,0x2b,0xfe,0xc8,0x10,0x09,0x10,0x08,0x90,0x08,0x10,0x08,0x50,0x08,0x20 } },
  { 0x8bb2, { 0x01,0x10,0x21,0x10,0x11,0x10,0x11,0x10,0x07,0xfc,0x01,0x10,0xf1,0x10,0x11,0x10,0x1f,0xfe,0x11,0x10,0x11,0x10,0x15,0x10,0x19,0x10,0x12,0x10,0x02,0x10,0x04,0x10 } },
  { 0x4ea4, { 0x02,0x00,0x01,0x00,0x01,0x00,0xff,0xfe,0x00,0x00,0x10,0x10,0x10,0x08,0x20,0x24,0x48,0x24,0x04,0x40,0x02,0x80,0x01,0x00,0x02,0x80,0x0c,0x40,0x30,0x30,0xc0,0x0e } },
  { 0x89d2, { 0x04,0x00,0x04,0x00,0x0f,0xf0,0x10,0x10,0x20,0x20,0x5f,0xfc,0x10,0x84,0x10,0x84,0x1f,0xfc,0x10,0x84,0x10,0x84,0x1f,0xfc,0x10,0x84,0x20,0x84,0x20,0x94,0x40,0x08 } },
  { 0x811a, { 0x01,0x00,0x79,0x00,0x49,0x1e,0x4b,0x92,0x49,0x12,0x79,0x12,0x49,0x12,0x4f,0xd2,0x49,0x12,0x79,0x12,0x4a,0x1a,0x4a,0x94,0x4f,0xd0,0x4a,0x50,0x48,0x10,0x98,0x10 } },
  { 0x53eb, { 0x00,0x04,0x00,0x04,0x7c,0x84,0x44,0x84,0x44,0x84,0x44,0x84,0x44,0x84,0x44,0x84,0x44,0x8c,0x44,0xb4,0x7c,0xc4,0x44,0x84,0x00,0x04,0x00,0x04,0x00,0x04,0x00,0x04 } },
  { 0x6559, { 0x08,0x20,0x08,0x20,0x7e,0xa0,0x09,0x3e,0x0a,0x44,0xff,0x44,0x08,0x44,0x7e,0xa4,0x24,0x28,0x48,0x28,0x8f,0x10,0x78,0x10,0x08,0x28,0x08,0x48,0x28,0x84,0x11,0x02 } },
  { 0x9636, { 0x00,0x20,0x7c,0x20,0x44,0x50,0x48,0x50,0x48,0x88,0x51,0x04,0x4a,0x02,0x48,0x88,0x44,0x88,0x44,0x88,0x44,0x88,0x68,0x88,0x50,0x88,0x41,0x08,0x41,0x08,0x42,0x08 } },
  { 0x63a5, { 0x10,0x80,0x10,0x40,0x13,0xfc,0x10,0x00,0xfd,0x08,0x10,0x90,0x17,0xfe,0x10,0x40,0x18,0x40,0x37,0xfe,0xd0,0x88,0x11,0x08,0x10,0x90,0x10,0x60,0x51,0x98,0x26,0x04 } },
  { 0x8282, { 0x08,0x20,0x08,0x20,0xff,0xfe,0x08,0x20,0x08,0x20,0x00,0x00,0x7f,0xf8,0x02,0x08,0x02,0x08,0x02,0x08,0x02,0x08,0x02,0x50,0x02,0x20,0x02,0x00,0x02,0x00,0x02,0x00 } },
  { 0x7ed3, { 0x10,0x20,0x10,0x20,0x20,0x20,0x27,0xfe,0x44,0x20,0xf8,0x20,0x11,0xfc,0x20,0x00,0x40,0x00,0xfd,0xfc,0x41,0x04,0x01,0x04,0x1d,0x04,0xe1,0x04,0x41,0xfc,0x01,0x04 } },
  { 0x622a, { 0x08,0x20,0x08,0x28,0x7f,0x24,0x08,0x20,0xff,0xfe,0x14,0x20,0x22,0x24,0x7f,0xa4,0xa4,0x24,0x3f,0x28,0x24,0x28,0x3f,0x10,0x24,0x12,0x3f,0xaa,0x20,0x46,0x20,0x82 } },
  { 0x89e3, { 0x10,0x00,0x10,0xfc,0x3c,0x24,0x24,0x24,0x48,0x54,0xbe,0x88,0x2a,0x10,0x2a,0x50,0x3e,0x7c,0x2a,0x90,0x2a,0x10,0x3e,0xfe,0x2a,0x10,0x4a,0x10,0x42,0x10,0x86,0x10 } },
  { 0x754c, { 0x1f,0xf0,0x11,0x10,0x11,0x10,0x1f,0xf0,0x11,0x10,0x11,0x10,0x1f,0xf0,0x02,0x80,0x0c,0x60,0x34,0x58,0xc4,0x46,0x04,0x40,0x08,0x40,0x08,0x40,0x10,0x40,0x00,0x00 } },
  { 0x501f, { 0x09,0x10,0x09,0x10,0x09,0x10,0x17,0xfc,0x11,0x10,0x31,0x10,0x3f,0xfe,0x50,0x00,0x93,0xf8,0x12,0x08,0x12,0x08,0x13,0xf8,0x12,0x08,0x12,0x08,0x13,0xf8,0x12,0x08 } },
  { 0x4eca, { 0x01,0x00,0x01,0x00,0x02,0x80,0x04,0x40,0x08,0x20,0x12,0x10,0x21,0x08,0xc1,0x06,0x00,0x00,0x1f,0xf0,0x00,0x10,0x00,0x20,0x00,0x20,0x00,0x40,0x00,0x80,0x01,0x00 } },
  { 0x7d27, { 0x04,0x00,0x25,0xfc,0x24,0x88,0x24,0x50,0x24,0x20,0x24,0x50,0x02,0x8c,0x04,0x20,0x1f,0xc0,0x01,0x80,0x06,0x10,0x3f,0xf8,0x01,0x08,0x11,0x20,0x25,0x10,0x42,0x08 } },
  { 0x8fd1, { 0x00,0x08,0x20,0x1c,0x11,0xe0,0x11,0x00,0x01,0x00,0x01,0xfe,0xf1,0x10,0x11,0x10,0x11,0x10,0x11,0x10,0x12,0x10,0x12,0x10,0x14,0x10,0x28,0x00,0x47,0xfe,0x00,0x00 } },
  { 0x8fdb, { 0x00,0x90,0x20,0x90,0x10,0x90,0x13,0xfc,0x00,0x90,0x00,0x90,0xf0,0x90,0x17,0xfe,0x10,0x90,0x10,0x90,0x11,0x10,0x11,0x10,0x12,0x10,0x28,0x00,0x47,0xfe,0x00,0x00 } },
  { 0x7ecf, { 0x10,0x00,0x11,0xfc,0x20,0x08,0x24,0x10,0x44,0x30,0xf8,0x48,0x10,0x84,0x23,0x02,0x40,0x00,0xfd,0xfc,0x40,0x20,0x00,0x20,0x1c,0x20,0xe0,0x20,0x43,0xfe,0x00,0x00 } },
  { 0x6676, { 0x0f,0xe0,0x08,0x20,0x08,0x20,0x0f,0xe0,0x08,0x20,0x08,0x20,0x0f,0xe0,0x00,0x00,0x7e,0xfc,0x42,0x84,0x42,0x84,0x7e,0xfc,0x42,0x84,0x42,0x84,0x7e,0xfc,0x42,0x84 } },
  { 0x7cbe, { 0x10,0x20,0x10,0x20,0x95,0xfe,0x54,0x20,0x58,0xfc,0x10,0x20,0xfd,0xfe,0x30,0x00,0x38,0xfc,0x54,0x84,0x54,0xfc,0x90,0x84,0x10,0xfc,0x10,0x84,0x10,0x94,0x10,0x88 } },
  { 0x8b66, { 0x24,0x20,0xff,0x20,0x24,0x7e,0x7e,0xc4,0x82,0x28,0x7a,0x10,0x4a,0x28,0x7a,0xc6,0x05,0x00,0xff,0xfe,0x00,0x00,0x3f,0xf8,0x00,0x00,0x3f,0xf8,0x20,0x08,0x3f,0xf8 } },
  { 0x51c0, { 0x01,0x00,0x41,0x00,0x23,0xf0,0x24,0x10,0x00,0x20,0x17,0xfc,0x10,0x44,0x10,0x44,0x2f,0xfe,0x20,0x44,0xe0,0x44,0x27,0xfc,0x20,0x44,0x20,0x40,0x21,0x40,0x00,0x80 } },
  { 0x5f84, { 0x08,0x00,0x0b,0xf8,0x10,0x10,0x20,0x20,0x48,0x60,0x08,0x98,0x11,0x04,0x36,0x02,0x50,0x00,0x93,0xfc,0x10,0x40,0x10,0x40,0x10,0x40,0x10,0x40,0x17,0xfe,0x10,0x00 } },
  { 0x9759, { 0x10,0x40,0x10,0x40,0xfe,0x78,0x10,0x88,0x7c,0x10,0x11,0xfc,0xfe,0x24,0x00,0x24,0x7d,0xfe,0x44,0x24,0x7c,0x24,0x45,0xfc,0x7c,0x24,0x44,0x20,0x54,0xa0,0x48,0x40 } },
  { 0x4e45, { 0x04,0x00,0x04,0x00,0x04,0x00,0x07,0xe0,0x08,0x20,0x08,0x20,0x10,0x40,0x20,0x40,0x40,0x80,0x00,0x80,0x01,0x40,0x02,0x40,0x04,0x20,0x08,0x10,0x30,0x08,0xc0,0x06 } },
  { 0x65e7, { 0x20,0x00,0x23,0xfc,0x22,0x04,0x22,0x04,0x22,0x04,0x22,0x04,0x22,0x04,0x23,0xfc,0x22,0x04,0x22,0x04,0x22,0x04,0x22,0x04,0x22,0x04,0x23,0xfc,0x22,0x04,0x20,0x00 } },
  { 0x6551, { 0x10,0x40,0x14,0x40,0x12,0x40,0x10,0x80,0xfe,0xfe,0x11,0x08,0x10,0x88,0x92,0x88,0x54,0x88,0x10,0x50,0x38,0x50,0x54,0x20,0x92,0x50,0x10,0x88,0x51,0x04,0x22,0x02 } },
  { 0x5c31, { 0x20,0x40,0x10,0x50,0xfe,0x48,0x00,0x48,0x00,0x40,0x7d,0xfe,0x44,0x50,0x44,0x50,0x44,0x50,0x7c,0x50,0x10,0x90,0x54,0x90,0x92,0x92,0x11,0x12,0x51,0x0e,0x22,0x00 } },
  { 0x5c40, { 0x1f,0xfc,0x10,0x04,0x10,0x04,0x1f,0xfc,0x10,0x00,0x10,0x00,0x1f,0xfe,0x10,0x02,0x13,0xf2,0x12,0x12,0x12,0x12,0x23,0xf2,0x20,0x02,0x40,0x14,0x00,0x08,0x00,0x00 } },
  { 0x77e9, { 0x20,0x00,0x21,0xfe,0x3d,0x00,0x51,0x00,0x91,0x00,0x11,0xfc,0x11,0x04,0xff,0x04,0x11,0x04,0x11,0x04,0x11,0xfc,0x29,0x00,0x25,0x00,0x45,0x00,0x41,0xfe,0x80,0x00 } },
  { 0x53e5, { 0x04,0x00,0x04,0x00,0x08,0x00,0x0f,0xfc,0x10,0x04,0x20,0x04,0x4f,0xc4,0x08,0x44,0x08,0x44,0x08,0x44,0x08,0x44,0x0f,0xc4,0x08,0x44,0x00,0x04,0x00,0x28,0x00,0x10 } },
  { 0x5177, { 0x1f,0xf0,0x10,0x10,0x10,0x10,0x1f,0xf0,0x10,0x10,0x1f,0xf0,0x10,0x10,0x1f,0xf0,0x10,0x10,0x10,0x10,0xff,0xfe,0x04,0x40,0x08,0x20,0x10,0x10,0x20,0x08,0x00,0x00 } },
  { 0x636e, { 0x20,0x00,0x23,0xfc,0x22,0x04,0x22,0x04,0xfb,0xfc,0x22,0x20,0x22,0x20,0x2b,0xfe,0x32,0x20,0xe2,0x20,0x22,0xfc,0x22,0x84,0x22,0x84,0x24,0x84,0xa4,0xfc,0x48,0x84 } },
  { 0x8ddd, { 0x00,0x00,0x7d,0xfe,0x45,0x00,0x45,0x00,0x45,0x00,0x7d,0xfc,0x11,0x04,0x11,0x04,0x5d,0x04,0x51,0x04,0x51,0xfc,0x51,0x00,0x5d,0x00,0xe1,0x00,0x01,0xfe,0x00,0x00 } },
  { 0x51b3, { 0x00,0x80,0x40,0x80,0x20,0x80,0x27,0xf8,0x00,0x88,0x00,0x88,0x10,0x88,0x10,0x88,0x2f,0xfe,0xe0,0x80,0x21,0x40,0x21,0x40,0x22,0x20,0x24,0x10,0x28,0x08,0x10,0x06 } },
  { 0x7edd, { 0x10,0x80,0x10,0x80,0x20,0xf8,0x21,0x08,0x4a,0x10,0xf5,0xfc,0x11,0x24,0x21,0x24,0x41,0x24,0xf9,0xfc,0x41,0x00,0x01,0x00,0x19,0x02,0xe1,0x02,0x40,0xfe,0x00,0x00 } },
  { 0x5361, { 0x02,0x00,0x02,0x00,0x03,0xf8,0x02,0x00,0x02,0x00,0x02,0x00,0xff,0xfe,0x02,0x00,0x02,0x00,0x02,0x40,0x02,0x20,0x02,0x10,0x02,0x08,0x02,0x00,0x02,0x00,0x02,0x00 } },
  { 0x5f00, { 0x7f,0xfc,0x08,0x20,0x08,0x20,0x08,0x20,0x08,0x20,0x08,0x20,0xff,0xfe,0x08,0x20,0x08,0x20,0x08,0x20,0x08,0x20,0x10,0x20,0x10,0x20,0x20,0x20,0x40,0x20,0x00,0x00 } },
  { 0x770b, { 0x00,0xf8,0x7f,0x00,0x01,0x00,0x3f,0xf8,0x02,0x00,0xff,0xfe,0x04,0x00,0x08,0x00,0x1f,0xf0,0x28,0x10,0x4f,0xf0,0x88,0x10,0x0f,0xf0,0x08,0x10,0x0f,0xf0,0x08,0x10 } },
  { 0x9760, { 0x11,0x00,0x1f,0xf0,0x21,0x00,0xff,0xfe,0x00,0x00,0x1f,0xf0,0x10,0x10,0x1f,0xf0,0x04,0x40,0x7c,0x7c,0x04,0x40,0x3c,0x78,0x04,0x40,0x7c,0x7c,0x04,0x40,0x04,0x40 } },
  { 0x53ef, { 0x7f,0xfe,0x00,0x10,0x00,0x10,0x1f,0x10,0x11,0x10,0x11,0x10,0x11,0x10,0x11,0x10,0x11,0x10,0x1f,0x10,0x11,0x10,0x00,0x10,0x00,0x10,0x00,0x50,0x00,0x20,0x00,0x00 } },
  { 0x523b, { 0x08,0x02,0x04,0x02,0x00,0x02,0x7f,0xd2,0x04,0x12,0x08,0x92,0x10,0x92,0x3f,0x12,0x02,0x12,0x04,0x92,0x09,0x12,0x12,0x12,0x66,0x02,0x09,0x02,0x10,0x8a,0x60,0x44 } },
  { 0x5ba2, { 0x02,0x00,0x01,0x00,0x7f,0xfe,0x40,0x02,0x88,0x04,0x0f,0xf0,0x10,0x20,0x2c,0x40,0x03,0x80,0x1c,0x70,0xe0,0x0e,0x1f,0xf0,0x10,0x10,0x10,0x10,0x1f,0xf0,0x10,0x10 } },
  { 0x542d, { 0x00,0x80,0x00,0x40,0x78,0x40,0x4f,0xfc,0x48,0x00,0x48,0x00,0x49,0xf0,0x49,0x10,0x49,0x10,0x49,0x10,0x79,0x10,0x49,0x12,0x02,0x12,0x02,0x12,0x04,0x0e,0x08,0x00 } },
  { 0x5751, { 0x10,0x80,0x10,0x40,0x10,0x40,0x13,0xfc,0x10,0x00,0xfc,0x00,0x11,0xf0,0x11,0x10,0x11,0x10,0x11,0x10,0x11,0x10,0x1d,0x12,0xe1,0x12,0x42,0x12,0x02,0x0e,0x04,0x00 } },
  { 0x7a7a, { 0x02,0x00,0x01,0x00,0x7f,0xfe,0x40,0x02,0x88,0x24,0x10,0x10,0x20,0x08,0x00,0x00,0x1f,0xf0,0x01,0x00,0x01,0x00,0x01,0x00,0x01,0x00,0x01,0x00,0x7f,0xfc,0x00,0x00 } },
  { 0x63a7, { 0x10,0x40,0x10,0x20,0x10,0x20,0x13,0xfe,0xfa,0x02,0x14,0x94,0x11,0x08,0x1a,0x04,0x30,0x00,0xd1,0xfc,0x10,0x20,0x10,0x20,0x10,0x20,0x10,0x20,0x57,0xfe,0x20,0x00 } },
  { 0x53e3, { 0x00,0x00,0x3f,0xf8,0x20,0x08,0x20,0x08,0x20,0x08,0x20,0x08,0x20,0x08,0x20,0x08,0x20,0x08,0x20,0x08,0x20,0x08,0x20,0x08,0x3f,0xf8,0x20,0x08,0x00,0x00,0x00,0x00 } },
  { 0x5e93, { 0x01,0x00,0x00,0x80,0x3f,0xfe,0x21,0x00,0x21,0x00,0x3f,0xfc,0x22,0x00,0x24,0x80,0x28,0x80,0x2f,0xf8,0x20,0x80,0x20,0x80,0x5f,0xfe,0x40,0x80,0x80,0x80,0x00,0x80 } },
  { 0x8de8, { 0x00,0x20,0x78,0x20,0x4b,0xfe,0x48,0x50,0x48,0x88,0x79,0x04,0x16,0xfa,0x10,0x00,0x53,0xfe,0x5c,0x40,0x50,0x80,0x51,0xfc,0x58,0x04,0xe0,0x04,0x00,0x28,0x00,0x10 } },
  { 0x5757, { 0x10,0x40,0x10,0x40,0x10,0x40,0x13,0xfc,0x10,0x44,0xfc,0x44,0x10,0x44,0x10,0x44,0x13,0xfe,0x10,0x40,0x10,0xa0,0x1c,0xa0,0xe1,0x10,0x42,0x08,0x04,0x04,0x08,0x02 } },
  { 0x5feb, { 0x10,0x40,0x10,0x40,0x10,0x40,0x13,0xf8,0x18,0x48,0x54,0x48,0x50,0x48,0x50,0x48,0x97,0xfe,0x10,0x40,0x10,0xa0,0x10,0xa0,0x11,0x10,0x11,0x10,0x12,0x08,0x14,0x06 } },
  { 0x5bbd, { 0x02,0x00,0x01,0x00,0x7f,0xfe,0x40,0x02,0x84,0x44,0x3f,0xf8,0x04,0x40,0x00,0x00,0x1f,0xf0,0x10,0x10,0x11,0x10,0x11,0x10,0x12,0x90,0x04,0x82,0x18,0x82,0xe0,0x7e } },
  { 0x6846, { 0x10,0x00,0x11,0xfe,0x11,0x00,0x11,0x00,0xfd,0xfe,0x11,0x10,0x31,0x10,0x39,0x7c,0x55,0x10,0x55,0x10,0x91,0x10,0x11,0xfe,0x11,0x00,0x11,0x00,0x11,0xfe,0x10,0x00 } },
  { 0x51b5, { 0x47,0xf8,0x24,0x08,0x24,0x08,0x04,0x08,0x04,0x08,0x17,0xf8,0x11,0x20,0x21,0x20,0xe1,0x20,0x21,0x20,0x22,0x20,0x22,0x22,0x24,0x22,0x28,0x1e,0x10,0x00,0x00,0x00 } },
  { 0x6e83, { 0x00,0x40,0x20,0x40,0x13,0xf8,0x12,0x48,0x83,0xf8,0x40,0x40,0x4f,0xfe,0x10,0x00,0x13,0xf8,0x22,0x08,0xe2,0x48,0x22,0x48,0x22,0x48,0x20,0xa0,0x21,0x10,0x06,0x08 } },
  { 0x9988, { 0x20,0x20,0x20,0x20,0x21,0xfc,0x3d,0x24,0x45,0xfc,0x48,0x20,0x83,0xfe,0x20,0x00,0x21,0xfc,0x21,0x04,0x21,0x24,0x25,0x24,0x29,0x24,0x30,0x50,0x20,0x88,0x03,0x04 } },
  { 0x6269, { 0x10,0x20,0x10,0x10,0x10,0x10,0x11,0xfe,0xfd,0x00,0x11,0x00,0x11,0x00,0x15,0x00,0x19,0x00,0x31,0x00,0xd1,0x00,0x11,0x00,0x11,0x00,0x12,0x00,0x52,0x00,0x24,0x00 } },
  { 0x62c9, { 0x10,0x40,0x10,0x20,0x10,0x20,0x10,0x00,0xfb,0xfe,0x10,0x00,0x14,0x04,0x19,0x04,0x31,0x04,0xd0,0x88,0x10,0x88,0x10,0x88,0x10,0x90,0x10,0x10,0x57,0xfe,0x20,0x00 } },
  { 0x6765, { 0x01,0x00,0x01,0x00,0x01,0x00,0x7f,0xfc,0x01,0x00,0x11,0x10,0x09,0x10,0x09,0x20,0xff,0xfe,0x03,0x80,0x05,0x40,0x09,0x20,0x31,0x18,0xc1,0x06,0x01,0x00,0x01,0x00 } },
  { 0x8d56, { 0x10,0x80,0x10,0x80,0xfe,0xf8,0x11,0x08,0x12,0x10,0x7d,0xfc,0x55,0x04,0x55,0x24,0x55,0x24,0x7d,0x24,0x11,0x24,0x39,0x24,0x54,0x50,0x90,0x88,0x11,0x04,0x12,0x02 } },
  { 0x62e6, { 0x10,0x00,0x11,0x08,0x10,0x88,0x10,0x90,0xfc,0x00,0x13,0xfe,0x10,0x00,0x14,0x00,0x18,0x00,0x31,0xfc,0xd0,0x00,0x10,0x00,0x10,0x00,0x10,0x00,0x53,0xfe,0x20,0x00 } },
  { 0x89c8, { 0x04,0x40,0x24,0x40,0x24,0x7c,0x24,0x90,0x25,0x08,0x04,0x00,0x1f,0xf0,0x10,0x10,0x11,0x10,0x11,0x10,0x11,0x10,0x12,0x90,0x02,0x80,0x04,0x84,0x18,0x84,0x60,0x7c } },
  { 0x52b3, { 0x08,0x20,0x08,0x20,0xff,0xfe,0x08,0x20,0x00,0x00,0x7f,0xfe,0x42,0x02,0x82,0x04,0x3f,0xf0,0x02,0x10,0x02,0x10,0x04,0x10,0x04,0x10,0x08,0x10,0x10,0xa0,0x20,0x40 } },
  { 0x8001, { 0x02,0x00,0x02,0x08,0x3f,0xd0,0x02,0x20,0x02,0x40,0xff,0xfe,0x01,0x00,0x02,0x00,0x0c,0x10,0x18,0xe0,0x2f,0x00,0x48,0x08,0x88,0x08,0x08,0x08,0x07,0xf8,0x00,0x00 } },
  { 0x4e86, { 0x3f,0xfc,0x00,0x08,0x00,0x10,0x00,0x20,0x00,0xc0,0x00,0x80,0x00,0x80,0x00,0x80,0x00,0x80,0x00,0x80,0x00,0x80,0x00,0x80,0x00,0x80,0x02,0x80,0x01,0x00,0x00,0x00 } },
  { 0x6cea, { 0x11,0xfe,0x09,0x02,0x09,0x02,0x41,0x02,0x21,0xfe,0x25,0x02,0x05,0x02,0x09,0x02,0x09,0xfe,0x71,0x02,0x11,0x02,0x11,0x02,0x11,0x02,0x11,0xfe,0x01,0x02,0x00,0x00 } },
  { 0x7c7b, { 0x01,0x00,0x11,0x10,0x09,0x20,0x01,0x00,0x7f,0xfc,0x05,0x40,0x09,0x20,0x11,0x10,0x60,0x08,0x01,0x00,0xff,0xfe,0x02,0x80,0x04,0x40,0x08,0x20,0x30,0x18,0xc0,0x06 } },
  { 0x7d2f, { 0x1f,0xfc,0x10,0x84,0x1f,0xfc,0x10,0x84,0x1f,0xfc,0x01,0x00,0x02,0x10,0x0f,0xe0,0x00,0xc0,0x03,0x08,0x1f,0xfc,0x00,0x84,0x08,0x90,0x12,0x88,0x21,0x04,0x00,0x00 } },
  { 0x79bb, { 0x02,0x00,0x01,0x00,0xff,0xfe,0x00,0x00,0x14,0x50,0x13,0x90,0x14,0x50,0x1f,0xf0,0x01,0x00,0x7f,0xfc,0x42,0x04,0x44,0x44,0x4f,0xe4,0x44,0x24,0x40,0x14,0x40,0x08 } },
  { 0x91cc, { 0x00,0x00,0x3f,0xf8,0x21,0x08,0x21,0x08,0x3f,0xf8,0x21,0x08,0x21,0x08,0x3f,0xf8,0x01,0x00,0x01,0x00,0x3f,0xf8,0x01,0x00,0x01,0x00,0x01,0x00,0xff,0xfe,0x00,0x00 } },
  { 0x7406, { 0x00,0x00,0x01,0xfc,0xfd,0x24,0x11,0x24,0x11,0xfc,0x11,0x24,0x11,0x24,0x7d,0xfc,0x10,0x20,0x10,0x20,0x11,0xfc,0x10,0x20,0x1c,0x20,0xe0,0x20,0x43,0xfe,0x00,0x00 } },
  { 0x5386, { 0x3f,0xfe,0x20,0x00,0x20,0x80,0x20,0x80,0x20,0x80,0x2f,0xfc,0x20,0x84,0x20,0x84,0x21,0x04,0x21,0x04,0x22,0x04,0x22,0x04,0x44,0x04,0x48,0x28,0x90,0x10,0x00,0x00 } },
  { 0x7acb, { 0x02,0x00,0x01,0x00,0x01,0x00,0x00,0x00,0x7f,0xfc,0x00,0x00,0x00,0x10,0x10,0x10,0x08,0x20,0x08,0x20,0x04,0x40,0x04,0x40,0x04,0x80,0x00,0x00,0xff,0xfe,0x00,0x00 } },
  { 0x4f8b, { 0x08,0x02,0x08,0x02,0x0b,0xe2,0x11,0x0a,0x11,0x0a,0x31,0xea,0x31,0x2a,0x52,0x2a,0x13,0x2a,0x12,0xaa,0x14,0x4a,0x10,0x4a,0x10,0x82,0x11,0x02,0x12,0x0a,0x14,0x04 } },
  { 0x8fde, { 0x00,0x40,0x20,0x40,0x17,0xfe,0x10,0x80,0x00,0xa0,0x01,0x20,0xf3,0xfc,0x10,0x20,0x10,0x20,0x10,0x20,0x17,0xfe,0x10,0x20,0x10,0x20,0x28,0x20,0x47,0xfe,0x00,0x00 } },
  { 0x8054, { 0x00,0x88,0xfc,0x48,0x48,0x50,0x48,0x00,0x79,0xfc,0x48,0x20,0x48,0x20,0x78,0x20,0x4b,0xfe,0x48,0x20,0x4c,0x50,0x78,0x50,0xc8,0x88,0x08,0x88,0x09,0x04,0x0a,0x02 } },
  { 0x94fe, { 0x20,0x10,0x22,0x10,0x39,0x10,0x21,0x7e,0x40,0x20,0x78,0x28,0xa7,0x48,0x21,0x7e,0xf9,0x08,0x21,0x08,0x21,0xfe,0x21,0x08,0x29,0x08,0x32,0x88,0x24,0x7e,0x00,0x00 } },
  { 0x826f, { 0x04,0x00,0x02,0x00,0x7f,0xe0,0x40,0x20,0x40,0x20,0x7f,0xe0,0x40,0x20,0x40,0x20,0x7f,0xe0,0x44,0x10,0x42,0x20,0x41,0x40,0x40,0x80,0x48,0x40,0x50,0x30,0x60,0x0c } },
  { 0x4e24, { 0xff,0xfe,0x04,0x40,0x04,0x40,0x04,0x40,0x7f,0xfc,0x44,0x44,0x44,0x44,0x44,0x44,0x4a,0xa4,0x4a,0x94,0x51,0x14,0x42,0x04,0x40,0x04,0x40,0x14,0x40,0x08,0x00,0x00 } },
  { 0x4eae, { 0x02,0x00,0x01,0x00,0x7f,0xfc,0x00,0x00,0x1f,0xf0,0x10,0x10,0x1f,0xf0,0x00,0x00,0x7f,0xfe,0x40,0x02,0x8f,0xe4,0x08,0x20,0x08,0x20,0x10,0x22,0x20,0x22,0xc0,0x1e } },
  { 0x91cf, { 0x1f,0xf0,0x10,0x10,0x1f,0xf0,0x10,0x10,0xff,0xfe,0x00,0x00,0x1f,0xf0,0x11,0x10,0x1f,0xf0,0x11,0x10,0x1f,0xf0,0x01,0x00,0x1f,0xf0,0x01,0x00,0x7f,0xfc,0x00,0x00 } },
  { 0x6599, { 0x08,0x08,0x08,0x88,0x4a,0x48,0x2a,0x48,0x2c,0x08,0x08,0x88,0xfe,0x48,0x18,0x48,0x1c,0x08,0x2a,0x0e,0x2a,0xf8,0x48,0x08,0x88,0x08,0x08,0x08,0x08,0x08,0x08,0x08 } },
  { 0x5217, { 0x00,0x02,0x3f,0xc2,0x04,0x02,0x04,0x12,0x0f,0x92,0x08,0x92,0x10,0x92,0x10,0x92,0x29,0x12,0x45,0x12,0x02,0x12,0x02,0x12,0x04,0x02,0x08,0x02,0x10,0x0a,0x20,0x04 } },
  { 0x4e34, { 0x08,0x80,0x08,0x80,0x08,0x80,0x49,0xfe,0x49,0x40,0x4a,0x20,0x4c,0x20,0x48,0x00,0x49,0xfc,0x49,0x24,0x49,0x24,0x49,0x24,0x49,0x24,0x09,0xfc,0x09,0x04,0x08,0x00 } },
  { 0x7075, { 0x3f,0xf8,0x00,0x08,0x00,0x08,0x1f,0xf8,0x00,0x08,0x00,0x08,0x3f,0xf8,0x01,0x00,0x11,0x10,0x11,0x10,0x22,0xa0,0x04,0x40,0x08,0x20,0x30,0x18,0xc0,0x06,0x00,0x00 } },
  { 0x96f6, { 0x3f,0xf8,0x01,0x00,0x7f,0xfe,0x41,0x02,0x9d,0x74,0x01,0x00,0x1d,0x70,0x02,0x80,0x0c,0x60,0x32,0x18,0xc1,0x06,0x1f,0xe0,0x00,0x20,0x06,0x40,0x01,0x80,0x00,0x40 } },
  { 0x4ee4, { 0x01,0x00,0x01,0x00,0x02,0x80,0x04,0x40,0x0a,0x20,0x11,0x10,0x21,0x08,0xc0,0x06,0x1f,0xf0,0x00,0x10,0x00,0x20,0x04,0x40,0x02,0x80,0x01,0x00,0x00,0x80,0x00,0x80 } },
  { 0x6d4f, { 0x01,0x02,0x20,0x82,0x10,0x82,0x17,0xf2,0x00,0x4a,0x42,0x4a,0x21,0x4a,0x29,0x4a,0x08,0x8a,0x10,0x8a,0x71,0x4a,0x11,0x4a,0x12,0x22,0x14,0x22,0x18,0x0a,0x00,0x04 } },
  { 0x6d41, { 0x00,0x80,0x20,0x40,0x17,0xfe,0x10,0x80,0x81,0x10,0x42,0x08,0x47,0xfc,0x10,0x04,0x10,0x00,0x22,0x48,0xe2,0x48,0x22,0x48,0x22,0x48,0x22,0x4a,0x24,0x4a,0x08,0x46 } },
  { 0x7559, { 0x06,0x00,0x78,0xfc,0x40,0x44,0x48,0x44,0x44,0x44,0x5a,0x94,0x61,0x08,0x00,0x00,0x3f,0xf8,0x21,0x08,0x21,0x08,0x3f,0xf8,0x21,0x08,0x21,0x08,0x3f,0xf8,0x20,0x08 } },
  { 0x6f0f, { 0x47,0xfe,0x24,0x02,0x24,0x02,0x07,0xfe,0x84,0x00,0x47,0xfe,0x54,0x20,0x17,0xfe,0x26,0x22,0xe6,0xaa,0x2a,0x22,0x2a,0xaa,0x32,0x22,0x22,0x2a,0x02,0x04,0x00,0x00 } },
  { 0x5f55, { 0x3f,0xf0,0x00,0x10,0x00,0x10,0x1f,0xf0,0x00,0x10,0x00,0x10,0xff,0xfe,0x01,0x00,0x21,0x08,0x11,0x90,0x05,0x60,0x09,0x20,0x31,0x18,0xc5,0x06,0x02,0x00,0x00,0x00 } },
  { 0x8def, { 0x00,0x40,0x7c,0x40,0x44,0x78,0x44,0x88,0x45,0x50,0x7c,0x20,0x10,0x50,0x10,0x88,0x11,0x06,0x5c,0xf8,0x50,0x88,0x50,0x88,0x50,0x88,0x5c,0x88,0xe0,0xf8,0x00,0x88 } },
  { 0x5f8b, { 0x08,0x40,0x08,0x40,0x13,0xf8,0x20,0x48,0x4f,0xfe,0x08,0x48,0x13,0xf8,0x30,0x40,0x50,0x40,0x93,0xf8,0x10,0x40,0x10,0x40,0x17,0xfc,0x10,0x40,0x10,0x40,0x10,0x40 } },
  { 0x7387, { 0x02,0x00,0x01,0x00,0x7f,0xfc,0x02,0x00,0x44,0x44,0x2f,0x88,0x11,0x10,0x22,0x48,0x4f,0xe4,0x00,0x20,0x01,0x00,0xff,0xfe,0x01,0x00,0x01,0x00,0x01,0x00,0x01,0x00 } },
  { 0x4e71, { 0x04,0x40,0x0e,0x40,0x38,0x40,0x08,0x40,0x08,0x40,0xff,0x40,0x08,0x40,0x08,0x40,0x3e,0x40,0x22,0x40,0x22,0x40,0x22,0x42,0x22,0x42,0x3e,0x42,0x22,0x3e,0x00,0x00 } },
  { 0x7565, { 0x00,0x80,0x00,0x80,0xf8,0xf8,0xa9,0x08,0xab,0x10,0xac,0xa0,0xf8,0x40,0xa8,0xa0,0xa9,0x18,0xaa,0x06,0xad,0xf8,0xf9,0x08,0x89,0x08,0x01,0x08,0x01,0xf8,0x01,0x08 } },
  { 0x8f6e, { 0x20,0x40,0x20,0x40,0x20,0xa0,0xfc,0xa0,0x41,0x10,0x52,0x08,0x94,0x06,0xfd,0x10,0x11,0x20,0x11,0x40,0x1d,0x80,0xf1,0x00,0x51,0x04,0x11,0x04,0x10,0xfc,0x10,0x00 } },
  { 0x8bba, { 0x00,0x40,0x20,0x40,0x10,0xa0,0x10,0xa0,0x01,0x10,0x02,0x08,0xf4,0x06,0x11,0x10,0x11,0x20,0x11,0x40,0x11,0x80,0x11,0x00,0x15,0x04,0x19,0x04,0x10,0xfc,0x00,0x00 } },
  { 0x903b, { 0x00,0x00,0x47,0xfc,0x24,0xa4,0x24,0xa4,0x07,0xfc,0x00,0x80,0xe1,0xf8,0x22,0x08,0x25,0x10,0x20,0xa0,0x20,0x40,0x21,0x80,0x2e,0x00,0x50,0x00,0x8f,0xfe,0x00,0x00 } },
  { 0x7edc, { 0x10,0x80,0x10,0x80,0x20,0xf8,0x21,0x08,0x4b,0x10,0xfc,0xa0,0x10,0x40,0x20,0xa0,0x41,0x18,0xfa,0x06,0x45,0xf8,0x01,0x08,0x19,0x08,0xe1,0x08,0x41,0xf8,0x01,0x08 } },
  { 0x843d, { 0x08,0x20,0x08,0x20,0xff,0xfe,0x08,0x20,0x20,0x80,0x10,0xf8,0x11,0x08,0x82,0x90,0x48,0x60,0x49,0x98,0x16,0x06,0xe1,0xf8,0x21,0x08,0x21,0x08,0x21,0xf8,0x21,0x08 } },
  { 0x9a6c, { 0x3f,0xf0,0x00,0x10,0x00,0x10,0x08,0x10,0x08,0x10,0x08,0x10,0x0f,0xfe,0x00,0x02,0x00,0x02,0x00,0x02,0x7f,0xf2,0x00,0x02,0x00,0x02,0x00,0x14,0x00,0x08,0x00,0x00 } },
  { 0x7801, { 0x01,0xf8,0xfc,0x08,0x10,0x08,0x10,0x88,0x20,0x88,0x3c,0x88,0x64,0xfe,0x64,0x02,0xa4,0x02,0x24,0x02,0x25,0xfa,0x3c,0x02,0x24,0x02,0x20,0x14,0x00,0x08,0x00,0x00 } },
  { 0x5417, { 0x03,0xf0,0x78,0x10,0x48,0x10,0x49,0x10,0x49,0x10,0x49,0x10,0x49,0xfc,0x48,0x04,0x48,0x04,0x78,0x04,0x4b,0xf4,0x00,0x04,0x00,0x04,0x00,0x28,0x00,0x10,0x00,0x00 } },
  { 0x57cb, { 0x10,0x00,0x11,0xfc,0x11,0x24,0x11,0x24,0x11,0xfc,0xfd,0x24,0x11,0x24,0x11,0xfc,0x10,0x20,0x10,0x20,0x11,0xfc,0x1c,0x20,0xe0,0x20,0x40,0x20,0x03,0xfe,0x00,0x00 } },
  { 0x6ee1, { 0x01,0x08,0x21,0x08,0x17,0xfe,0x11,0x08,0x80,0x00,0x47,0xfe,0x40,0x90,0x10,0x90,0x17,0xfe,0x24,0x92,0xe4,0x92,0x25,0x6a,0x26,0x46,0x24,0x02,0x24,0x0a,0x04,0x04 } },
  { 0x5192, { 0x3f,0xf8,0x20,0x08,0x2f,0xe8,0x20,0x08,0x2f,0xe8,0x20,0x08,0x00,0x00,0x1f,0xf0,0x10,0x10,0x1f,0xf0,0x10,0x10,0x1f,0xf0,0x10,0x10,0x1f,0xf0,0x10,0x10,0x00,0x00 } },
  { 0x4e48, { 0x01,0x00,0x01,0x00,0x02,0x00,0x02,0x00,0x04,0x40,0x08,0x40,0x10,0x80,0x20,0x80,0x41,0x00,0x02,0x00,0x04,0x20,0x08,0x10,0x10,0x08,0x3f,0xfc,0x10,0x04,0x00,0x00 } },
  { 0x6ca1, { 0x21,0xf0,0x11,0x10,0x11,0x10,0x81,0x10,0x42,0x10,0x54,0x0e,0x18,0x00,0x13,0xf8,0x22,0x08,0xe1,0x08,0x21,0x10,0x20,0xa0,0x20,0x40,0x21,0xb0,0x0e,0x0e,0x00,0x00 } },
  { 0x6bcf, { 0x10,0x00,0x1f,0xfc,0x20,0x00,0x20,0x00,0x5f,0xf0,0x90,0x10,0x12,0x10,0x11,0x10,0xff,0xfe,0x20,0x10,0x22,0x10,0x21,0x10,0x3f,0xfc,0x00,0x10,0x00,0xa0,0x00,0x40 } },
  { 0x4eec, { 0x04,0x80,0x04,0x40,0x04,0x5e,0x09,0x02,0x09,0x02,0x19,0x02,0x19,0x02,0x29,0x02,0x49,0x02,0x09,0x02,0x09,0x02,0x09,0x02,0x09,0x02,0x09,0x02,0x09,0x0a,0x09,0x04 } },
  { 0x7c73, { 0x01,0x00,0x21,0x08,0x11,0x08,0x09,0x10,0x09,0x20,0x01,0x00,0x7f,0xfc,0x03,0x80,0x05,0x40,0x05,0x40,0x09,0x20,0x11,0x10,0x21,0x08,0xc1,0x06,0x01,0x00,0x01,0x00 } },
  { 0x5bc6, { 0x02,0x00,0x01,0x00,0x7f,0xfe,0x40,0x02,0x82,0x24,0x09,0x40,0x28,0x88,0x4b,0x14,0x1c,0x10,0xe7,0xf0,0x01,0x00,0x21,0x08,0x21,0x08,0x21,0x08,0x3f,0xf8,0x00,0x08 } },
  { 0x5e42, { 0x7f,0xfe,0x40,0x02,0x9f,0xf4,0x10,0x10,0x1f,0xf0,0x10,0x10,0x1f,0xf0,0x02,0x00,0xff,0xfe,0x09,0x20,0x3f,0xf8,0xd1,0x16,0x11,0x50,0x11,0x20,0x01,0x00,0x00,0x00 } },
  { 0x514d, { 0x08,0x00,0x08,0x00,0x0f,0xe0,0x10,0x20,0x20,0x40,0x7f,0xf8,0xa1,0x08,0x21,0x08,0x21,0x08,0x3f,0xf8,0x22,0x88,0x04,0x80,0x08,0x80,0x10,0x82,0x20,0x82,0xc0,0x7e } },
  { 0x9762, { 0xff,0xfe,0x02,0x00,0x02,0x00,0x04,0x00,0x3f,0xf8,0x24,0x48,0x24,0x48,0x27,0xc8,0x24,0x48,0x24,0x48,0x27,0xc8,0x24,0x48,0x24,0x48,0x3f,0xf8,0x20,0x08,0x00,0x00 } },
  { 0x55b5, { 0x00,0x88,0x00,0x88,0x7b,0xfe,0x48,0x88,0x48,0x88,0x48,0x00,0x49,0xfc,0x49,0x24,0x49,0x24,0x49,0x24,0x79,0xfc,0x49,0x24,0x01,0x24,0x01,0x24,0x01,0xfc,0x01,0x04 } },
  { 0x63cf, { 0x10,0x88,0x10,0x88,0x13,0xfe,0x10,0x88,0xfc,0x88,0x10,0x00,0x11,0xfc,0x15,0x24,0x19,0x24,0x31,0x24,0xd1,0xfc,0x11,0x24,0x11,0x24,0x11,0x24,0x51,0xfc,0x21,0x04 } },
  { 0x79d2, { 0x08,0x20,0x1c,0x20,0xf0,0x20,0x10,0xa8,0x10,0xa4,0xfc,0xa2,0x11,0x22,0x31,0x20,0x3a,0x24,0x54,0x24,0x54,0x28,0x90,0x08,0x10,0x10,0x10,0x20,0x10,0xc0,0x13,0x00 } },
  { 0x706d, { 0xff,0xfe,0x01,0x00,0x01,0x00,0x11,0x08,0x11,0x08,0x11,0x10,0x21,0x20,0x42,0x80,0x02,0x80,0x04,0x40,0x04,0x40,0x08,0x20,0x10,0x10,0x20,0x08,0xc0,0x06,0x00,0x00 } },
  { 0x654f, { 0x40,0x20,0x40,0x20,0x7f,0x20,0x80,0x3e,0x7e,0x44,0x42,0x44,0x52,0x44,0x4a,0xa4,0xff,0xa8,0x42,0x28,0x92,0x10,0x8a,0x10,0xff,0x28,0x02,0x48,0x14,0x84,0x09,0x02 } },
  { 0x540d, { 0x01,0x00,0x01,0x00,0x03,0xf8,0x04,0x08,0x0a,0x10,0x31,0x20,0x01,0x40,0x00,0x80,0x03,0x00,0x0f,0xfc,0x74,0x04,0x04,0x04,0x04,0x04,0x04,0x04,0x07,0xfc,0x04,0x04 } },
  { 0x660e, { 0x00,0xfc,0x7c,0x84,0x44,0x84,0x44,0x84,0x44,0xfc,0x7c,0x84,0x44,0x84,0x44,0x84,0x44,0xfc,0x7c,0x84,0x44,0x84,0x01,0x04,0x01,0x04,0x02,0x14,0x04,0x08,0x00,0x00 } },
  { 0x547d, { 0x01,0x00,0x01,0x00,0x02,0x80,0x04,0x40,0x08,0x20,0x37,0xd8,0xc0,0x06,0x00,0x00,0x3e,0xf8,0x22,0x88,0x22,0x88,0x22,0x88,0x3e,0xa8,0x22,0x90,0x00,0x80,0x00,0x80 } },
  { 0x6478, { 0x11,0x10,0x11,0x10,0x17,0xfc,0x11,0x10,0xfc,0x00,0x13,0xf8,0x12,0x08,0x17,0xf8,0x1a,0x08,0x33,0xf8,0xd0,0x40,0x17,0xfc,0x10,0xa0,0x11,0x10,0x52,0x08,0x24,0x06 } },
  { 0x6a21, { 0x11,0x10,0x11,0x10,0x17,0xfc,0x11,0x10,0xfc,0x00,0x13,0xf8,0x32,0x08,0x3b,0xf8,0x56,0x08,0x53,0xf8,0x90,0x40,0x17,0xfc,0x10,0xa0,0x11,0x10,0x12,0x08,0x14,0x06 } },
  { 0x672b, { 0x01,0x00,0x01,0x00,0x01,0x00,0xff,0xfe,0x01,0x00,0x01,0x00,0x01,0x00,0x7f,0xfc,0x03,0x80,0x05,0x40,0x09,0x20,0x11,0x10,0x21,0x08,0xc1,0x06,0x01,0x00,0x01,0x00 } },
  { 0x9ed8, { 0x00,0x20,0xfe,0x28,0x92,0x24,0xd6,0x24,0xba,0x20,0x93,0xfe,0xfe,0x20,0x10,0x20,0xfe,0x20,0x10,0x50,0x1e,0x50,0xe0,0x50,0x02,0x88,0xaa,0x88,0xa9,0x04,0x82,0x02 } },
  { 0x67d0, { 0x08,0x20,0x08,0x20,0xff,0xfe,0x08,0x20,0x08,0x20,0x0f,0xe0,0x08,0x20,0x08,0x20,0x0f,0xe0,0x01,0x00,0xff,0xfe,0x05,0x40,0x09,0x20,0x31,0x18,0xc1,0x06,0x01,0x00 } },
  { 0x76ee, { 0x3f,0xf8,0x20,0x08,0x20,0x08,0x20,0x08,0x3f,0xf8,0x20,0x08,0x20,0x08,0x20,0x08,0x3f,0xf8,0x20,0x08,0x20,0x08,0x20,0x08,0x20,0x08,0x3f,0xf8,0x20,0x08,0x00,0x00 } },
  { 0x5e55, { 0x04,0x40,0x7f,0xfc,0x04,0x40,0x1f,0xf0,0x10,0x10,0x1f,0xf0,0x10,0x10,0x1f,0xf0,0x04,0x00,0xff,0xfe,0x11,0x10,0x3f,0xf8,0xd1,0x16,0x11,0x50,0x11,0x20,0x01,0x00 } },
  { 0x62ff, { 0x01,0x00,0x06,0xc0,0x18,0x30,0xef,0xee,0x00,0x00,0x1f,0xf0,0x10,0x10,0x1f,0xf0,0x00,0x20,0x1f,0xc0,0x01,0x00,0x3f,0xf8,0x01,0x00,0x7f,0xfc,0x01,0x00,0x03,0x00 } },
  { 0x54ea, { 0x0f,0xde,0x72,0x52,0x52,0x52,0x52,0x54,0x57,0xd4,0x52,0x58,0x52,0x54,0x52,0x52,0x5f,0xd2,0x72,0x52,0x52,0x5a,0x02,0x54,0x04,0x50,0x05,0x50,0x08,0x90,0x00,0x00 } },
  { 0x90a3, { 0x3f,0x3e,0x09,0x22,0x09,0x24,0x09,0x24,0x3f,0x28,0x09,0x24,0x09,0x24,0x3f,0x22,0x09,0x22,0x09,0x22,0x11,0x34,0x11,0x28,0x25,0x20,0x42,0x20,0x00,0x20,0x00,0x00 } },
  { 0x8111, { 0x00,0x40,0x78,0x20,0x48,0x20,0x4f,0xfe,0x48,0x00,0x78,0x00,0x48,0x90,0x4a,0x54,0x4a,0x24,0x7a,0x24,0x4a,0x54,0x4a,0x94,0x4a,0x04,0x4a,0x04,0x4b,0xfc,0x98,0x04 } },
  { 0x5185, { 0x01,0x00,0x01,0x00,0x01,0x00,0x7f,0xfc,0x41,0x04,0x41,0x04,0x41,0x04,0x42,0x84,0x42,0x44,0x44,0x24,0x48,0x14,0x50,0x14,0x40,0x04,0x40,0x04,0x40,0x14,0x40,0x08 } },
  { 0x80fd, { 0x10,0x40,0x24,0x44,0x42,0x48,0xff,0x70,0x01,0x40,0x00,0x42,0x7e,0x42,0x42,0x3e,0x42,0x00,0x7e,0x44,0x42,0x48,0x42,0x70,0x7e,0x40,0x42,0x42,0x4a,0x42,0x44,0x3e } },
  { 0x4f60, { 0x08,0x80,0x08,0x80,0x08,0x80,0x11,0xfe,0x11,0x02,0x32,0x04,0x34,0x20,0x50,0x20,0x91,0x28,0x11,0x24,0x12,0x24,0x12,0x22,0x14,0x22,0x10,0x20,0x10,0xa0,0x10,0x40 } },
  { 0x5b81, { 0x02,0x00,0x01,0x00,0x01,0x00,0x7f,0xfe,0x40,0x02,0x80,0x04,0x00,0x00,0x3f,0xf8,0x01,0x00,0x01,0x00,0x01,0x00,0x01,0x00,0x01,0x00,0x01,0x00,0x05,0x00,0x02,0x00 } },
  { 0x94ae, { 0x10,0x00,0x11,0xf8,0x3c,0x48,0x20,0x48,0x40,0x48,0xbc,0x48,0x10,0x48,0x11,0xf8,0xfc,0x88,0x10,0x88,0x10,0x88,0x10,0x88,0x14,0x88,0x18,0x88,0x13,0xfe,0x00,0x00 } },
  { 0x632a, { 0x10,0x00,0x17,0xde,0x12,0x52,0x12,0x52,0xfa,0x54,0x17,0xd4,0x12,0x58,0x1a,0x54,0x32,0x52,0xdf,0xd2,0x12,0x52,0x12,0x5a,0x12,0x54,0x14,0x50,0x55,0x50,0x28,0x90 } },
  { 0x5076, { 0x10,0x00,0x17,0xfc,0x14,0x44,0x24,0x44,0x27,0xfc,0x64,0x44,0x64,0x44,0xa7,0xfc,0x20,0x40,0x2f,0xfe,0x28,0x42,0x28,0x52,0x2b,0xf2,0x29,0x12,0x28,0x0a,0x28,0x04 } },
  { 0x8026, { 0x11,0xfc,0x11,0x24,0x11,0x24,0xfd,0xfc,0x11,0x24,0x79,0x24,0x11,0xfc,0xfc,0x20,0x10,0x20,0x3b,0xfe,0x36,0x22,0x52,0x2a,0x52,0xfa,0x92,0x0a,0x12,0x02,0x12,0x06 } },
  { 0x6015, { 0x08,0x10,0x08,0x10,0x08,0x20,0x08,0xfe,0x0c,0x82,0x2a,0x82,0x28,0x82,0x28,0x82,0x48,0xfe,0x08,0x82,0x08,0x82,0x08,0x82,0x08,0x82,0x08,0x82,0x08,0xfe,0x08,0x82 } },
  { 0x6392, { 0x10,0x90,0x10,0x90,0x10,0x90,0x17,0x9e,0xf8,0x90,0x10,0x90,0x10,0x90,0x1b,0x9c,0x30,0x90,0xd0,0x90,0x10,0x90,0x17,0x9e,0x10,0x90,0x10,0x90,0x50,0x90,0x20,0x90 } },
  { 0x76d8, { 0x02,0x00,0x04,0x00,0x1f,0xf0,0x11,0x10,0x10,0x90,0xff,0xfe,0x10,0x10,0x12,0x10,0x21,0x50,0x40,0x20,0x3f,0xf8,0x24,0x48,0x24,0x48,0x24,0x48,0xff,0xfe,0x00,0x00 } },
  { 0x5224, { 0x02,0x02,0x22,0x42,0x12,0x42,0x12,0x92,0x02,0x12,0x3f,0xd2,0x02,0x12,0x02,0x12,0x02,0x12,0x7f,0xf2,0x02,0x12,0x04,0x12,0x04,0x02,0x08,0x02,0x10,0x0a,0x20,0x04 } },
  { 0x65c1, { 0x02,0x00,0x01,0x00,0x3f,0xf8,0x08,0x20,0x04,0x40,0x7f,0xfe,0x42,0x02,0x81,0x04,0x3f,0xf8,0x04,0x00,0x04,0x00,0x07,0xf0,0x08,0x10,0x08,0x10,0x10,0x50,0x20,0x20 } },
  { 0x8dd1, { 0x00,0x80,0x7c,0x80,0x45,0xfc,0x45,0x04,0x46,0x04,0x7d,0xf4,0x11,0x14,0x11,0x14,0x5d,0x14,0x51,0xf4,0x51,0x04,0x51,0x28,0x5d,0x12,0xe1,0x02,0x00,0xfe,0x00,0x00 } },
  { 0x914d, { 0xfe,0x00,0x28,0xf8,0x28,0x08,0xfe,0x08,0xaa,0x08,0xaa,0x08,0xaa,0xf8,0xae,0x88,0xc2,0x80,0x82,0x80,0xfe,0x80,0x82,0x82,0x82,0x82,0xfe,0x7e,0x82,0x00,0x00,0x00 } },
  { 0x78b0, { 0x01,0x08,0x00,0x90,0xf8,0x00,0x23,0xfc,0x20,0x90,0x40,0x90,0x78,0x92,0x4c,0x92,0xca,0x94,0x4a,0x98,0x48,0x90,0x48,0x90,0x78,0x90,0x48,0x90,0x07,0xfe,0x00,0x00 } },
  { 0x5339, { 0x00,0x00,0x7f,0xfc,0x44,0x40,0x44,0x40,0x44,0x40,0x44,0x40,0x44,0x40,0x44,0x40,0x44,0x44,0x44,0x44,0x48,0x44,0x48,0x3c,0x50,0x00,0x40,0x00,0x7f,0xfe,0x00,0x00 } },
  { 0x504f, { 0x08,0x40,0x08,0x20,0x0b,0xfe,0x12,0x02,0x12,0x02,0x33,0xfe,0x32,0x00,0x52,0x00,0x13,0xfe,0x13,0x52,0x15,0x52,0x15,0xfe,0x15,0x52,0x15,0x52,0x19,0x52,0x11,0x06 } },
  { 0x7247, { 0x00,0x40,0x10,0x40,0x10,0x40,0x10,0x40,0x10,0x40,0x1f,0xfc,0x10,0x00,0x10,0x00,0x10,0x00,0x1f,0xe0,0x10,0x20,0x10,0x20,0x10,0x20,0x20,0x20,0x20,0x20,0x40,0x20 } },
  { 0x62fc, { 0x11,0x04,0x10,0x84,0x10,0x88,0x10,0x00,0xfd,0xfe,0x10,0x88,0x10,0x88,0x14,0x88,0x18,0x88,0x33,0xfe,0xd0,0x88,0x10,0x88,0x11,0x08,0x11,0x08,0x52,0x08,0x24,0x08 } },
  { 0x5e73, { 0x7f,0xfc,0x01,0x00,0x01,0x00,0x11,0x10,0x09,0x10,0x09,0x20,0x01,0x00,0xff,0xfe,0x01,0x00,0x01,0x00,0x01,0x00,0x01,0x00,0x01,0x00,0x01,0x00,0x01,0x00,0x00,0x00 } },
  { 0x51ed, { 0x08,0x38,0x0b,0xc0,0x10,0x40,0x30,0x40,0x57,0xfe,0x90,0x40,0x10,0x40,0x10,0x40,0x13,0xf8,0x00,0x00,0x0f,0xe0,0x08,0x20,0x08,0x20,0x10,0x22,0x20,0x22,0xc0,0x1e } },
  { 0x5c4f, { 0x1f,0xfc,0x10,0x04,0x10,0x04,0x1f,0xfc,0x12,0x08,0x11,0x10,0x17,0xfc,0x11,0x10,0x11,0x10,0x1f,0xfe,0x11,0x10,0x21,0x10,0x22,0x10,0x42,0x10,0x04,0x10,0x00,0x00 } },
  { 0x7834, { 0x00,0x10,0x00,0x10,0xfc,0x10,0x11,0xfe,0x11,0x12,0x21,0x14,0x3d,0x10,0x65,0xfc,0x65,0x44,0xa5,0x44,0x25,0x28,0x25,0x28,0x3d,0x10,0x26,0x28,0x22,0x44,0x04,0x82 } },
  { 0x671f, { 0x11,0x00,0x11,0x3e,0x3f,0xa2,0x11,0x22,0x11,0x22,0x1f,0x3e,0x11,0x22,0x11,0x22,0x1f,0x22,0x11,0x3e,0x11,0x22,0x7f,0xa2,0x02,0x42,0x11,0x42,0x20,0x8a,0x41,0x04 } },
  { 0x9f50, { 0x02,0x00,0x01,0x00,0x7f,0xfc,0x08,0x20,0x04,0x40,0x03,0x80,0x0c,0x60,0x30,0x18,0xc8,0x26,0x08,0x20,0x08,0x20,0x08,0x20,0x08,0x20,0x10,0x20,0x10,0x20,0x20,0x20 } },
  { 0x5176, { 0x08,0x20,0x08,0x20,0x7f,0xfc,0x08,0x20,0x08,0x20,0x0f,0xe0,0x08,0x20,0x08,0x20,0x0f,0xe0,0x08,0x20,0x08,0x20,0xff,0xfe,0x00,0x00,0x08,0x20,0x10,0x10,0x20,0x08 } },
  { 0x542f, { 0x00,0x80,0x00,0x40,0x0f,0xfe,0x08,0x02,0x08,0x02,0x08,0x02,0x0f,0xfe,0x08,0x00,0x08,0x00,0x08,0x00,0x0b,0xfe,0x12,0x02,0x12,0x02,0x22,0x02,0x43,0xfe,0x02,0x02 } },
  { 0x8d77, { 0x08,0x00,0x08,0x00,0x08,0xf8,0x7e,0x08,0x08,0x08,0x08,0x08,0xfe,0xf8,0x08,0x88,0x28,0x80,0x28,0x80,0x2e,0x84,0x28,0x84,0x28,0x7c,0x58,0x00,0x4f,0xfe,0x80,0x00 } },
  { 0x5f03, { 0x01,0x00,0x00,0x80,0x3f,0xfc,0x02,0x00,0x04,0x20,0x08,0x10,0x1f,0xf8,0x00,0x08,0x04,0x20,0x04,0x20,0x7f,0xfe,0x04,0x20,0x04,0x20,0x08,0x20,0x10,0x20,0x20,0x20 } },
  { 0x5951, { 0x08,0x00,0x08,0x00,0x7f,0x7c,0x08,0x24,0x3e,0x24,0x08,0x24,0x7f,0x44,0x08,0x54,0x09,0x88,0x01,0x00,0xff,0xfe,0x02,0x80,0x04,0x40,0x08,0x20,0x30,0x18,0xc0,0x06 } },
  { 0x5668, { 0x3e,0x7c,0x22,0x44,0x22,0x44,0x3e,0x7c,0x01,0x20,0x01,0x10,0xff,0xfe,0x02,0x80,0x0c,0x60,0x30,0x18,0xc0,0x06,0x3e,0x7c,0x22,0x44,0x22,0x44,0x3e,0x7c,0x00,0x00 } },
  { 0x5343, { 0x00,0x10,0x00,0xf8,0x3f,0x00,0x01,0x00,0x01,0x00,0x01,0x00,0x01,0x00,0xff,0xfe,0x01,0x00,0x01,0x00,0x01,0x00,0x01,0x00,0x01,0x00,0x01,0x00,0x01,0x00,0x01,0x00 } },
  { 0x7b7e, { 0x10,0x40,0x10,0x40,0x3f,0x7e,0x28,0x90,0x45,0x08,0x82,0x80,0x04,0x40,0x08,0x20,0x37,0xd8,0xc0,0x06,0x02,0x10,0x11,0x10,0x09,0x20,0x08,0x40,0x7f,0xfc,0x00,0x00 } },
  { 0x524d, { 0x10,0x10,0x08,0x10,0x08,0x20,0xff,0xfe,0x00,0x00,0x3e,0x08,0x22,0x48,0x22,0x48,0x3e,0x48,0x22,0x48,0x22,0x48,0x3e,0x48,0x22,0x08,0x22,0x08,0x2a,0x28,0x24,0x10 } },
  { 0x6d45, { 0x00,0x50,0x10,0x48,0x08,0x40,0x08,0x5c,0x43,0xe0,0x20,0x40,0x20,0x5e,0x0b,0xe0,0x08,0x44,0x10,0x48,0x70,0x30,0x10,0x22,0x10,0x52,0x10,0x8a,0x13,0x06,0x00,0x02 } },
  { 0x5f3a, { 0xf9,0xfc,0x09,0x04,0x09,0x04,0x09,0xfc,0x78,0x20,0x40,0x20,0x43,0xfe,0x42,0x22,0x7a,0x22,0x0b,0xfe,0x08,0x20,0x08,0x24,0x08,0x22,0x57,0xfe,0x20,0x02,0x00,0x00 } },
  { 0x62a2, { 0x10,0x40,0x10,0x40,0x10,0xa0,0x10,0xa0,0xfd,0x10,0x12,0x08,0x14,0x06,0x11,0xf0,0x19,0x10,0x31,0x10,0xd1,0x50,0x11,0x20,0x11,0x04,0x11,0x04,0x50,0xfc,0x20,0x00 } },
  { 0x4e14, { 0x00,0x00,0x1f,0xf0,0x10,0x10,0x10,0x10,0x10,0x10,0x1f,0xf0,0x10,0x10,0x10,0x10,0x10,0x10,0x1f,0xf0,0x10,0x10,0x10,0x10,0x10,0x10,0x10,0x10,0xff,0xfe,0x00,0x00 } },
  { 0x5207, { 0x08,0x00,0x08,0x00,0x08,0xfe,0x08,0x22,0x08,0x22,0x0f,0x22,0x78,0x22,0x08,0x22,0x08,0x22,0x09,0x22,0x0a,0x22,0x0c,0x42,0x08,0x42,0x00,0x82,0x01,0x14,0x02,0x08 } },
  { 0x6e05, { 0x00,0x40,0x20,0x40,0x17,0xfc,0x10,0x40,0x83,0xf8,0x40,0x40,0x47,0xfe,0x10,0x00,0x13,0xf8,0x22,0x08,0xe3,0xf8,0x22,0x08,0x23,0xf8,0x22,0x08,0x22,0x28,0x02,0x10 } },
  { 0x60c5, { 0x10,0x40,0x10,0x40,0x17,0xfc,0x10,0x40,0x1b,0xf8,0x54,0x40,0x57,0xfe,0x50,0x00,0x93,0xf8,0x12,0x08,0x13,0xf8,0x12,0x08,0x13,0xf8,0x12,0x08,0x12,0x28,0x12,0x10 } },
  { 0x8bf7, { 0x00,0x40,0x40,0x40,0x27,0xfc,0x20,0x40,0x03,0xf8,0x00,0x40,0xe7,0xfe,0x20,0x00,0x23,0xf8,0x22,0x08,0x23,0xf8,0x22,0x08,0x2b,0xf8,0x32,0x08,0x22,0x28,0x02,0x10 } },
  { 0x6c42, { 0x01,0x20,0x01,0x10,0x01,0x00,0x7f,0xfc,0x01,0x00,0x21,0x08,0x11,0x10,0x09,0xa0,0x03,0x40,0x05,0x20,0x09,0x10,0x11,0x08,0x61,0x06,0x01,0x00,0x05,0x00,0x02,0x00 } },
  { 0x533a, { 0x00,0x00,0x7f,0xfc,0x40,0x00,0x40,0x10,0x44,0x10,0x42,0x20,0x41,0x40,0x40,0x80,0x41,0x40,0x42,0x20,0x44,0x10,0x48,0x10,0x40,0x00,0x40,0x00,0x7f,0xfe,0x00,0x00 } },
  { 0x9a71, { 0xf9,0xfe,0x09,0x00,0x49,0x04,0x49,0x44,0x49,0x28,0x49,0x28,0x7d,0x10,0x05,0x10,0x05,0x28,0x1d,0x28,0xe5,0x44,0x45,0x84,0x05,0x00,0x29,0xfe,0x10,0x00,0x00,0x00 } },
  { 0x53d6, { 0xff,0x80,0x22,0xfc,0x22,0x44,0x3e,0x44,0x22,0x44,0x22,0x44,0x3e,0x44,0x22,0x28,0x22,0x28,0x27,0xa8,0xfa,0x10,0x42,0x10,0x02,0x28,0x02,0x44,0x02,0x82,0x00,0x00 } },
  { 0x53bb, { 0x01,0x00,0x01,0x00,0x01,0x00,0x3f,0xf8,0x01,0x00,0x01,0x00,0x01,0x00,0x01,0x00,0xff,0xfe,0x02,0x00,0x02,0x00,0x04,0x00,0x08,0x20,0x10,0x10,0x3f,0xf8,0x00,0x08 } },
  { 0x5708, { 0x7f,0xfc,0x49,0x24,0x45,0x44,0x5f,0xf4,0x42,0x04,0x7f,0xfc,0x48,0x24,0x57,0xd4,0x64,0x4c,0x44,0xc4,0x44,0x24,0x43,0xe4,0x40,0x04,0x7f,0xfc,0x40,0x04,0x00,0x00 } },
  { 0x5168, { 0x01,0x00,0x01,0x00,0x02,0x80,0x04,0x40,0x08,0x20,0x10,0x10,0x2f,0xe8,0xc1,0x06,0x01,0x00,0x01,0x00,0x1f,0xf0,0x01,0x00,0x01,0x00,0x01,0x00,0x7f,0xfc,0x00,0x00 } },
  { 0x6743, { 0x10,0x00,0x13,0xfc,0x11,0x04,0x11,0x04,0xfd,0x04,0x10,0x88,0x30,0x88,0x38,0x88,0x54,0x50,0x54,0x50,0x90,0x20,0x10,0x20,0x10,0x50,0x10,0x88,0x11,0x04,0x16,0x02 } },
  { 0x7f3a, { 0x20,0x20,0x20,0x20,0x3c,0x20,0x51,0xfc,0x90,0x24,0x10,0x24,0xfe,0x24,0x10,0x24,0x13,0xfe,0x54,0x20,0x54,0x50,0x54,0x50,0x5c,0x88,0x64,0x88,0x05,0x04,0x02,0x02 } },
  { 0x786e, { 0x00,0x40,0x00,0x40,0xfc,0x7c,0x10,0x84,0x11,0x08,0x22,0xfe,0x3c,0x92,0x64,0x92,0x64,0xfe,0xa4,0x92,0x24,0x92,0x24,0xfe,0x3c,0x92,0x25,0x12,0x21,0x0a,0x02,0x04 } },
  { 0x7136, { 0x10,0x20,0x10,0x28,0x1e,0x24,0x22,0x20,0x33,0xfe,0x4a,0x20,0xa4,0x50,0x14,0x50,0x08,0x88,0x10,0x88,0x21,0x04,0x42,0x02,0x00,0x00,0x48,0x88,0x44,0x44,0x84,0x44 } },
  { 0x67d3, { 0x20,0x80,0x10,0x80,0x03,0xf0,0x40,0x90,0x21,0x10,0x09,0x12,0x12,0x12,0x64,0x0e,0x29,0x00,0x01,0x00,0xff,0xfe,0x05,0x40,0x09,0x20,0x31,0x18,0xc1,0x06,0x01,0x00 } },
  { 0x8ba9, { 0x00,0x40,0x20,0x40,0x10,0x40,0x10,0x40,0x00,0x40,0x00,0x40,0xf0,0x7c,0x10,0x40,0x10,0x40,0x10,0x40,0x10,0x40,0x14,0x40,0x18,0x40,0x10,0x40,0x0f,0xfe,0x00,0x00 } },
  { 0x7ed5, { 0x10,0x80,0x10,0x80,0x20,0xbc,0x23,0xc0,0x48,0x50,0xf8,0x24,0x10,0xd4,0x23,0x0c,0x40,0x00,0xfb,0xfe,0x40,0x90,0x00,0x90,0x19,0x12,0xe1,0x12,0x42,0x0e,0x04,0x00 } },
  { 0x70ed, { 0x10,0x40,0x10,0x40,0x10,0x40,0xfd,0xf8,0x10,0x48,0x10,0x48,0x1c,0xc8,0x30,0x48,0xd0,0xaa,0x10,0xaa,0x51,0x06,0x22,0x02,0x00,0x00,0x48,0x88,0x44,0x44,0x84,0x44 } },
  { 0x4eba, { 0x01,0x00,0x01,0x00,0x01,0x00,0x01,0x00,0x01,0x00,0x01,0x00,0x02,0x80,0x02,0x80,0x04,0x40,0x04,0x40,0x08,0x20,0x08,0x20,0x10,0x10,0x20,0x08,0x40,0x04,0x80,0x02 } },
  { 0x8ba4, { 0x00,0x40,0x20,0x40,0x10,0x40,0x10,0x40,0x00,0x40,0x00,0x40,0xf0,0x40,0x10,0x40,0x10,0xa0,0x10,0xa0,0x10,0xa0,0x15,0x10,0x19,0x10,0x12,0x08,0x04,0x04,0x08,0x02 } },
  { 0x4efb, { 0x08,0x10,0x08,0x78,0x0b,0xc0,0x10,0x40,0x10,0x40,0x30,0x40,0x30,0x40,0x5f,0xfe,0x90,0x40,0x10,0x40,0x10,0x40,0x10,0x40,0x10,0x40,0x10,0x40,0x17,0xfc,0x10,0x00 } },
  { 0x4ecd, { 0x04,0x00,0x04,0x00,0x05,0xfc,0x08,0x44,0x08,0x48,0x18,0x48,0x18,0x50,0x28,0x5e,0x48,0x42,0x08,0x42,0x08,0x82,0x08,0x82,0x08,0x82,0x09,0x02,0x09,0x14,0x0a,0x08 } },
  { 0x65e5, { 0x1f,0xf0,0x10,0x10,0x10,0x10,0x10,0x10,0x10,0x10,0x10,0x10,0x1f,0xf0,0x10,0x10,0x10,0x10,0x10,0x10,0x10,0x10,0x10,0x10,0x10,0x10,0x1f,0xf0,0x10,0x10,0x00,0x00 } },
  { 0x5bb9, { 0x02,0x00,0x01,0x00,0x7f,0xfe,0x40,0x02,0x88,0x24,0x11,0x10,0x22,0x88,0x04,0x40,0x08,0x20,0x30,0x18,0xdf,0xf6,0x10,0x10,0x10,0x10,0x10,0x10,0x1f,0xf0,0x10,0x10 } },
  { 0x5982, { 0x08,0x00,0x08,0x00,0x08,0x00,0x08,0x3e,0x7f,0x22,0x11,0x22,0x11,0x22,0x11,0x22,0x21,0x22,0x12,0x22,0x0a,0x22,0x04,0x22,0x0a,0x22,0x11,0x3e,0x21,0x22,0x40,0x00 } },
  { 0x5165, { 0x04,0x00,0x02,0x00,0x01,0x00,0x01,0x00,0x01,0x00,0x02,0x80,0x02,0x80,0x02,0x80,0x04,0x40,0x04,0x40,0x08,0x20,0x08,0x20,0x10,0x10,0x20,0x10,0x40,0x08,0x80,0x06 } },
  { 0x8f6f, { 0x10,0x40,0x10,0x40,0x10,0x40,0xfe,0x7c,0x20,0x84,0x28,0x88,0x49,0x20,0x7e,0x20,0x08,0x20,0x08,0x50,0x0e,0x50,0xf8,0x50,0x48,0x88,0x08,0x88,0x09,0x04,0x0a,0x02 } },
  { 0x82e5, { 0x08,0x20,0x08,0x20,0xff,0xfe,0x08,0x20,0x0a,0x20,0x02,0x00,0xff,0xfe,0x04,0x00,0x08,0x00,0x1f,0xf0,0x28,0x10,0x48,0x10,0x88,0x10,0x08,0x10,0x0f,0xf0,0x08,0x10 } },
  { 0x585e, { 0x02,0x00,0x01,0x00,0x7f,0xfe,0x44,0x42,0x9f,0xf4,0x04,0x40,0x3f,0xf8,0x04,0x40,0xff,0xfe,0x08,0x20,0x11,0x10,0x21,0x08,0xdf,0xf6,0x01,0x00,0x01,0x00,0x7f,0xfc } },
  { 0x4e09, { 0x00,0x00,0x00,0x00,0x7f,0xfc,0x00,0x00,0x00,0x00,0x00,0x00,0x00,0x00,0x3f,0xf8,0x00,0x00,0x00,0x00,0x00,0x00,0x00,0x00,0x00,0x00,0xff,0xfe,0x00,0x00,0x00,0x00 } },
  { 0x6563, { 0x24,0x20,0x24,0x20,0x7e,0x20,0x24,0x3e,0x24,0x44,0xff,0x44,0x00,0x44,0x7e,0xa4,0x42,0x28,0x7e,0x28,0x42,0x10,0x7e,0x10,0x42,0x28,0x42,0x28,0x4a,0x44,0x44,0x82 } },
  { 0x626b, { 0x08,0x00,0x08,0x00,0x09,0xfe,0x08,0x02,0x7e,0x02,0x08,0x02,0x08,0x02,0x0a,0xfe,0x0c,0x02,0x18,0x02,0x68,0x02,0x08,0x02,0x08,0x02,0x09,0xfe,0x28,0x02,0x10,0x00 } },
  { 0x8272, { 0x08,0x00,0x08,0x00,0x1f,0xe0,0x20,0x20,0x40,0x40,0xbf,0xf8,0x21,0x08,0x21,0x08,0x21,0x08,0x3f,0xf8,0x20,0x00,0x20,0x02,0x20,0x02,0x20,0x02,0x1f,0xfe,0x00,0x00 } },
  { 0x5220, { 0x00,0x02,0x7b,0xc2,0x4a,0x42,0x4a,0x4a,0x4a,0x4a,0x4a,0x4a,0x4a,0x4a,0xff,0xea,0x4a,0x4a,0x4a,0x4a,0x4a,0x4a,0x4a,0x4a,0x4a,0x42,0x5a,0x42,0x85,0x4a,0x08,0x84 } },
  { 0x95ea, { 0x20,0x00,0x17,0xfc,0x00,0x04,0x40,0x04,0x41,0x04,0x41,0x04,0x41,0x04,0x41,0x04,0x42,0x84,0x42,0x44,0x44,0x24,0x48,0x24,0x40,0x04,0x40,0x04,0x40,0x14,0x40,0x08 } },
  { 0x4e0a, { 0x02,0x00,0x02,0x00,0x02,0x00,0x02,0x00,0x02,0x00,0x02,0x00,0x03,0xf8,0x02,0x00,0x02,0x00,0x02,0x00,0x02,0x00,0x02,0x00,0x02,0x00,0x02,0x00,0xff,0xfe,0x00,0x00 } },
  { 0x5c11, { 0x01,0x00,0x01,0x00,0x01,0x00,0x09,0x20,0x09,0x10,0x11,0x08,0x11,0x04,0x21,0x14,0x41,0x10,0x01,0x20,0x00,0x40,0x00,0x80,0x01,0x00,0x02,0x00,0x0c,0x00,0x70,0x00 } },
  { 0x820d, { 0x01,0x00,0x02,0x80,0x04,0x40,0x08,0x20,0x30,0x18,0xcf,0xe6,0x01,0x00,0x01,0x00,0x3f,0xf8,0x01,0x00,0x01,0x00,0x1f,0xf0,0x10,0x10,0x10,0x10,0x1f,0xf0,0x10,0x10 } },
  { 0x8bbe, { 0x21,0xf0,0x11,0x10,0x11,0x10,0x01,0x10,0x02,0x0e,0xf4,0x00,0x13,0xf8,0x11,0x08,0x11,0x10,0x10,0x90,0x14,0xa0,0x18,0x40,0x10,0xa0,0x03,0x18,0x0c,0x06,0x00,0x00 } },
  { 0x5c04, { 0x08,0x08,0x10,0x08,0x3e,0x08,0x22,0x08,0x3e,0xfe,0x22,0x08,0x3e,0x08,0x22,0x08,0x22,0x48,0xfe,0x28,0x06,0x28,0x0a,0x08,0x12,0x08,0x22,0x08,0x4a,0x28,0x04,0x10 } },
  { 0x8c01, { 0x01,0x40,0x41,0x20,0x21,0x20,0x23,0xfe,0x02,0x20,0x06,0x20,0xeb,0xfc,0x22,0x20,0x22,0x20,0x23,0xfc,0x22,0x20,0x22,0x20,0x2a,0x20,0x33,0xfe,0x22,0x00,0x02,0x00 } },
  { 0x8eab, { 0x02,0x00,0x04,0x00,0x1f,0xf0,0x10,0x10,0x1f,0xf0,0x10,0x10,0x1f,0xf2,0x10,0x14,0x10,0x18,0x7f,0xf0,0x00,0x50,0x00,0x90,0x03,0x10,0x1c,0x10,0xe0,0x50,0x00,0x20 } },
  { 0x6df1, { 0x27,0xfc,0x14,0x04,0x14,0xa4,0x81,0x10,0x42,0x08,0x40,0x40,0x10,0x40,0x17,0xfc,0x20,0x40,0xe0,0xe0,0x21,0x50,0x22,0x48,0x2c,0x46,0x20,0x40,0x00,0x40,0x00,0x00 } },
  { 0x4ec0, { 0x08,0x20,0x08,0x20,0x08,0x20,0x10,0x20,0x10,0x20,0x30,0x20,0x37,0xfe,0x50,0x20,0x90,0x20,0x10,0x20,0x10,0x20,0x10,0x20,0x10,0x20,0x10,0x20,0x10,0x20,0x10,0x20 } },
  { 0x751a, { 0x08,0x20,0x08,0x20,0x7f,0xfc,0x08,0x20,0x08,0x20,0x0f,0xe0,0x08,0x20,0x08,0x20,0x0f,0xe0,0x08,0x20,0x08,0x20,0xff,0xfe,0x12,0x20,0x14,0x10,0x10,0x00,0x1f,0xf8 } },
  { 0x5ba1, { 0x02,0x00,0x01,0x00,0x7f,0xfe,0x41,0x02,0x81,0x04,0x3f,0xf8,0x21,0x08,0x21,0x08,0x3f,0xf8,0x21,0x08,0x21,0x08,0x3f,0xf8,0x21,0x08,0x01,0x00,0x01,0x00,0x01,0x00 } },
  { 0x5347, { 0x01,0x20,0x07,0xa0,0x3c,0x20,0x04,0x20,0x04,0x20,0x04,0x20,0x04,0x20,0xff,0xfe,0x04,0x20,0x04,0x20,0x04,0x20,0x08,0x20,0x08,0x20,0x10,0x20,0x20,0x20,0x40,0x20 } },
  { 0x751f, { 0x01,0x00,0x11,0x00,0x11,0x00,0x11,0x00,0x3f,0xfc,0x21,0x00,0x41,0x00,0x81,0x00,0x01,0x00,0x3f,0xf8,0x01,0x00,0x01,0x00,0x01,0x00,0x01,0x00,0xff,0xfe,0x00,0x00 } },
  { 0x58f0, { 0x01,0x00,0x01,0x00,0xff,0xfe,0x01,0x00,0x7f,0xfc,0x00,0x00,0x3f,0xf8,0x21,0x08,0x21,0x08,0x3f,0xf8,0x20,0x00,0x20,0x00,0x20,0x00,0x40,0x00,0x40,0x00,0x80,0x00 } },
  { 0x7701, { 0x00,0x80,0x08,0x88,0x08,0x84,0x10,0x92,0x20,0x60,0x01,0x80,0x06,0x00,0x1f,0xfc,0x68,0x04,0x0f,0xfc,0x08,0x04,0x0f,0xfc,0x08,0x04,0x08,0x04,0x0f,0xfc,0x08,0x04 } },
  { 0x5269, { 0x07,0x02,0x78,0x02,0x08,0x02,0xff,0x82,0x2a,0x12,0x2a,0x92,0xeb,0x12,0x2a,0x92,0x6a,0x92,0xa9,0x92,0x1c,0x12,0x2a,0x12,0x49,0x02,0x88,0x82,0x08,0x0a,0x08,0x04 } },
  { 0x5931, { 0x01,0x00,0x11,0x00,0x11,0x00,0x11,0x00,0x3f,0xf8,0x21,0x00,0x41,0x00,0x01,0x00,0xff,0xfe,0x02,0x80,0x04,0x40,0x04,0x40,0x08,0x20,0x10,0x10,0x20,0x08,0xc0,0x06 } },
  { 0x5341, { 0x01,0x00,0x01,0x00,0x01,0x00,0x01,0x00,0x01,0x00,0x01,0x00,0xff,0xfe,0x01,0x00,0x01,0x00,0x01,0x00,0x01,0x00,0x01,0x00,0x01,0x00,0x01,0x00,0x01,0x00,0x01,0x00 } },
  { 0x65f6, { 0x00,0x08,0x00,0x08,0x7c,0x08,0x44,0x08,0x45,0xfe,0x44,0x08,0x44,0x08,0x7c,0x08,0x44,0x88,0x44,0x48,0x44,0x48,0x44,0x08,0x7c,0x08,0x44,0x08,0x00,0x28,0x00,0x10 } },
  { 0x5b9e, { 0x02,0x00,0x01,0x00,0x7f,0xfe,0x40,0x02,0x88,0x84,0x04,0x80,0x04,0x80,0x10,0x80,0x08,0x80,0x08,0x80,0xff,0xfe,0x01,0x40,0x02,0x20,0x04,0x10,0x18,0x08,0x60,0x04 } },
  { 0x53f2, { 0x01,0x00,0x01,0x00,0x01,0x00,0x3f,0xf8,0x21,0x08,0x21,0x08,0x21,0x08,0x3f,0xf8,0x21,0x08,0x01,0x00,0x11,0x00,0x09,0x00,0x06,0x00,0x05,0x80,0x18,0x70,0xe0,0x0e } },
  { 0x59cb, { 0x10,0x20,0x10,0x20,0x10,0x20,0x10,0x40,0xfc,0x48,0x24,0x84,0x25,0xfe,0x24,0x82,0x24,0x00,0x48,0xfc,0x28,0x84,0x10,0x84,0x28,0x84,0x44,0x84,0x80,0xfc,0x00,0x84 } },
  { 0x793a, { 0x3f,0xf8,0x00,0x00,0x00,0x00,0x00,0x00,0x00,0x00,0xff,0xfe,0x01,0x00,0x01,0x00,0x11,0x10,0x11,0x08,0x21,0x04,0x41,0x02,0x81,0x02,0x05,0x00,0x02,0x00,0x00,0x00 } },
  { 0x5f0f, { 0x00,0x48,0x00,0x44,0x00,0x44,0x00,0x40,0xff,0xfe,0x00,0x40,0x00,0x40,0x3e,0x40,0x08,0x40,0x08,0x40,0x08,0x20,0x08,0x22,0x0f,0x12,0x78,0x0a,0x20,0x06,0x00,0x02 } },
  { 0x4e8b, { 0x01,0x00,0x01,0x00,0xff,0xfe,0x01,0x00,0x3f,0xf8,0x21,0x08,0x3f,0xf8,0x01,0x00,0x3f,0xf8,0x01,0x08,0xff,0xfe,0x01,0x08,0x3f,0xf8,0x01,0x00,0x05,0x00,0x02,0x00 } },
  { 0x52bf, { 0x08,0x40,0x08,0x40,0x7d,0xf8,0x08,0x48,0x0c,0x48,0x19,0xc8,0x68,0x4a,0x08,0xaa,0x28,0x86,0x13,0x02,0x02,0x00,0x7f,0xf8,0x04,0x08,0x08,0x08,0x10,0x50,0x60,0x20 } },
  { 0x8bd5, { 0x00,0x28,0x20,0x24,0x10,0x24,0x10,0x20,0x07,0xfe,0x00,0x20,0xf0,0x20,0x17,0xe0,0x11,0x20,0x11,0x10,0x11,0x10,0x15,0x10,0x19,0xca,0x17,0x0a,0x02,0x06,0x00,0x02 } },
  { 0x9970, { 0x20,0x80,0x20,0x80,0x20,0x80,0x3c,0xfe,0x45,0x20,0x4a,0x20,0x80,0x20,0x21,0xfc,0x21,0x24,0x21,0x24,0x21,0x24,0x25,0x24,0x29,0x34,0x31,0x28,0x20,0x20,0x00,0x20 } },
  { 0x662f, { 0x1f,0xf0,0x10,0x10,0x10,0x10,0x1f,0xf0,0x10,0x10,0x10,0x10,0x1f,0xf0,0x00,0x00,0xff,0xfe,0x01,0x00,0x11,0x00,0x11,0xf8,0x11,0x00,0x29,0x00,0x45,0x00,0x83,0xfe } },
  { 0x9002, { 0x00,0x78,0x23,0xc0,0x10,0x40,0x10,0x40,0x07,0xfe,0x00,0x40,0xf0,0x40,0x13,0xf8,0x12,0x08,0x12,0x08,0x12,0x08,0x13,0xf8,0x12,0x08,0x28,0x00,0x47,0xfe,0x00,0x00 } },
  { 0x91ca, { 0x0c,0x00,0xf3,0xfc,0x11,0x04,0x54,0x88,0x38,0x50,0x10,0x20,0xfc,0xd8,0x13,0x26,0x30,0x20,0x39,0xfc,0x54,0x20,0x50,0x20,0x93,0xfe,0x10,0x20,0x10,0x20,0x10,0x20 } },
  { 0x6536, { 0x08,0x40,0x08,0x40,0x48,0x40,0x48,0x80,0x48,0xfe,0x49,0x08,0x4a,0x88,0x48,0x88,0x48,0x88,0x58,0x50,0x68,0x50,0x48,0x20,0x08,0x50,0x08,0x88,0x09,0x04,0x0a,0x02 } },
  { 0x624b, { 0x00,0x10,0x00,0xf8,0x3f,0x00,0x01,0x00,0x01,0x00,0x3f,0xf8,0x01,0x00,0x01,0x00,0x01,0x00,0xff,0xfe,0x01,0x00,0x01,0x00,0x01,0x00,0x01,0x00,0x05,0x00,0x02,0x00 } },
  { 0x9996, { 0x10,0x10,0x08,0x20,0xff,0xfe,0x02,0x00,0x04,0x00,0x3f,0xf8,0x20,0x08,0x20,0x08,0x3f,0xf8,0x20,0x08,0x20,0x08,0x3f,0xf8,0x20,0x08,0x20,0x08,0x3f,0xf8,0x20,0x08 } },
  { 0x53d7, { 0x00,0x08,0x01,0xfc,0x7e,0x10,0x22,0x10,0x11,0x20,0x7f,0xfe,0x40,0x02,0x80,0x04,0x3f,0xf0,0x10,0x10,0x08,0x20,0x04,0x40,0x03,0x80,0x0c,0x60,0x30,0x18,0xc0,0x06 } },
  { 0x4e66, { 0x01,0x10,0x01,0x08,0x01,0x04,0x1f,0xf0,0x01,0x10,0x01,0x10,0x01,0x10,0x01,0x10,0x7f,0xfe,0x01,0x02,0x01,0x02,0x01,0x02,0x01,0x02,0x01,0x14,0x01,0x08,0x01,0x00 } },
  { 0x8f93, { 0x20,0x40,0x20,0xa0,0x21,0x10,0xfa,0x08,0x25,0xf6,0x40,0x00,0x53,0xc4,0x92,0x54,0xfa,0x54,0x13,0xd4,0x1a,0x54,0xf2,0x54,0x53,0xd4,0x12,0x44,0x12,0x54,0x12,0xc8 } },
  { 0x5c5e, { 0x1f,0xfe,0x10,0x02,0x1f,0xfe,0x10,0x00,0x17,0xfc,0x10,0x40,0x17,0xfc,0x14,0x44,0x17,0xfc,0x10,0x40,0x1f,0xfe,0x28,0x4a,0x2b,0xfa,0x48,0x0a,0x08,0x04,0x00,0x00 } },
  { 0x675f, { 0x01,0x00,0x01,0x00,0xff,0xfe,0x01,0x00,0x01,0x00,0x3f,0xf8,0x21,0x08,0x21,0x08,0x21,0x08,0x3f,0xf8,0x23,0x88,0x05,0x40,0x09,0x20,0x31,0x18,0xc1,0x06,0x01,0x00 } },
  { 0x8ff0, { 0x00,0x40,0x20,0x50,0x10,0x48,0x10,0x40,0x07,0xfc,0x00,0xc0,0xf0,0xe0,0x11,0x50,0x11,0x48,0x12,0x44,0x14,0x44,0x10,0x40,0x10,0x40,0x28,0x00,0x47,0xfe,0x00,0x00 } },
  { 0x7ad6, { 0x08,0x00,0x4b,0xf8,0x4a,0x08,0x49,0x10,0x48,0xa0,0x48,0x40,0x48,0xb0,0x4b,0x0c,0x0a,0x00,0x01,0x00,0x3f,0xf8,0x00,0x00,0x08,0x20,0x04,0x40,0xff,0xfe,0x00,0x00 } },
  { 0x6570, { 0x08,0x20,0x49,0x20,0x2a,0x20,0x08,0x3e,0xff,0x44,0x2a,0x44,0x49,0x44,0x88,0xa4,0x10,0x28,0xfe,0x28,0x22,0x10,0x42,0x10,0x64,0x28,0x18,0x28,0x34,0x44,0xc2,0x82 } },
  { 0x5237, { 0x00,0x02,0x3f,0xc2,0x20,0x42,0x20,0x42,0x3f,0xd2,0x22,0x12,0x22,0x12,0x22,0x12,0x3f,0xd2,0x52,0x52,0x52,0x52,0x52,0x52,0x93,0x42,0x12,0x82,0x02,0x0a,0x02,0x04 } },
  { 0x95e9, { 0x20,0x00,0x17,0xfc,0x00,0x04,0x40,0x04,0x40,0x04,0x40,0x04,0x40,0x04,0x5f,0xf4,0x40,0x04,0x40,0x04,0x40,0x04,0x40,0x04,0x40,0x04,0x40,0x04,0x40,0x14,0x40,0x08 } },
  { 0x53cc, { 0x00,0x00,0xfd,0xfc,0x04,0x84,0x44,0x84,0x44,0x84,0x28,0x88,0x28,0x88,0x10,0x50,0x10,0x50,0x28,0x20,0x28,0x20,0x44,0x50,0x44,0x88,0x81,0x04,0x02,0x02,0x00,0x00 } },
  { 0x6c34, { 0x01,0x00,0x01,0x00,0x01,0x00,0x01,0x08,0x01,0x08,0x7d,0x90,0x05,0xa0,0x09,0x40,0x09,0x40,0x11,0x20,0x11,0x10,0x21,0x08,0x41,0x06,0x81,0x00,0x05,0x00,0x02,0x00 } },
  { 0x987a, { 0x04,0x00,0x45,0xfe,0x54,0x20,0x54,0x40,0x55,0xfc,0x55,0x04,0x55,0x24,0x55,0x24,0x55,0x24,0x55,0x24,0x55,0x24,0x55,0x44,0x54,0x50,0x54,0x88,0x85,0x04,0x06,0x02 } },
  { 0x77ac, { 0x00,0x3c,0x07,0xc0,0xf0,0x44,0x92,0x24,0x91,0x08,0xf7,0xfe,0x94,0x02,0x9a,0x08,0xf2,0x08,0x93,0xbe,0x94,0x88,0x9a,0xa8,0xf1,0x3e,0x92,0x08,0x04,0x08,0x08,0x08 } },
  { 0x8bf4, { 0x02,0x08,0x21,0x08,0x11,0x10,0x10,0x20,0x03,0xf8,0x02,0x08,0xf2,0x08,0x12,0x08,0x13,0xf8,0x10,0xa0,0x10,0xa0,0x15,0x20,0x19,0x22,0x12,0x22,0x04,0x1e,0x08,0x00 } },
  { 0x79c1, { 0x04,0x20,0x0e,0x20,0x78,0x20,0x08,0x20,0x08,0x20,0xff,0x40,0x08,0x40,0x18,0x40,0x1c,0x40,0x2a,0x48,0x2a,0x84,0x48,0x84,0x89,0xfe,0x08,0x82,0x08,0x02,0x08,0x00 } },
  { 0x601d, { 0x00,0x00,0x3f,0xf8,0x21,0x08,0x21,0x08,0x3f,0xf8,0x21,0x08,0x21,0x08,0x3f,0xf8,0x20,0x08,0x01,0x00,0x08,0x88,0x48,0x84,0x48,0x12,0x48,0x12,0x87,0xf0,0x00,0x00 } },
  { 0x6b7b, { 0x7f,0xfe,0x08,0x40,0x08,0x40,0x08,0x42,0x0f,0x44,0x11,0x48,0x11,0x50,0x29,0x60,0x46,0x40,0x02,0x40,0x04,0x42,0x04,0x42,0x08,0x42,0x10,0x3e,0x20,0x00,0x00,0x00 } },
  { 0x56db, { 0x00,0x00,0x7f,0xfc,0x44,0x44,0x44,0x44,0x44,0x44,0x44,0x44,0x44,0x44,0x48,0x44,0x48,0x3c,0x50,0x04,0x60,0x04,0x40,0x04,0x7f,0xfc,0x40,0x04,0x00,0x00,0x00,0x00 } },
  { 0x677e, { 0x10,0x10,0x10,0x90,0x10,0x90,0x10,0x88,0xfc,0x88,0x11,0x24,0x31,0x24,0x3a,0x22,0x54,0x40,0x54,0x40,0x90,0x88,0x10,0x84,0x11,0x04,0x13,0xfe,0x11,0x02,0x10,0x00 } },
  { 0x5b8b, { 0x02,0x00,0x01,0x00,0x7f,0xfe,0x40,0x02,0x81,0x04,0x01,0x00,0x01,0x00,0x7f,0xfc,0x03,0x80,0x05,0x40,0x09,0x20,0x11,0x10,0x21,0x08,0xc1,0x06,0x01,0x00,0x01,0x00 } },
  { 0x9001, { 0x02,0x08,0x21,0x08,0x11,0x10,0x17,0xfc,0x00,0x40,0x00,0x40,0xf0,0x40,0x17,0xfe,0x10,0x40,0x10,0xa0,0x10,0x90,0x11,0x08,0x12,0x08,0x28,0x00,0x47,0xfe,0x00,0x00 } },
  { 0x8bc9, { 0x00,0x08,0x20,0x1c,0x11,0xe0,0x11,0x00,0x01,0x00,0x01,0x00,0xf1,0xfe,0x11,0x10,0x11,0x10,0x11,0x30,0x11,0x18,0x15,0x14,0x19,0x12,0x12,0x10,0x02,0x10,0x04,0x10 } },
  { 0x901f, { 0x00,0x40,0x20,0x40,0x17,0xfc,0x10,0x40,0x03,0xf8,0x02,0x48,0xf2,0x48,0x13,0xf8,0x10,0xe0,0x11,0x50,0x12,0x48,0x14,0x44,0x10,0x40,0x28,0x00,0x47,0xfe,0x00,0x00 } },
  { 0x7b97, { 0x20,0x40,0x3e,0x7e,0x48,0x90,0x80,0x00,0x3f,0xf8,0x20,0x08,0x3f,0xf8,0x20,0x08,0x3f,0xf8,0x20,0x08,0x3f,0xf8,0x08,0x20,0xff,0xfe,0x08,0x20,0x10,0x20,0x20,0x20 } },
  { 0x968f, { 0x00,0x10,0x78,0x10,0x49,0xfe,0x54,0x20,0x52,0x40,0x60,0xfc,0x51,0x44,0x48,0x44,0x4e,0x7c,0x4a,0x44,0x6a,0x7c,0x52,0x44,0x42,0x54,0x42,0x48,0x45,0x00,0x48,0xfe } },
  { 0x788e, { 0x00,0x40,0x00,0x20,0xfd,0xfe,0x10,0x00,0x10,0x88,0x20,0x88,0x3d,0x54,0x66,0x22,0x64,0x00,0xa4,0x20,0x27,0xfe,0x24,0x20,0x3c,0x20,0x24,0x20,0x20,0x20,0x00,0x20 } },
  { 0x7f29, { 0x20,0x40,0x20,0x20,0x27,0xfe,0x44,0x02,0x51,0x00,0xf1,0xfe,0x22,0x10,0x26,0x20,0x4a,0x7c,0xf2,0x44,0x42,0x44,0x02,0x7c,0x32,0x44,0xc2,0x44,0x02,0x7c,0x02,0x44 } },
  { 0x6240, { 0x02,0x08,0x07,0x1c,0x38,0xe0,0x20,0x80,0x20,0x80,0x3e,0x80,0x22,0xfe,0x22,0x88,0x22,0x88,0x3e,0x88,0x20,0x88,0x20,0x88,0x41,0x08,0x41,0x08,0x82,0x08,0x04,0x08 } },
  { 0x9501, { 0x10,0x20,0x11,0x24,0x3c,0xa4,0x20,0xa8,0x40,0x20,0xbd,0xfc,0x11,0x04,0x11,0x24,0xfd,0x24,0x11,0x24,0x11,0x24,0x11,0x24,0x14,0x50,0x18,0x88,0x11,0x04,0x02,0x02 } },
  { 0x5b83, { 0x02,0x00,0x01,0x00,0x7f,0xfe,0x40,0x02,0x80,0x04,0x08,0x00,0x08,0x08,0x08,0x30,0x09,0xc0,0x0e,0x00,0x08,0x00,0x08,0x04,0x08,0x04,0x08,0x04,0x07,0xfc,0x00,0x00 } },
  { 0x53f0, { 0x02,0x00,0x02,0x00,0x04,0x00,0x08,0x20,0x10,0x10,0x20,0x08,0x7f,0xfc,0x20,0x04,0x00,0x00,0x1f,0xf0,0x10,0x10,0x10,0x10,0x10,0x10,0x10,0x10,0x1f,0xf0,0x10,0x10 } },
  { 0x62ac, { 0x10,0x20,0x10,0x20,0x10,0x40,0x10,0x88,0xfd,0x04,0x13,0xfe,0x10,0x02,0x14,0x00,0x19,0xfc,0x31,0x04,0xd1,0x04,0x11,0x04,0x11,0x04,0x11,0x04,0x51,0xfc,0x21,0x04 } },
  { 0x592a, { 0x01,0x00,0x01,0x00,0x01,0x00,0x01,0x00,0x01,0x00,0xff,0xfe,0x01,0x00,0x01,0x00,0x02,0x80,0x02,0x80,0x04,0x40,0x04,0x40,0x0a,0x20,0x11,0x10,0x21,0x08,0xc0,0x06 } },
  { 0x6001, { 0x01,0x00,0x01,0x00,0x7f,0xfc,0x01,0x00,0x02,0x80,0x04,0x40,0x0a,0x20,0x31,0x18,0xc0,0x06,0x01,0x00,0x08,0x88,0x48,0x84,0x48,0x12,0x48,0x12,0x87,0xf0,0x00,0x00 } },
  { 0x63a2, { 0x20,0x00,0x27,0xfc,0x24,0x04,0x24,0xa4,0xf9,0x10,0x22,0x08,0x20,0x40,0x28,0x40,0x37,0xfc,0xe0,0x40,0x20,0xe0,0x21,0x50,0x22,0x48,0x2c,0x46,0xa0,0x40,0x40,0x40 } },
  { 0x9676, { 0x01,0x00,0x79,0x00,0x49,0xfc,0x52,0x04,0x55,0x04,0x61,0xe4,0x52,0x84,0x48,0x84,0x4f,0xf4,0x48,0x84,0x6a,0xa4,0x52,0xa4,0x43,0xe4,0x40,0x04,0x40,0x28,0x40,0x10 } },
  { 0x5957, { 0x01,0x00,0x01,0x00,0x7f,0xfc,0x02,0x80,0x04,0x40,0x0f,0xf0,0x34,0x18,0xc7,0xe6,0x04,0x00,0x07,0xe0,0x04,0x00,0xff,0xfe,0x04,0x00,0x08,0x10,0x1f,0xf8,0x00,0x08 } },
  { 0x7279, { 0x10,0x20,0x10,0x20,0x50,0x20,0x51,0xfc,0x7c,0x20,0x50,0x20,0x93,0xfe,0x10,0x08,0x1c,0x08,0xf1,0xfe,0x50,0x08,0x10,0x88,0x10,0x48,0x10,0x08,0x10,0x28,0x10,0x10 } },
  { 0x63d0, { 0x10,0x00,0x11,0xfc,0x11,0x04,0x11,0x04,0xfd,0xfc,0x11,0x04,0x11,0x04,0x15,0xfc,0x18,0x00,0x33,0xfe,0xd0,0x20,0x11,0x20,0x11,0x3c,0x11,0x20,0x52,0xa0,0x24,0x7e } },
  { 0x9898, { 0x3e,0xfe,0x22,0x10,0x3e,0x20,0x22,0x7c,0x3e,0x44,0x00,0x54,0xff,0x54,0x08,0x54,0x08,0x54,0x2f,0x28,0x28,0x44,0x28,0x82,0x58,0x00,0x4f,0xfe,0x80,0x00,0x00,0x00 } },
  { 0x4f53, { 0x08,0x40,0x08,0x40,0x08,0x40,0x10,0x40,0x17,0xfc,0x30,0x40,0x30,0xe0,0x50,0xe0,0x91,0x50,0x11,0x50,0x12,0x48,0x15,0xf4,0x18,0x42,0x10,0x40,0x10,0x40,0x10,0x40 } },
  { 0x586b, { 0x20,0x40,0x20,0x40,0x27,0xfc,0x20,0x40,0x23,0xf8,0xfa,0x08,0x23,0xf8,0x22,0x08,0x23,0xf8,0x22,0x08,0x23,0xf8,0x3a,0x08,0xef,0xfe,0x41,0x10,0x02,0x08,0x04,0x04 } },
  { 0x6761, { 0x04,0x00,0x04,0x00,0x0f,0xf0,0x18,0x20,0x64,0x40,0x03,0x80,0x1d,0x70,0xe1,0x0e,0x01,0x00,0x7f,0xfc,0x01,0x00,0x09,0x20,0x11,0x10,0x21,0x08,0x45,0x04,0x02,0x00 } },
  { 0x8df3, { 0x00,0x50,0x7c,0x50,0x44,0x50,0x45,0x52,0x44,0xd4,0x7c,0x58,0x10,0x50,0x10,0x58,0x10,0xd4,0x5d,0x52,0x50,0x50,0x50,0x50,0x50,0x92,0x5c,0x92,0xe1,0x12,0x02,0x0e } },
  { 0x8d34, { 0x00,0x20,0x7c,0x20,0x44,0x20,0x54,0x20,0x54,0x3e,0x54,0x20,0x54,0x20,0x54,0x20,0x55,0xfc,0x55,0x04,0x55,0x04,0x11,0x04,0x29,0x04,0x25,0x04,0x45,0xfc,0x81,0x04 } },
  { 0x542c, { 0x00,0x08,0x00,0x1c,0x79,0xe0,0x49,0x00,0x49,0x00,0x49,0x00,0x49,0xfe,0x49,0x10,0x49,0x10,0x49,0x10,0x79,0x10,0x49,0x10,0x01,0x10,0x02,0x10,0x02,0x10,0x04,0x10 } },
  { 0x505c, { 0x10,0x80,0x10,0x40,0x17,0xfc,0x20,0x00,0x23,0xf8,0x62,0x08,0x63,0xf8,0xa0,0x00,0x2f,0xfe,0x28,0x02,0x23,0xf8,0x20,0x40,0x20,0x40,0x20,0x40,0x21,0x40,0x20,0x80 } },
  { 0x901a, { 0x47,0xf8,0x20,0x10,0x21,0xa0,0x00,0x40,0x07,0xfc,0xe4,0x44,0x24,0x44,0x27,0xfc,0x24,0x44,0x24,0x44,0x27,0xfc,0x24,0x44,0x24,0x54,0x54,0x08,0x8f,0xfe,0x00,0x00 } },
  { 0x540c, { 0x3f,0xfc,0x20,0x04,0x20,0x04,0x2f,0xf4,0x20,0x04,0x20,0x04,0x27,0xe4,0x24,0x24,0x24,0x24,0x24,0x24,0x27,0xe4,0x24,0x24,0x20,0x04,0x20,0x14,0x20,0x08,0x00,0x00 } },
  { 0x7edf, { 0x10,0x40,0x10,0x20,0x20,0x20,0x23,0xfe,0x48,0x40,0xf8,0x88,0x11,0x04,0x23,0xfe,0x40,0x92,0xf8,0x90,0x40,0x90,0x00,0x90,0x19,0x12,0xe1,0x12,0x42,0x0e,0x04,0x00 } },
  { 0x5934, { 0x00,0x80,0x00,0x80,0x08,0x80,0x04,0x80,0x24,0x80,0x10,0x80,0x10,0x80,0x00,0x80,0xff,0xfe,0x01,0x00,0x01,0x40,0x02,0x20,0x04,0x10,0x08,0x08,0x30,0x04,0xc0,0x04 } },
  { 0x900f, { 0x00,0x38,0x23,0xc0,0x10,0x40,0x17,0xfc,0x01,0x50,0x02,0x48,0xf4,0x46,0x13,0xf0,0x11,0x10,0x11,0x3c,0x11,0x04,0x12,0x14,0x14,0x08,0x28,0x00,0x47,0xfe,0x00,0x00 } },
  { 0x7a81, { 0x02,0x00,0x01,0x00,0x7f,0xfe,0x40,0x02,0x88,0x24,0x11,0x10,0x21,0x48,0x01,0x20,0x01,0x00,0x7f,0xfc,0x01,0x00,0x02,0x80,0x04,0x40,0x08,0x20,0x30,0x18,0xc0,0x06 } },
  { 0x56fe, { 0x7f,0xfc,0x42,0x04,0x42,0x04,0x47,0xe4,0x4c,0x44,0x52,0x84,0x41,0x04,0x46,0xc4,0x78,0x3c,0x43,0x04,0x40,0x84,0x46,0x04,0x41,0x84,0x7f,0xfc,0x40,0x04,0x00,0x00 } },
  { 0x5410, { 0x00,0x40,0x00,0x40,0x78,0x40,0x48,0x40,0x48,0x40,0x48,0x40,0x4f,0xfc,0x48,0x40,0x48,0x40,0x48,0x40,0x78,0x40,0x48,0x40,0x00,0x40,0x00,0x40,0x0f,0xfe,0x00,0x00 } },
  { 0x63a8, { 0x10,0xa0,0x10,0x90,0x10,0x80,0x11,0xfe,0xfd,0x10,0x13,0x10,0x15,0xfc,0x11,0x10,0x19,0x10,0x31,0xfc,0xd1,0x10,0x11,0x10,0x11,0x10,0x11,0xfe,0x51,0x00,0x21,0x00 } },
  { 0x9000, { 0x03,0xf8,0x22,0x08,0x12,0x08,0x13,0xf8,0x02,0x08,0x02,0x08,0xf3,0xf8,0x12,0x44,0x12,0x28,0x12,0x10,0x12,0x88,0x13,0x04,0x12,0x04,0x28,0x00,0x47,0xfe,0x00,0x00 } },
  { 0x8131, { 0x01,0x04,0x78,0x84,0x48,0x88,0x48,0x10,0x49,0xfc,0x79,0x04,0x49,0x04,0x49,0x04,0x49,0xfc,0x78,0x50,0x48,0x50,0x48,0x90,0x48,0x92,0x49,0x12,0x4a,0x0e,0x9c,0x00 } },
  { 0x5768, { 0x10,0x40,0x10,0x20,0x10,0x20,0x13,0xfe,0x12,0x02,0xfc,0x04,0x11,0x00,0x11,0x08,0x11,0x10,0x11,0x20,0x11,0xc0,0x1d,0x02,0xe1,0x02,0x41,0x02,0x00,0xfe,0x00,0x00 } },
  { 0x6b6a, { 0x00,0x00,0x7f,0xfc,0x01,0x00,0x03,0x00,0x05,0x60,0x19,0x18,0x61,0x04,0x00,0x00,0x7f,0xfc,0x01,0x00,0x11,0x00,0x11,0xf8,0x11,0x00,0x11,0x00,0xff,0xfe,0x00,0x00 } },
  { 0x5916, { 0x08,0x20,0x08,0x20,0x08,0x20,0x08,0x20,0x1f,0x20,0x11,0x30,0x21,0x28,0x21,0x24,0x52,0x22,0x0a,0x22,0x04,0x20,0x04,0x20,0x08,0x20,0x10,0x20,0x20,0x20,0x40,0x20 } },
  { 0x5b8c, { 0x02,0x00,0x01,0x00,0x7f,0xfe,0x40,0x02,0x80,0x04,0x1f,0xf0,0x00,0x00,0x00,0x00,0x7f,0xfc,0x04,0x40,0x04,0x40,0x04,0x40,0x08,0x44,0x08,0x44,0x10,0x44,0x60,0x3c } },
  { 0x73a9, { 0x00,0x00,0xfd,0xfc,0x10,0x00,0x10,0x00,0x10,0x00,0x13,0xfe,0x7c,0x90,0x10,0x90,0x10,0x90,0x10,0x90,0x10,0x90,0x1d,0x12,0xe1,0x12,0x42,0x0e,0x04,0x00,0x00,0x00 } },
  { 0x665a, { 0x00,0x80,0x00,0x80,0x79,0xf8,0x4a,0x08,0x4c,0x10,0x4b,0xfc,0x4a,0x44,0x7a,0x44,0x4a,0x44,0x4b,0xfc,0x48,0xa0,0x48,0xa0,0x79,0x22,0x49,0x22,0x02,0x1e,0x04,0x00 } },
  { 0x4e07, { 0x00,0x00,0xff,0xfe,0x04,0x00,0x04,0x00,0x04,0x00,0x07,0xf0,0x04,0x10,0x04,0x10,0x08,0x10,0x08,0x10,0x10,0x10,0x10,0x10,0x20,0x10,0x40,0xa0,0x80,0x40,0x00,0x00 } },
  { 0x7f51, { 0x7f,0xfc,0x40,0x04,0x40,0x04,0x42,0x14,0x52,0x94,0x4a,0x54,0x44,0x24,0x44,0x24,0x4a,0x54,0x4a,0x54,0x52,0x94,0x61,0x04,0x40,0x04,0x40,0x14,0x40,0x08,0x00,0x00 } },
  { 0x5f80, { 0x08,0x80,0x08,0x40,0x10,0x00,0x27,0xfc,0x48,0x40,0x08,0x40,0x10,0x40,0x30,0x40,0x57,0xfc,0x90,0x40,0x10,0x40,0x10,0x40,0x10,0x40,0x10,0x40,0x1f,0xfe,0x10,0x00 } },
  { 0x5fd8, { 0x02,0x00,0x01,0x00,0xff,0xfe,0x10,0x00,0x10,0x00,0x10,0x00,0x10,0x00,0x1f,0xf8,0x00,0x00,0x01,0x00,0x08,0x88,0x48,0x84,0x48,0x12,0x48,0x12,0x87,0xf0,0x00,0x00 } },
  { 0x56f4, { 0x7f,0xfc,0x41,0x04,0x41,0x04,0x5f,0xf4,0x41,0x04,0x4f,0xe4,0x41,0x04,0x5f,0xf4,0x41,0x14,0x41,0x14,0x41,0x54,0x41,0x24,0x41,0x04,0x7f,0xfc,0x40,0x04,0x00,0x00 } },
  { 0x552f, { 0x00,0xa0,0x00,0x90,0x78,0x80,0x49,0xfe,0x49,0x10,0x4b,0x10,0x4d,0xfc,0x49,0x10,0x49,0x10,0x49,0xfc,0x79,0x10,0x49,0x10,0x01,0x10,0x01,0xfe,0x01,0x00,0x01,0x00 } },
  { 0x7ef4, { 0x10,0xa0,0x10,0x90,0x20,0x80,0x25,0xfe,0x45,0x10,0xfb,0x10,0x15,0xfc,0x21,0x10,0x41,0x10,0xfd,0xfc,0x41,0x10,0x01,0x10,0x1d,0x10,0xe1,0xfe,0x41,0x00,0x01,0x00 } },
  { 0x5c3e, { 0x3f,0xfc,0x20,0x04,0x20,0x04,0x3f,0xfc,0x20,0x00,0x20,0xf0,0x2f,0x00,0x21,0x00,0x21,0xf0,0x2f,0x00,0x21,0x00,0x21,0xf8,0x5f,0x02,0x41,0x02,0x80,0xfe,0x00,0x00 } },
  { 0x4e3a, { 0x00,0x80,0x10,0x80,0x08,0x80,0x08,0x80,0x00,0x80,0x3f,0xfc,0x01,0x04,0x01,0x04,0x01,0x44,0x02,0x24,0x02,0x24,0x04,0x04,0x08,0x04,0x10,0x04,0x20,0x28,0x40,0x10 } },
  { 0x672a, { 0x01,0x00,0x01,0x00,0x01,0x00,0x3f,0xf8,0x01,0x00,0x01,0x00,0x01,0x00,0xff,0xfe,0x03,0x80,0x05,0x40,0x09,0x20,0x11,0x10,0x21,0x08,0xc1,0x06,0x01,0x00,0x01,0x00 } },
  { 0x4f4d, { 0x08,0x80,0x08,0x40,0x08,0x40,0x10,0x00,0x17,0xfc,0x30,0x00,0x30,0x08,0x52,0x08,0x92,0x08,0x11,0x10,0x11,0x10,0x11,0x10,0x11,0x20,0x10,0x20,0x1f,0xfe,0x10,0x00 } },
  { 0x6587, { 0x02,0x00,0x01,0x00,0x01,0x00,0xff,0xfe,0x10,0x10,0x10,0x10,0x08,0x20,0x08,0x20,0x04,0x40,0x02,0x80,0x01,0x00,0x02,0x80,0x04,0x40,0x08,0x20,0x30,0x18,0xc0,0x06 } },
  { 0x7eb9, { 0x10,0x80,0x10,0x40,0x20,0x40,0x27,0xfc,0x49,0x10,0xf1,0x10,0x11,0x10,0x21,0x10,0x41,0x10,0xf8,0xa0,0x40,0xa0,0x00,0x40,0x18,0xa0,0xe1,0x10,0x42,0x08,0x0c,0x06 } },
  { 0x7a33, { 0x08,0x40,0x1c,0xf8,0xf1,0x08,0x12,0x10,0x11,0xfc,0xfc,0x04,0x10,0x04,0x39,0xfc,0x34,0x04,0x54,0x04,0x51,0xfc,0x90,0x40,0x10,0x24,0x12,0xa2,0x12,0x8a,0x14,0x78 } },
  { 0x95ee, { 0x20,0x00,0x17,0xfc,0x00,0x04,0x40,0x04,0x40,0x04,0x47,0xc4,0x44,0x44,0x44,0x44,0x44,0x44,0x44,0x44,0x44,0x44,0x47,0xc4,0x44,0x44,0x40,0x04,0x40,0x14,0x40,0x08 } },
  { 0x6211, { 0x04,0x40,0x0e,0x50,0x78,0x48,0x08,0x48,0x08,0x40,0xff,0xfe,0x08,0x40,0x08,0x44,0x0a,0x44,0x0c,0x48,0x18,0x30,0x68,0x22,0x08,0x52,0x08,0x8a,0x2b,0x06,0x10,0x02 } },
  { 0x63e1, { 0x20,0x00,0x23,0xfc,0x22,0x04,0x22,0x04,0xfb,0xfc,0x22,0x00,0x23,0xfc,0x2a,0x40,0x32,0x88,0xe3,0xfc,0x22,0x24,0x22,0x20,0x25,0xfc,0x24,0x20,0xa8,0x20,0x53,0xfe } },
  { 0x65e0, { 0x1f,0xf8,0x01,0x00,0x01,0x00,0x01,0x00,0x01,0x00,0x3f,0xfe,0x02,0x40,0x02,0x40,0x02,0x40,0x04,0x40,0x04,0x40,0x08,0x42,0x10,0x42,0x20,0x3e,0x40,0x00,0x00,0x00 } },
  { 0x4e94, { 0x00,0x00,0x7f,0xfc,0x02,0x00,0x02,0x00,0x02,0x00,0x02,0x00,0x3f,0xf0,0x04,0x10,0x04,0x10,0x04,0x10,0x04,0x10,0x08,0x10,0x08,0x10,0x08,0x10,0xff,0xfe,0x00,0x00 } },
  { 0x52a1, { 0x04,0x00,0x04,0x00,0x0f,0xf0,0x18,0x20,0x24,0xc0,0x03,0x00,0x0c,0xc0,0x32,0x30,0xc2,0x0e,0x1f,0xf0,0x02,0x10,0x04,0x10,0x04,0x10,0x08,0x10,0x10,0xa0,0x20,0x40 } },
  { 0x8bef, { 0x43,0xf8,0x22,0x08,0x22,0x08,0x03,0xf8,0x00,0x00,0xe0,0x00,0x27,0xfc,0x20,0x40,0x20,0x40,0x2f,0xfe,0x20,0x40,0x28,0xa0,0x31,0x10,0x22,0x08,0x0c,0x06,0x00,0x00 } },
  { 0x897f, { 0xff,0xfe,0x04,0x40,0x04,0x40,0x04,0x40,0x3f,0xf8,0x24,0x48,0x24,0x48,0x24,0x48,0x24,0x48,0x28,0x38,0x30,0x08,0x20,0x08,0x20,0x08,0x3f,0xf8,0x20,0x08,0x00,0x00 } },
  { 0x6790, { 0x10,0x08,0x10,0x1c,0x11,0xe0,0x11,0x00,0xfd,0x00,0x11,0x00,0x31,0xfe,0x39,0x10,0x55,0x10,0x51,0x10,0x91,0x10,0x11,0x10,0x11,0x10,0x12,0x10,0x12,0x10,0x14,0x10 } },
  { 0x606f, { 0x01,0x00,0x02,0x00,0x1f,0xf0,0x10,0x10,0x1f,0xf0,0x10,0x10,0x1f,0xf0,0x10,0x10,0x1f,0xf0,0x10,0x10,0x01,0x00,0x08,0x84,0x48,0x92,0x48,0x12,0x87,0xf0,0x00,0x00 } },
  { 0x7cfb, { 0x00,0xf8,0x3f,0x00,0x04,0x00,0x08,0x20,0x10,0x40,0x3f,0x80,0x01,0x00,0x06,0x10,0x18,0x08,0x7f,0xfc,0x01,0x04,0x09,0x20,0x11,0x10,0x21,0x08,0x45,0x04,0x02,0x00 } },
  { 0x7ec6, { 0x08,0x00,0x08,0x00,0x10,0xfe,0x12,0x92,0x22,0x92,0x7c,0x92,0x08,0x92,0x10,0x92,0x20,0xfe,0x7e,0x92,0x20,0x92,0x00,0x92,0x0e,0x92,0x70,0x92,0x20,0xfe,0x00,0x82 } },
  { 0x778e, { 0x00,0x40,0x00,0x20,0x7b,0xfe,0x4a,0x02,0x4c,0x24,0x79,0xfc,0x48,0x20,0x49,0xfc,0x78,0x20,0x4b,0xfe,0x48,0x20,0x49,0xfc,0x79,0x04,0x49,0x04,0x01,0xfc,0x01,0x04 } },
  { 0x5323, { 0x00,0x00,0x7f,0xfc,0x40,0x00,0x40,0x00,0x4f,0xf8,0x48,0x88,0x48,0x88,0x4f,0xf8,0x48,0x88,0x48,0x88,0x4f,0xf8,0x48,0x88,0x40,0x80,0x40,0x80,0x7f,0xfe,0x00,0x00 } },
  { 0x4e0b, { 0xff,0xfe,0x02,0x00,0x02,0x00,0x02,0x00,0x02,0x00,0x02,0x40,0x02,0x20,0x02,0x10,0x02,0x08,0x02,0x08,0x02,0x00,0x02,0x00,0x02,0x00,0x02,0x00,0x02,0x00,0x00,0x00 } },
  { 0x5148, { 0x01,0x00,0x11,0x00,0x11,0x00,0x1f,0xf8,0x21,0x00,0x41,0x00,0x01,0x00,0xff,0xfe,0x04,0x40,0x04,0x40,0x04,0x40,0x08,0x40,0x08,0x42,0x10,0x42,0x20,0x3e,0xc0,0x00 } },
  { 0x95f2, { 0x20,0x00,0x17,0xfc,0x00,0x04,0x41,0x04,0x41,0x04,0x41,0x04,0x5f,0xf4,0x41,0x04,0x43,0x84,0x45,0x44,0x49,0x24,0x51,0x14,0x41,0x04,0x41,0x04,0x40,0x14,0x40,0x08 } },
  { 0x663e, { 0x00,0x00,0x1f,0xf0,0x10,0x10,0x10,0x10,0x1f,0xf0,0x10,0x10,0x10,0x10,0x1f,0xf0,0x04,0x40,0x44,0x44,0x24,0x44,0x14,0x48,0x14,0x50,0x04,0x40,0xff,0xfe,0x00,0x00 } },
  { 0x73b0, { 0x01,0xfc,0xfd,0x04,0x11,0x04,0x11,0x24,0x11,0x24,0x11,0x24,0x7d,0x24,0x11,0x24,0x11,0x54,0x10,0x50,0x10,0x90,0x1c,0x90,0xe1,0x12,0x42,0x12,0x04,0x0e,0x00,0x00 } },
  { 0x7ebf, { 0x10,0x50,0x10,0x48,0x20,0x40,0x24,0x5c,0x45,0xe0,0xf8,0x40,0x10,0x5e,0x23,0xe0,0x40,0x44,0xfc,0x48,0x40,0x30,0x00,0x22,0x1c,0x52,0xe0,0x8a,0x43,0x06,0x00,0x02 } },
  { 0x9650, { 0x7b,0xf8,0x4a,0x08,0x52,0x08,0x53,0xf8,0x62,0x08,0x52,0x08,0x4b,0xf8,0x4a,0x44,0x4a,0x48,0x6a,0x30,0x52,0x20,0x42,0x10,0x42,0x88,0x43,0x06,0x42,0x00,0x00,0x00 } },
  { 0x4eab, { 0x02,0x00,0x01,0x00,0x7f,0xfc,0x00,0x00,0x1f,0xf0,0x10,0x10,0x1f,0xf0,0x00,0x00,0x1f,0xe0,0x00,0x40,0x01,0x80,0xff,0xfe,0x01,0x00,0x01,0x00,0x05,0x00,0x02,0x00 } },
  { 0x54cd, { 0x00,0x40,0x00,0x40,0x78,0x80,0x4b,0xfc,0x4a,0x04,0x4a,0x04,0x4a,0xf4,0x4a,0x94,0x4a,0x94,0x4a,0x94,0x7a,0x94,0x4a,0xf4,0x02,0x04,0x02,0x04,0x02,0x14,0x02,0x08 } },
  { 0x60f3, { 0x08,0x00,0x08,0xf8,0x08,0x88,0x7e,0x88,0x08,0xf8,0x18,0x88,0x1c,0xf8,0x2a,0x88,0x48,0x88,0x08,0xf8,0x01,0x00,0x08,0x84,0x48,0x92,0x48,0x12,0x87,0xf0,0x00,0x00 } },
  { 0x5411, { 0x02,0x00,0x04,0x00,0x08,0x00,0x7f,0xfc,0x40,0x04,0x40,0x04,0x47,0xc4,0x44,0x44,0x44,0x44,0x44,0x44,0x44,0x44,0x47,0xc4,0x44,0x44,0x40,0x04,0x40,0x14,0x40,0x08 } },
  { 0x9879, { 0x01,0xfe,0x00,0x20,0xfc,0x40,0x11,0xfc,0x11,0x04,0x11,0x24,0x11,0x24,0x11,0x24,0x11,0x24,0x11,0x24,0x1d,0x44,0xe0,0x50,0x40,0x88,0x01,0x04,0x02,0x02,0x00,0x00 } },
  { 0x8c61, { 0x08,0x00,0x1f,0xe0,0x20,0x20,0x7f,0xf8,0xa1,0x08,0x22,0x08,0x3f,0xf8,0x06,0x00,0x19,0x10,0x62,0xa0,0x0c,0xc0,0x71,0xa0,0x06,0x90,0x18,0x88,0xe2,0x86,0x01,0x00 } },
  { 0x50cf, { 0x09,0x00,0x09,0xf0,0x0a,0x10,0x17,0xfc,0x1a,0x24,0x32,0x44,0x33,0xfc,0x50,0x80,0x91,0x44,0x16,0xa8,0x11,0x30,0x16,0x68,0x10,0xa8,0x11,0x24,0x16,0xa2,0x10,0x40 } },
  { 0x6d88, { 0x00,0x20,0x11,0x24,0x08,0xa4,0x08,0xa8,0x40,0x20,0x21,0xfc,0x25,0x04,0x05,0x04,0x09,0xfc,0x09,0x04,0x71,0x04,0x11,0xfc,0x11,0x04,0x11,0x04,0x11,0x14,0x01,0x08 } },
  { 0x9500, { 0x08,0x10,0x08,0x92,0x1e,0x52,0x10,0x54,0x20,0x10,0x5e,0xfe,0x08,0x82,0x08,0x82,0x7e,0xfe,0x08,0x82,0x08,0x82,0x08,0xfe,0x0a,0x82,0x0c,0x82,0x08,0x8a,0x00,0x84 } },
  { 0x5c0f, { 0x01,0x00,0x01,0x00,0x01,0x00,0x01,0x00,0x01,0x00,0x11,0x10,0x11,0x08,0x11,0x04,0x21,0x04,0x21,0x02,0x41,0x02,0x81,0x02,0x01,0x00,0x01,0x00,0x05,0x00,0x02,0x00 } },
  { 0x6548, { 0x10,0x20,0x08,0x20,0x00,0x20,0xff,0x3e,0x00,0x44,0x24,0x44,0x42,0x44,0x81,0xa4,0x24,0x28,0x14,0x28,0x08,0x10,0x14,0x10,0x22,0x28,0x42,0x48,0x80,0x84,0x01,0x02 } },
  { 0x6821, { 0x10,0x40,0x10,0x20,0x10,0x20,0x11,0xfe,0xfc,0x00,0x10,0x88,0x31,0x04,0x3a,0x02,0x54,0x88,0x50,0x88,0x90,0x50,0x10,0x50,0x10,0x20,0x10,0x50,0x10,0x88,0x13,0x06 } },
  { 0x4e9b, { 0x04,0x40,0x04,0x40,0x24,0x44,0x27,0x48,0x24,0x70,0x24,0x42,0x24,0x42,0x2f,0x42,0xf0,0x3e,0x40,0x00,0x00,0x00,0x1f,0xf0,0x00,0x00,0x00,0x00,0x7f,0xfc,0x00,0x00 } },
  { 0x534f, { 0x20,0x80,0x20,0x80,0x20,0x80,0x20,0x80,0xfb,0xf0,0x20,0x90,0x20,0x90,0x22,0x98,0x22,0x94,0x24,0x92,0x28,0x92,0x20,0x90,0x21,0x10,0x21,0x10,0x22,0x50,0x24,0x20 } },
  { 0x5199, { 0x7f,0xfe,0x40,0x02,0x90,0x04,0x10,0x00,0x1f,0xf8,0x10,0x00,0x20,0x00,0x3f,0xf8,0x00,0x08,0x00,0x08,0xff,0xc8,0x00,0x08,0x00,0x08,0x00,0x50,0x00,0x20,0x00,0x00 } },
  { 0x6cc4, { 0x00,0x48,0x22,0x48,0x12,0x48,0x12,0x48,0x82,0x48,0x4f,0xfe,0x42,0x48,0x12,0x48,0x12,0x48,0x22,0x48,0xe2,0x78,0x22,0x00,0x22,0x00,0x22,0x00,0x23,0xfe,0x00,0x00 } },
  { 0x5c51, { 0x1f,0xfc,0x10,0x04,0x10,0x04,0x1f,0xfc,0x10,0x40,0x12,0x48,0x11,0x50,0x17,0xfc,0x14,0x04,0x17,0xfc,0x14,0x04,0x27,0xfc,0x24,0x04,0x44,0x14,0x04,0x08,0x00,0x00 } },
  { 0x5fc3, { 0x00,0x00,0x02,0x00,0x01,0x00,0x00,0x80,0x00,0x80,0x04,0x00,0x04,0x08,0x24,0x04,0x24,0x04,0x24,0x02,0x44,0x02,0x44,0x12,0x84,0x10,0x04,0x10,0x03,0xf0,0x00,0x00 } },
  { 0x82af, { 0x08,0x20,0x08,0x20,0xff,0xfe,0x08,0x20,0x08,0x20,0x02,0x00,0x01,0x00,0x00,0x80,0x04,0x08,0x24,0x04,0x24,0x02,0x44,0x02,0x84,0x10,0x04,0x10,0x03,0xf0,0x00,0x00 } },
  { 0x65b0, { 0x10,0x00,0x08,0x04,0x7f,0x78,0x00,0x40,0x22,0x40,0x14,0x40,0xff,0x7e,0x08,0x48,0x08,0x48,0x7f,0x48,0x08,0x48,0x2a,0x48,0x49,0x48,0x88,0x88,0x28,0x88,0x11,0x08 } },
  { 0x4fe1, { 0x08,0x40,0x08,0x20,0x0b,0xfe,0x10,0x00,0x10,0x00,0x31,0xfc,0x30,0x00,0x50,0x00,0x91,0xfc,0x10,0x00,0x10,0x00,0x11,0xfc,0x11,0x04,0x11,0x04,0x11,0xfc,0x11,0x04 } },
  { 0x661f, { 0x00,0x00,0x1f,0xf0,0x10,0x10,0x1f,0xf0,0x10,0x10,0x1f,0xf0,0x01,0x00,0x11,0x00,0x1f,0xf8,0x21,0x00,0x41,0x00,0x1f,0xf0,0x01,0x00,0x01,0x00,0x7f,0xfc,0x00,0x00 } },
  { 0x884c, { 0x08,0x00,0x09,0xfc,0x10,0x00,0x20,0x00,0x48,0x00,0x08,0x00,0x13,0xfe,0x30,0x20,0x50,0x20,0x90,0x20,0x10,0x20,0x10,0x20,0x10,0x20,0x10,0x20,0x10,0xa0,0x10,0x40 } },
  { 0x5f62, { 0x7f,0x84,0x12,0x04,0x12,0x08,0x12,0x10,0x12,0x22,0x12,0x02,0xff,0xc4,0x12,0x08,0x12,0x10,0x12,0x22,0x12,0x02,0x22,0x04,0x22,0x08,0x42,0x10,0x82,0x60,0x00,0x00 } },
  { 0x578b, { 0x00,0x04,0x7f,0x84,0x12,0x24,0x12,0x24,0x12,0x24,0xff,0xa4,0x12,0x24,0x22,0x04,0x22,0x14,0x41,0x08,0x81,0x00,0x3f,0xf8,0x01,0x00,0x01,0x00,0xff,0xfe,0x00,0x00 } },
  { 0x9192, { 0xfe,0x7c,0x28,0x44,0x28,0x7c,0xfe,0x44,0xaa,0x7c,0xaa,0x10,0xaa,0x50,0xae,0x7c,0xc2,0x90,0x82,0x10,0xfe,0x7c,0x82,0x10,0x82,0x10,0xfe,0xfe,0x82,0x00,0x00,0x00 } },
  { 0x6027, { 0x10,0x20,0x10,0x20,0x11,0x20,0x11,0x20,0x19,0xfc,0x55,0x20,0x52,0x20,0x50,0x20,0x90,0x20,0x11,0xfc,0x10,0x20,0x10,0x20,0x10,0x20,0x10,0x20,0x13,0xfe,0x10,0x00 } },
  { 0x51f6, { 0x00,0x10,0x10,0x10,0x08,0x20,0x44,0x44,0x42,0x84,0x41,0x04,0x42,0x84,0x44,0x44,0x48,0x24,0x50,0x14,0x60,0x14,0x40,0x04,0x40,0x04,0x7f,0xfc,0x00,0x04,0x00,0x00 } },
  { 0x4fee, { 0x10,0x80,0x10,0x80,0x11,0xf8,0x21,0x08,0x2a,0x90,0x6c,0x60,0xa9,0x98,0x2e,0x26,0x28,0xc0,0x2b,0x10,0x28,0x20,0x28,0xc8,0x2b,0x10,0x20,0x60,0x21,0x80,0x26,0x00 } },
  { 0x987b, { 0x08,0x00,0x09,0xfe,0x10,0x20,0x20,0x40,0x41,0xfc,0x89,0x04,0x09,0x24,0x11,0x24,0x21,0x24,0x45,0x24,0x85,0x24,0x09,0x44,0x10,0x50,0x20,0x88,0x41,0x04,0x82,0x02 } },
  { 0x9700, { 0x3f,0xf8,0x01,0x00,0x7f,0xfe,0x41,0x02,0x9d,0x74,0x01,0x00,0x1d,0x70,0x00,0x00,0xff,0xfe,0x02,0x00,0x3f,0xf8,0x24,0x88,0x24,0x88,0x24,0xa8,0x20,0x10,0x00,0x00 } },
  { 0x8bb8, { 0x00,0x80,0x20,0x80,0x10,0x80,0x11,0xfc,0x01,0x20,0x02,0x20,0xf0,0x20,0x10,0x20,0x13,0xfe,0x10,0x20,0x10,0x20,0x10,0x20,0x14,0x20,0x18,0x20,0x10,0x20,0x00,0x20 } },
  { 0x5e8f, { 0x01,0x00,0x00,0x80,0x3f,0xfe,0x20,0x00,0x23,0xf8,0x20,0x10,0x20,0xa0,0x20,0x40,0x2f,0xfe,0x20,0x42,0x20,0x44,0x20,0x40,0x40,0x40,0x40,0x40,0x81,0x40,0x00,0x80 } },
  { 0x7eed, { 0x10,0x20,0x10,0x20,0x21,0xfc,0x24,0x20,0x44,0x20,0xfb,0xfe,0x10,0x02,0x20,0x94,0x40,0x50,0xfd,0x10,0x40,0x90,0x03,0xfe,0x1c,0x28,0xe0,0x44,0x40,0x82,0x03,0x02 } },
  { 0x9009, { 0x00,0x40,0x22,0x40,0x12,0x40,0x13,0xf8,0x04,0x40,0x00,0x40,0xf7,0xfc,0x11,0x20,0x11,0x20,0x11,0x20,0x12,0x24,0x12,0x24,0x14,0x1c,0x28,0x00,0x47,0xfe,0x00,0x00 } },
  { 0x6e32, { 0x00,0x40,0x20,0x20,0x13,0xfe,0x12,0x02,0x04,0x04,0x41,0xfc,0x20,0x00,0x29,0xfc,0x09,0x04,0x11,0xfc,0x71,0x04,0x11,0xfc,0x11,0x04,0x10,0x00,0x13,0xfe,0x00,0x00 } },
  { 0x524a, { 0x08,0x04,0x49,0x04,0x29,0x04,0x2a,0x24,0x08,0x24,0x7f,0x24,0x41,0x24,0x41,0x24,0x7f,0x24,0x41,0x24,0x41,0x24,0x7f,0x24,0x41,0x04,0x41,0x04,0x45,0x14,0x42,0x08 } },
  { 0x8840, { 0x01,0x00,0x01,0x00,0x02,0x00,0x3f,0xf8,0x24,0x48,0x24,0x48,0x24,0x48,0x24,0x48,0x24,0x48,0x24,0x48,0x24,0x48,0x24,0x48,0x24,0x48,0x24,0x48,0xff,0xfe,0x00,0x00 } },
  { 0x8be2, { 0x00,0x40,0x10,0x40,0x08,0x80,0x08,0xfe,0x01,0x02,0x02,0x02,0x79,0xf2,0x09,0x12,0x09,0x12,0x09,0xf2,0x09,0x12,0x09,0x12,0x0b,0xf2,0x0c,0x02,0x08,0x14,0x00,0x08 } },
  { 0x5faa, { 0x10,0x3c,0x17,0xe0,0x24,0x20,0x44,0x20,0x97,0xfe,0x14,0x20,0x25,0xfc,0x65,0x04,0xa5,0x04,0x25,0xfc,0x25,0x04,0x25,0xfc,0x29,0x04,0x29,0x04,0x31,0xfc,0x21,0x04 } },
  { 0x8bad, { 0x00,0x82,0x10,0x92,0x08,0x92,0x08,0x92,0x00,0x92,0x00,0x92,0x78,0x92,0x08,0x92,0x08,0x92,0x08,0x92,0x08,0x92,0x0a,0x92,0x0c,0x92,0x09,0x12,0x01,0x02,0x02,0x02 } },
  { 0x538b, { 0x3f,0xfe,0x20,0x00,0x20,0x80,0x20,0x80,0x20,0x80,0x20,0x80,0x2f,0xfc,0x20,0x80,0x20,0x80,0x20,0x90,0x20,0x88,0x20,0x88,0x40,0x80,0x5f,0xfe,0x80,0x00,0x00,0x00 } },
  { 0x54d1, { 0x00,0x00,0x03,0xfc,0x78,0x90,0x48,0x90,0x48,0x90,0x48,0x92,0x4c,0x92,0x4a,0x94,0x4a,0x94,0x4a,0x98,0x78,0x90,0x48,0x90,0x00,0x90,0x00,0x90,0x07,0xfe,0x00,0x00 } },
  { 0x4e25, { 0x7f,0xfc,0x02,0x40,0x12,0x48,0x0a,0x50,0x02,0x40,0x3f,0xfe,0x20,0x00,0x20,0x00,0x20,0x00,0x20,0x00,0x20,0x00,0x20,0x00,0x40,0x00,0x40,0x00,0x80,0x00,0x00,0x00 } },
  { 0x6cbf, { 0x21,0xf0,0x11,0x10,0x11,0x10,0x81,0x10,0x41,0x10,0x42,0x0e,0x14,0x00,0x10,0x00,0x23,0xf8,0xe2,0x08,0x22,0x08,0x22,0x08,0x22,0x08,0x23,0xf8,0x02,0x08,0x00,0x00 } },
  { 0x63a9, { 0x10,0x40,0x10,0x80,0x17,0xfe,0x11,0x10,0xfe,0x48,0x14,0x46,0x13,0xf8,0x16,0x48,0x1a,0x48,0x33,0xf8,0xd2,0x48,0x12,0x48,0x13,0xf8,0x10,0x42,0x50,0x42,0x20,0x3e } },
  { 0x773c, { 0x03,0xf8,0x7a,0x08,0x4a,0x08,0x4b,0xf8,0x7a,0x08,0x4a,0x08,0x4b,0xf8,0x7a,0x44,0x4a,0x48,0x4a,0x30,0x4a,0x20,0x7a,0x10,0x4a,0x88,0x03,0x06,0x02,0x00,0x00,0x00 } },
  { 0x9a8c, { 0x00,0x20,0xf8,0x20,0x08,0x50,0x48,0x50,0x48,0x88,0x49,0x04,0x4a,0xfa,0x7c,0x00,0x04,0x44,0x04,0x24,0x1d,0x24,0xe4,0xa8,0x44,0x88,0x04,0x10,0x2b,0xfe,0x10,0x00 } },
  { 0x6837, { 0x11,0x04,0x10,0x84,0x10,0x88,0x10,0x00,0xfb,0xfe,0x10,0x20,0x30,0x20,0x39,0xfc,0x54,0x20,0x50,0x20,0x93,0xfe,0x10,0x20,0x10,0x20,0x10,0x20,0x10,0x20,0x10,0x20 } },
  { 0x9065, { 0x00,0x3c,0x23,0xc0,0x10,0x04,0x12,0x44,0x01,0x28,0x01,0xfc,0xf2,0x20,0x10,0x20,0x13,0xfe,0x10,0x20,0x11,0x24,0x11,0x24,0x11,0x24,0x11,0xfc,0x28,0x00,0x47,0xfe } },
  { 0x8981, { 0x7f,0xfc,0x04,0x40,0x04,0x40,0x3f,0xf8,0x24,0x48,0x24,0x48,0x3f,0xf8,0x02,0x00,0x7f,0xfc,0x04,0x20,0x08,0x40,0x1c,0x80,0x03,0x80,0x06,0x70,0x38,0x08,0x00,0x00 } },
  { 0x4e5f, { 0x01,0x00,0x01,0x00,0x11,0x00,0x11,0x30,0x11,0xd0,0x17,0x10,0x39,0x10,0xd1,0x10,0x11,0x10,0x11,0x50,0x11,0x20,0x11,0x02,0x10,0x02,0x10,0x02,0x0f,0xfe,0x00,0x00 } },
  { 0x4e1a, { 0x04,0x40,0x04,0x40,0x04,0x40,0x04,0x40,0x44,0x44,0x24,0x44,0x24,0x48,0x14,0x48,0x14,0x50,0x14,0x60,0x04,0x40,0x04,0x40,0x04,0x40,0x04,0x40,0xff,0xfe,0x00,0x00 } },
  { 0x9875, { 0x7f,0xfc,0x02,0x00,0x04,0x00,0x1f,0xf0,0x10,0x10,0x11,0x10,0x11,0x10,0x11,0x10,0x11,0x10,0x11,0x10,0x12,0x90,0x02,0x40,0x04,0x20,0x18,0x10,0x60,0x08,0x00,0x00 } },
  { 0x4e00, { 0x00,0x00,0x00,0x00,0x00,0x00,0x00,0x00,0x00,0x00,0x00,0x00,0x00,0x00,0xff,0xfe,0x00,0x00,0x00,0x00,0x00,0x00,0x00,0x00,0x00,0x00,0x00,0x00,0x00,0x00,0x00,0x00 } },
  { 0x4f9d, { 0x08,0x80,0x08,0x40,0x08,0x40,0x17,0xfe,0x10,0x80,0x30,0x80,0x31,0x40,0x51,0x44,0x93,0x48,0x15,0x30,0x19,0x20,0x11,0x10,0x11,0x08,0x11,0x44,0x11,0x82,0x11,0x00 } },
  { 0x79fb, { 0x08,0x20,0x1c,0x20,0xf0,0x7c,0x10,0x84,0x11,0x48,0xfc,0x30,0x10,0x20,0x30,0x48,0x39,0x90,0x54,0x3e,0x54,0x42,0x91,0xa4,0x10,0x18,0x10,0x10,0x10,0x60,0x11,0x80 } },
  { 0x7591, { 0x40,0x00,0x4d,0xfc,0x70,0x08,0x44,0x50,0x44,0x20,0x3d,0xfe,0x40,0x24,0x7c,0x28,0x90,0xa0,0x10,0xb8,0xfe,0xa0,0x10,0xa0,0x28,0xe0,0x25,0x20,0x45,0x1e,0x82,0x00 } },
  { 0x5df2, { 0x00,0x00,0x3f,0xf0,0x00,0x10,0x00,0x10,0x00,0x10,0x20,0x10,0x20,0x10,0x3f,0xf0,0x20,0x00,0x20,0x00,0x20,0x00,0x20,0x04,0x20,0x04,0x20,0x04,0x1f,0xfc,0x00,0x00 } },
  { 0x4ee5, { 0x00,0x20,0x08,0x20,0x44,0x20,0x42,0x20,0x42,0x20,0x40,0x20,0x40,0x20,0x40,0x40,0x40,0x40,0x40,0x40,0x48,0x80,0x50,0xa0,0x61,0x10,0x42,0x08,0x04,0x04,0x08,0x04 } },
  { 0x4e49, { 0x02,0x00,0x01,0x10,0x21,0x10,0x20,0x10,0x10,0x20,0x10,0x20,0x08,0x20,0x08,0x40,0x04,0x40,0x02,0x80,0x01,0x00,0x02,0x80,0x04,0x40,0x08,0x20,0x30,0x18,0xc0,0x06 } },
  { 0x5fc6, { 0x10,0x00,0x10,0x00,0x13,0xfc,0x10,0x08,0x18,0x10,0x54,0x20,0x50,0x40,0x50,0x80,0x90,0x80,0x11,0x00,0x11,0x00,0x12,0x02,0x12,0x02,0x12,0x02,0x11,0xfe,0x10,0x00 } },
  { 0x8bae, { 0x00,0x80,0x20,0x48,0x12,0x48,0x12,0x08,0x02,0x08,0x01,0x10,0xf1,0x10,0x11,0x10,0x10,0xa0,0x10,0xa0,0x10,0x40,0x14,0x40,0x18,0xa0,0x11,0x10,0x02,0x08,0x0c,0x06 } },
  { 0x5f02, { 0x3f,0xf0,0x20,0x10,0x20,0x10,0x3f,0xf0,0x20,0x04,0x20,0x04,0x1f,0xfc,0x00,0x00,0x08,0x20,0x08,0x20,0xff,0xfe,0x08,0x20,0x10,0x20,0x20,0x20,0x40,0x20,0x00,0x00 } },
  { 0x8bd1, { 0x23,0xfc,0x11,0x04,0x10,0x88,0x00,0x50,0x00,0x20,0xf0,0xd8,0x13,0x26,0x10,0x20,0x11,0xfc,0x10,0x20,0x14,0x20,0x1b,0xfe,0x10,0x20,0x00,0x20,0x00,0x20,0x00,0x00 } },
  { 0x6613, { 0x0f,0xf0,0x08,0x10,0x08,0x10,0x0f,0xf0,0x08,0x10,0x08,0x10,0x0f,0xf0,0x04,0x00,0x08,0x00,0x1f,0xfc,0x22,0x44,0x42,0x44,0x04,0x84,0x08,0x84,0x11,0x28,0x02,0x10 } },
  { 0x9038, { 0x01,0x00,0x41,0x00,0x21,0xf0,0x22,0x10,0x04,0x20,0x0f,0xfc,0xe4,0x44,0x24,0x44,0x27,0xfc,0x20,0xa0,0x21,0x30,0x21,0x2a,0x22,0x22,0x24,0x1e,0x50,0x00,0x8f,0xfe } },
  { 0x610f, { 0x01,0x00,0x3f,0xf8,0x08,0x20,0x04,0x40,0xff,0xfe,0x00,0x00,0x1f,0xf0,0x10,0x10,0x1f,0xf0,0x10,0x10,0x1f,0xf0,0x02,0x00,0x51,0x04,0x51,0x12,0x90,0x12,0x0f,0xf0 } },
  { 0x6ea2, { 0x02,0x08,0x21,0x08,0x11,0x10,0x10,0x00,0x87,0xfc,0x40,0x00,0x41,0x10,0x12,0x08,0x14,0x04,0x23,0xf8,0xe2,0xa8,0x22,0xa8,0x22,0xa8,0x22,0xa8,0x2f,0xfe,0x00,0x00 } },
  { 0x56e0, { 0x7f,0xfc,0x40,0x04,0x41,0x04,0x41,0x04,0x41,0x04,0x5f,0xf4,0x41,0x04,0x42,0x84,0x42,0x44,0x44,0x24,0x48,0x14,0x50,0x14,0x40,0x04,0x7f,0xfc,0x40,0x04,0x00,0x00 } },
  { 0x5f15, { 0x00,0x04,0x3f,0x84,0x00,0x84,0x00,0x84,0x00,0x84,0x1f,0x84,0x10,0x04,0x10,0x04,0x20,0x04,0x3f,0x84,0x00,0x84,0x00,0x84,0x00,0x84,0x00,0x84,0x05,0x04,0x02,0x04 } },
  { 0x9690, { 0x00,0x80,0x78,0x80,0x49,0xf8,0x4a,0x08,0x54,0x10,0x53,0xfc,0x60,0x04,0x51,0xfc,0x48,0x04,0x4b,0xfc,0x48,0x04,0x68,0x40,0x51,0x24,0x45,0x2a,0x45,0x0a,0x48,0xf8 } },
  { 0x5e94, { 0x01,0x00,0x00,0x80,0x3f,0xfe,0x20,0x00,0x20,0x00,0x21,0x04,0x28,0x84,0x24,0x84,0x24,0x48,0x22,0x48,0x22,0x10,0x22,0x10,0x40,0x20,0x40,0x40,0x9f,0xfe,0x00,0x00 } },
  { 0x82f1, { 0x08,0x20,0x08,0x20,0xff,0xfe,0x08,0x20,0x01,0x00,0x01,0x00,0x1f,0xf0,0x11,0x10,0x11,0x10,0x11,0x10,0xff,0xfe,0x02,0x80,0x04,0x40,0x08,0x20,0x30,0x18,0xc0,0x06 } },
  { 0x5f71, { 0x7f,0x04,0x41,0x04,0x7f,0x08,0x41,0x10,0x7f,0x22,0x08,0x02,0xff,0xc4,0x00,0x08,0x7f,0x10,0x41,0x22,0x7f,0x02,0x08,0x04,0x49,0x08,0x88,0x90,0x18,0x60,0x00,0x00 } },
  { 0x6620, { 0x00,0x20,0x00,0x20,0x78,0x20,0x49,0xfc,0x49,0x24,0x49,0x24,0x79,0x24,0x49,0x24,0x49,0x24,0x4b,0xfe,0x48,0x20,0x78,0x50,0x48,0x50,0x00,0x88,0x01,0x04,0x02,0x02 } },
  { 0x786c, { 0x01,0xfe,0xfc,0x20,0x10,0x20,0x11,0xfc,0x21,0x24,0x3d,0x24,0x65,0xfc,0x65,0x24,0xa5,0x24,0x25,0xfc,0x25,0x20,0x3c,0xa0,0x24,0x40,0x20,0xb0,0x03,0x0e,0x00,0x00 } },
  { 0x6c38, { 0x02,0x00,0x01,0x00,0x00,0x80,0x1f,0x00,0x01,0x04,0x01,0x08,0x7d,0x90,0x05,0xa0,0x05,0x40,0x09,0x40,0x09,0x20,0x11,0x10,0x21,0x08,0xc1,0x06,0x05,0x00,0x02,0x00 } },
  { 0x7528, { 0x1f,0xfc,0x10,0x84,0x10,0x84,0x10,0x84,0x1f,0xfc,0x10,0x84,0x10,0x84,0x10,0x84,0x1f,0xfc,0x10,0x84,0x10,0x84,0x10,0x84,0x20,0x84,0x20,0x94,0x40,0x08,0x00,0x00 } },
  { 0x4f18, { 0x08,0x90,0x08,0x88,0x08,0x88,0x10,0x80,0x17,0xfe,0x30,0xa0,0x30,0xa0,0x50,0xa0,0x90,0xa0,0x10,0xa0,0x11,0x20,0x11,0x22,0x11,0x22,0x12,0x22,0x12,0x1e,0x14,0x00 } },
  { 0x7531, { 0x01,0x00,0x01,0x00,0x01,0x00,0x01,0x00,0x3f,0xf8,0x21,0x08,0x21,0x08,0x21,0x08,0x21,0x08,0x3f,0xf8,0x21,0x08,0x21,0x08,0x21,0x08,0x21,0x08,0x3f,0xf8,0x20,0x08 } },
  { 0x6709, { 0x02,0x00,0x02,0x00,0xff,0xfe,0x04,0x00,0x04,0x00,0x0f,0xf0,0x08,0x10,0x18,0x10,0x2f,0xf0,0x48,0x10,0x88,0x10,0x0f,0xf0,0x08,0x10,0x08,0x10,0x08,0x50,0x08,0x20 } },
  { 0x53c8, { 0x3f,0xf0,0x10,0x10,0x10,0x10,0x10,0x20,0x08,0x20,0x08,0x20,0x04,0x40,0x04,0x40,0x02,0x80,0x01,0x00,0x02,0x80,0x04,0x40,0x08,0x20,0x30,0x18,0xc0,0x06,0x00,0x00 } },
  { 0x53f3, { 0x02,0x00,0x02,0x00,0x02,0x00,0xff,0xfe,0x04,0x00,0x04,0x00,0x08,0x00,0x08,0x00,0x1f,0xf8,0x28,0x08,0x48,0x08,0x88,0x08,0x08,0x08,0x08,0x08,0x0f,0xf8,0x08,0x08 } },
  { 0x4e8e, { 0x3f,0xf8,0x01,0x00,0x01,0x00,0x01,0x00,0x01,0x00,0xff,0xfe,0x01,0x00,0x01,0x00,0x01,0x00,0x01,0x00,0x01,0x00,0x01,0x00,0x01,0x00,0x05,0x00,0x02,0x00,0x00,0x00 } },
  { 0x4e0e, { 0x08,0x00,0x08,0x00,0x08,0x00,0x0f,0xfe,0x08,0x00,0x10,0x00,0x10,0x00,0x1f,0xfc,0x00,0x04,0x00,0x04,0x00,0x04,0x7f,0xe4,0x00,0x04,0x00,0x04,0x00,0x28,0x00,0x10 } },
  { 0x8bed, { 0x47,0xfc,0x20,0x40,0x20,0x40,0x03,0xf8,0x00,0x88,0xe0,0x88,0x27,0xfe,0x20,0x00,0x20,0x00,0x23,0xf8,0x22,0x08,0x2a,0x08,0x32,0x08,0x23,0xf8,0x02,0x08,0x00,0x00 } },
  { 0x9884, { 0xf9,0xfe,0x08,0x20,0x50,0x40,0x21,0xfc,0x11,0x04,0xfd,0x24,0x25,0x24,0x29,0x24,0x21,0x24,0x21,0x24,0x21,0x44,0x20,0x50,0x20,0x88,0xa1,0x04,0x42,0x02,0x00,0x00 } },
  { 0x57df, { 0x20,0x14,0x20,0x12,0x20,0x10,0x27,0xfe,0x20,0x10,0xf8,0x10,0x23,0xd2,0x22,0x52,0x22,0x52,0x22,0x54,0x23,0xd4,0x38,0x08,0xe0,0xea,0x47,0x1a,0x02,0x26,0x00,0x42 } },
  { 0x6108, { 0x01,0x00,0x02,0x80,0x0c,0x60,0x37,0xd8,0xc0,0x06,0x3e,0x08,0x22,0x48,0x3e,0x48,0x22,0x48,0x3e,0x48,0x22,0x08,0x26,0x18,0x01,0x00,0x48,0x84,0x48,0x12,0x87,0xf2 } },
  { 0x539f, { 0x3f,0xfe,0x20,0x80,0x21,0x00,0x27,0xf0,0x24,0x10,0x24,0x10,0x27,0xf0,0x24,0x10,0x24,0x10,0x27,0xf0,0x20,0x80,0x24,0x90,0x48,0x88,0x52,0x84,0x81,0x00,0x00,0x00 } },
  { 0x6e90, { 0x27,0xfe,0x14,0x20,0x14,0x40,0x85,0xfc,0x45,0x04,0x45,0xfc,0x15,0x04,0x15,0xfc,0x25,0x24,0xe4,0x20,0x24,0xa8,0x29,0x24,0x2a,0x22,0x30,0xa0,0x00,0x40,0x00,0x00 } },
  { 0x8fdc, { 0x23,0xf8,0x10,0x00,0x10,0x00,0x00,0x00,0x07,0xfc,0xf1,0x20,0x11,0x20,0x11,0x20,0x11,0x20,0x11,0x24,0x12,0x24,0x12,0x24,0x14,0x1c,0x28,0x00,0x47,0xfe,0x00,0x00 } },
  { 0x7ea6, { 0x08,0x20,0x08,0x20,0x10,0x40,0x12,0x7e,0x22,0x82,0x7d,0x02,0x08,0x02,0x10,0x82,0x20,0x42,0x7e,0x22,0x20,0x22,0x00,0x02,0x0e,0x02,0x70,0x02,0x20,0x14,0x00,0x08 } },
  { 0x8d8a, { 0x10,0x28,0x10,0x24,0x10,0x20,0x7d,0xfc,0x11,0x20,0x11,0x24,0xfd,0x24,0x11,0x28,0x11,0x28,0x51,0x10,0x5d,0x94,0x51,0x2c,0x70,0x44,0x50,0x00,0x4f,0xfe,0x80,0x00 } },
  { 0x4e91, { 0x3f,0xf8,0x00,0x00,0x00,0x00,0x00,0x00,0x00,0x00,0xff,0xfe,0x02,0x00,0x04,0x00,0x04,0x00,0x08,0x40,0x10,0x20,0x20,0x10,0x7f,0xf8,0x20,0x08,0x00,0x08,0x00,0x00 } },
  { 0x5141, { 0x01,0x00,0x01,0x00,0x02,0x00,0x04,0x40,0x08,0x20,0x10,0x10,0x3f,0xf8,0x04,0x48,0x04,0x40,0x04,0x40,0x04,0x40,0x08,0x40,0x08,0x42,0x10,0x42,0x20,0x42,0xc0,0x3e } },
  { 0x8fd0, { 0x00,0x00,0x23,0xf8,0x10,0x00,0x10,0x00,0x00,0x00,0x07,0xfc,0xf0,0x40,0x10,0x80,0x11,0x10,0x12,0x08,0x17,0xfc,0x12,0x04,0x10,0x00,0x28,0x00,0x47,0xfe,0x00,0x00 } },
  { 0x6742, { 0x02,0x00,0x02,0x00,0x3f,0xe0,0x04,0x20,0x04,0x22,0x08,0x22,0x11,0x1e,0x61,0x00,0x01,0x00,0xff,0xfe,0x01,0x00,0x09,0x20,0x11,0x10,0x21,0x08,0x45,0x04,0x02,0x00 } },
  { 0x518d, { 0xff,0xfe,0x01,0x00,0x01,0x00,0x3f,0xf8,0x21,0x08,0x21,0x08,0x3f,0xf8,0x21,0x08,0x21,0x08,0xff,0xfe,0x20,0x08,0x20,0x08,0x20,0x08,0x20,0x28,0x20,0x10,0x00,0x00 } },
  { 0x5728, { 0x02,0x00,0x02,0x00,0x04,0x00,0xff,0xfe,0x08,0x00,0x08,0x40,0x10,0x40,0x30,0x40,0x57,0xfc,0x90,0x40,0x10,0x40,0x10,0x40,0x10,0x40,0x10,0x40,0x1f,0xfe,0x10,0x00 } },
  { 0x8f7d, { 0x08,0x20,0x08,0x28,0x7f,0x24,0x08,0x20,0xff,0xfe,0x10,0x20,0x10,0x24,0xff,0x24,0x20,0x24,0x48,0x28,0x7f,0x28,0x08,0x10,0x0f,0x12,0xf8,0x2a,0x08,0x46,0x08,0x82 } },
  { 0x65e9, { 0x1f,0xf0,0x10,0x10,0x10,0x10,0x1f,0xf0,0x10,0x10,0x10,0x10,0x1f,0xf0,0x01,0x00,0x01,0x00,0xff,0xfe,0x01,0x00,0x01,0x00,0x01,0x00,0x01,0x00,0x01,0x00,0x00,0x00 } },
  { 0x9020, { 0x00,0x40,0x22,0x40,0x13,0xf8,0x14,0x40,0x00,0x40,0x07,0xfc,0xf0,0x00,0x10,0x00,0x13,0xf8,0x12,0x08,0x12,0x08,0x13,0xf8,0x12,0x08,0x28,0x00,0x47,0xfe,0x00,0x00 } },
  { 0x5219, { 0x00,0x02,0x3f,0x82,0x20,0x82,0x20,0x92,0x24,0x92,0x24,0x92,0x24,0x92,0x24,0x92,0x24,0x92,0x24,0x92,0x24,0x92,0x0a,0x12,0x09,0x02,0x10,0x82,0x20,0x4a,0x40,0x44 } },
  { 0x600e, { 0x08,0x00,0x08,0x00,0x0f,0xfc,0x14,0x00,0x24,0x00,0x47,0xf0,0x04,0x00,0x04,0x00,0x07,0xf8,0x04,0x00,0x01,0x00,0x08,0x84,0x48,0x92,0x48,0x12,0x87,0xf0,0x00,0x00 } },
  { 0x589e, { 0x11,0x04,0x10,0x88,0x10,0x00,0x13,0xfe,0x12,0x22,0x7e,0xaa,0x12,0x72,0x12,0x22,0x13,0xfe,0x10,0x00,0x11,0xfc,0x1d,0x04,0x71,0xfc,0x21,0x04,0x01,0xfc,0x01,0x04 } },
  { 0x5360, { 0x02,0x00,0x02,0x00,0x02,0x00,0x03,0xfc,0x02,0x00,0x02,0x00,0x02,0x00,0x02,0x00,0x7f,0xf0,0x40,0x10,0x40,0x10,0x40,0x10,0x40,0x10,0x40,0x10,0x7f,0xf0,0x40,0x10 } },
  { 0x5f20, { 0x01,0x00,0xf9,0x08,0x09,0x08,0x09,0x10,0x09,0x20,0x79,0x40,0x41,0x00,0x47,0xfe,0x41,0x40,0x79,0x20,0x09,0x20,0x09,0x10,0x09,0x08,0x09,0x44,0x51,0x82,0x21,0x00 } },
  { 0x957f, { 0x08,0x00,0x08,0x10,0x08,0x20,0x08,0x40,0x08,0x80,0x09,0x00,0x08,0x00,0xff,0xfe,0x0a,0x00,0x09,0x00,0x08,0x80,0x08,0x40,0x09,0x20,0x0a,0x18,0x0c,0x06,0x08,0x00 } },
  { 0x6da8, { 0x00,0x40,0x4f,0x44,0x21,0x44,0x21,0x48,0x01,0x48,0x8f,0x50,0x48,0x40,0x58,0xfe,0x18,0x50,0x2f,0x50,0xe1,0x48,0x21,0x48,0x21,0x44,0x21,0x44,0x2a,0x62,0x04,0x40 } },
  { 0x627e, { 0x08,0x48,0x08,0x44,0x08,0x44,0x08,0x40,0x7e,0x5e,0x09,0xe0,0x08,0x40,0x0a,0x44,0x0c,0x44,0x18,0x48,0x68,0x30,0x08,0x22,0x08,0x52,0x08,0x8a,0x29,0x06,0x10,0x02 } },
  { 0x7167, { 0x3e,0xfe,0x22,0x22,0x22,0x22,0x22,0x22,0x22,0x4a,0x3e,0x84,0x22,0x7e,0x22,0x42,0x22,0x42,0x22,0x42,0x3e,0x7e,0x00,0x00,0x24,0x44,0x22,0x22,0x42,0x22,0x00,0x00 } },
  { 0x8005, { 0x02,0x00,0x02,0x08,0x3f,0xd0,0x02,0x20,0x02,0x40,0xff,0xfe,0x01,0x00,0x02,0x00,0x0f,0xf0,0x18,0x10,0x28,0x10,0x4f,0xf0,0x88,0x10,0x08,0x10,0x0f,0xf0,0x08,0x10 } },
  { 0x8fd9, { 0x00,0x80,0x20,0x40,0x10,0x40,0x17,0xfc,0x00,0x10,0x02,0x10,0xf1,0x20,0x10,0xa0,0x10,0x40,0x10,0xa0,0x11,0x10,0x12,0x08,0x14,0x08,0x28,0x00,0x47,0xfe,0x00,0x00 } },
  { 0x7740, { 0x08,0x20,0x04,0x40,0x7f,0xfc,0x01,0x00,0x3f,0xf8,0x02,0x00,0xff,0xfe,0x04,0x00,0x0f,0xf0,0x18,0x10,0x2f,0xf0,0xc8,0x10,0x0f,0xf0,0x08,0x10,0x0f,0xf0,0x08,0x10 } },
  { 0x9488, { 0x10,0x20,0x10,0x20,0x1e,0x20,0x20,0x20,0x20,0x20,0x7c,0x20,0x93,0xfe,0x10,0x20,0xfe,0x20,0x10,0x20,0x10,0x20,0x12,0x20,0x14,0x20,0x18,0x20,0x10,0x20,0x00,0x20 } },
  { 0x771f, { 0x01,0x00,0x01,0x00,0x7f,0xfc,0x01,0x00,0x1f,0xf0,0x10,0x10,0x1f,0xf0,0x10,0x10,0x1f,0xf0,0x10,0x10,0x1f,0xf0,0x10,0x10,0xff,0xfe,0x08,0x20,0x10,0x10,0x20,0x08 } },
  { 0x9635, { 0x00,0x40,0x7c,0x40,0x44,0x40,0x4b,0xfe,0x48,0x80,0x50,0xa0,0x49,0x20,0x49,0xfc,0x44,0x20,0x44,0x20,0x44,0x20,0x6b,0xfe,0x50,0x20,0x40,0x20,0x40,0x20,0x40,0x20 } },
  { 0x6574, { 0x08,0x20,0x08,0x20,0xff,0xbe,0x08,0x44,0x7f,0xa4,0x49,0x24,0x7f,0x28,0x2a,0x10,0x49,0x28,0x88,0x46,0x00,0x00,0x7f,0xfc,0x01,0x00,0x11,0xf8,0x11,0x00,0xff,0xfe } },
  { 0x6b63, { 0x00,0x00,0x7f,0xfc,0x01,0x00,0x01,0x00,0x01,0x00,0x01,0x00,0x11,0x00,0x11,0xf8,0x11,0x00,0x11,0x00,0x11,0x00,0x11,0x00,0x11,0x00,0x11,0x00,0xff,0xfe,0x00,0x00 } },
  { 0x8bc1, { 0x00,0x00,0x20,0x00,0x13,0xfe,0x10,0x20,0x00,0x20,0x00,0x20,0xf1,0x20,0x11,0x20,0x11,0x3c,0x11,0x20,0x11,0x20,0x15,0x20,0x19,0x20,0x11,0x20,0x07,0xfe,0x00,0x00 } },
  { 0x5e27, { 0x10,0x20,0x10,0x20,0x10,0x3e,0x7c,0x20,0x54,0x20,0x55,0xfc,0x55,0x04,0x55,0x24,0x55,0x24,0x55,0x24,0x55,0x24,0x5d,0x24,0x10,0x50,0x10,0x48,0x10,0x84,0x11,0x04 } },
  { 0x4e4b, { 0x02,0x00,0x01,0x00,0x01,0x00,0x00,0x00,0x7f,0xf8,0x00,0x10,0x00,0x20,0x00,0x40,0x00,0x80,0x01,0x00,0x02,0x00,0x04,0x00,0x18,0x00,0x24,0x00,0x43,0xfe,0x00,0x00 } },
  { 0x652f, { 0x01,0x00,0x01,0x00,0x01,0x00,0x7f,0xfc,0x01,0x00,0x01,0x00,0x01,0x00,0x3f,0xf0,0x10,0x10,0x08,0x20,0x04,0x40,0x02,0x80,0x01,0x00,0x06,0xc0,0x18,0x30,0xe0,0x0e } },
  { 0x77e5, { 0x10,0x00,0x10,0x00,0x10,0x3e,0x3f,0x22,0x24,0x22,0x44,0x22,0x04,0x22,0x04,0x22,0x7f,0xa2,0x04,0x22,0x0a,0x22,0x0a,0x22,0x11,0x3e,0x11,0x22,0x21,0x00,0x40,0x00 } },
  { 0x76f4, { 0x01,0x00,0x01,0x00,0x7f,0xfc,0x01,0x00,0x1f,0xf0,0x10,0x10,0x10,0x10,0x1f,0xf0,0x10,0x10,0x1f,0xf0,0x10,0x10,0x1f,0xf0,0x10,0x10,0x10,0x10,0xff,0xfe,0x00,0x00 } },
  { 0x503c, { 0x08,0x40,0x08,0x40,0x0f,0xfc,0x10,0x40,0x10,0x40,0x33,0xf8,0x32,0x08,0x53,0xf8,0x92,0x08,0x13,0xf8,0x12,0x08,0x13,0xf8,0x12,0x08,0x12,0x08,0x1f,0xfe,0x10,0x00 } },
  { 0x53ea, { 0x1f,0xf0,0x10,0x10,0x10,0x10,0x10,0x10,0x10,0x10,0x10,0x10,0x10,0x10,0x1f,0xf0,0x10,0x10,0x00,0x00,0x08,0x20,0x08,0x10,0x10,0x08,0x20,0x04,0x40,0x04,0x00,0x00 } },
  { 0x5740, { 0x10,0x20,0x10,0x20,0x10,0x20,0x11,0x20,0x11,0x20,0xfd,0x20,0x11,0x3c,0x11,0x20,0x11,0x20,0x11,0x20,0x11,0x20,0x1d,0x20,0xe1,0x20,0x41,0x20,0x07,0xfe,0x00,0x00 } },
  { 0x6307, { 0x11,0x00,0x11,0x04,0x11,0x38,0x11,0xc0,0xfd,0x02,0x11,0x02,0x10,0xfe,0x14,0x00,0x19,0xfc,0x31,0x04,0xd1,0x04,0x11,0xfc,0x11,0x04,0x11,0x04,0x51,0xfc,0x21,0x04 } },
  { 0x81f3, { 0x00,0x00,0x7f,0xfc,0x02,0x00,0x04,0x00,0x08,0x20,0x10,0x10,0x3f,0xf8,0x00,0x08,0x01,0x00,0x01,0x00,0x3f,0xf8,0x01,0x00,0x01,0x00,0x01,0x00,0xff,0xfe,0x00,0x00 } },
  { 0x5fd7, { 0x01,0x00,0x01,0x00,0x01,0x00,0xff,0xfe,0x01,0x00,0x01,0x00,0x01,0x00,0x3f,0xf8,0x00,0x00,0x01,0x00,0x08,0x88,0x48,0x84,0x48,0x12,0x48,0x12,0x87,0xf0,0x00,0x00 } },
  { 0x5236, { 0x02,0x02,0x12,0x02,0x12,0x02,0x1f,0xd2,0x22,0x12,0x02,0x12,0x7f,0xf2,0x02,0x12,0x02,0x12,0x1f,0xd2,0x12,0x52,0x12,0x52,0x13,0x42,0x12,0x82,0x02,0x0a,0x02,0x04 } },
  { 0x81f4, { 0x00,0x40,0xfe,0x40,0x10,0x40,0x20,0x80,0x28,0xfe,0x45,0x08,0xfe,0x88,0x12,0x88,0x10,0x88,0x10,0x50,0x7c,0x50,0x10,0x20,0x10,0x50,0x1e,0x88,0xf1,0x04,0x42,0x02 } },
  { 0x7f6e, { 0x7f,0xfc,0x44,0x44,0x7f,0xfc,0x01,0x00,0x7f,0xfc,0x01,0x00,0x1f,0xf0,0x10,0x10,0x1f,0xf0,0x10,0x10,0x1f,0xf0,0x10,0x10,0x1f,0xf0,0x10,0x10,0xff,0xfe,0x00,0x00 } },
  { 0x4e2d, { 0x01,0x00,0x01,0x00,0x01,0x00,0x01,0x00,0x3f,0xf8,0x21,0x08,0x21,0x08,0x21,0x08,0x21,0x08,0x21,0x08,0x3f,0xf8,0x21,0x08,0x01,0x00,0x01,0x00,0x01,0x00,0x01,0x00 } },
  { 0x949f, { 0x08,0x10,0x08,0x10,0x1e,0x10,0x10,0x10,0x20,0xfe,0x5e,0x92,0x08,0x92,0x08,0x92,0x7e,0x92,0x08,0xfe,0x08,0x92,0x08,0x10,0x0a,0x10,0x0c,0x10,0x08,0x10,0x00,0x10 } },
  { 0x79cd, { 0x04,0x10,0x0e,0x10,0x78,0x10,0x08,0x10,0x08,0xfe,0x7e,0x92,0x08,0x92,0x18,0x92,0x1c,0x92,0x2a,0xfe,0x2a,0x92,0x48,0x10,0x08,0x10,0x08,0x10,0x08,0x10,0x08,0x10 } },
  { 0x91cd, { 0x00,0x10,0x00,0xf8,0x3f,0x00,0x01,0x00,0xff,0xfe,0x01,0x00,0x1f,0xf0,0x11,0x10,0x1f,0xf0,0x11,0x10,0x1f,0xf0,0x01,0x00,0x3f,0xf8,0x01,0x00,0xff,0xfe,0x00,0x00 } },
  { 0x5468, { 0x1f,0xfc,0x10,0x84,0x10,0x84,0x17,0xf4,0x10,0x84,0x10,0x84,0x1f,0xfc,0x10,0x04,0x13,0xe4,0x12,0x24,0x12,0x24,0x13,0xe4,0x20,0x04,0x20,0x14,0x40,0x08,0x00,0x00 } },
  { 0x9010, { 0x00,0x00,0x23,0xfc,0x10,0x40,0x10,0x80,0x01,0x44,0x06,0x68,0xf0,0xb0,0x11,0x28,0x16,0x68,0x10,0xa4,0x11,0x24,0x16,0x20,0x10,0xa0,0x28,0x40,0x47,0xfe,0x00,0x00 } },
  { 0x4e3b, { 0x02,0x00,0x01,0x00,0x00,0x00,0x7f,0xfc,0x01,0x00,0x01,0x00,0x01,0x00,0x01,0x00,0x3f,0xf8,0x01,0x00,0x01,0x00,0x01,0x00,0x01,0x00,0x01,0x00,0xff,0xfe,0x00,0x00 } },
  { 0x4f4f, { 0x08,0x80,0x08,0x40,0x08,0x00,0x17,0xfc,0x10,0x40,0x30,0x40,0x30,0x40,0x50,0x40,0x97,0xfc,0x10,0x40,0x10,0x40,0x10,0x40,0x10,0x40,0x10,0x40,0x1f,0xfe,0x10,0x00 } },
  { 0x6ce8, { 0x00,0x80,0x20,0x40,0x10,0x00,0x17,0xfc,0x80,0x40,0x40,0x40,0x40,0x40,0x10,0x40,0x13,0xfc,0x20,0x40,0xe0,0x40,0x20,0x40,0x20,0x40,0x20,0x40,0x2f,0xfe,0x00,0x00 } },
  { 0x6293, { 0x10,0x08,0x10,0x1c,0x11,0xf0,0x11,0x50,0xfd,0x50,0x11,0x50,0x11,0x50,0x15,0x50,0x19,0x50,0x31,0x48,0xd1,0x48,0x11,0x48,0x11,0x44,0x12,0x44,0x52,0x42,0x24,0x00 } },
  { 0x4e13, { 0x01,0x00,0x01,0x00,0x01,0x00,0x3f,0xf8,0x02,0x00,0x02,0x00,0xff,0xfe,0x04,0x00,0x08,0x00,0x0f,0xf0,0x00,0x10,0x00,0x20,0x06,0x40,0x01,0x80,0x00,0x40,0x00,0x20 } },
  { 0x8f6c, { 0x20,0x20,0x20,0x20,0x20,0x20,0xfd,0xfc,0x40,0x20,0x50,0x40,0x93,0xfe,0xfc,0x40,0x10,0x80,0x11,0xfc,0x1c,0x04,0xf0,0x88,0x50,0x50,0x10,0x20,0x10,0x10,0x10,0x10 } },
  { 0x6869, { 0x10,0x20,0x10,0x10,0x10,0x10,0x11,0xfe,0xfd,0x00,0x11,0x10,0x31,0x10,0x39,0x10,0x55,0x7c,0x55,0x10,0x91,0x10,0x11,0x10,0x11,0x10,0x12,0x10,0x12,0xfe,0x14,0x00 } },
  { 0x88c5, { 0x08,0x20,0x48,0x20,0x2b,0xfe,0x08,0x20,0x18,0x20,0x28,0x20,0xc9,0xfc,0x0a,0x00,0x01,0x00,0xff,0xfe,0x05,0x00,0x0c,0x88,0x34,0x50,0xc5,0x30,0x06,0x0e,0x04,0x00 } },
  { 0x72b6, { 0x08,0x40,0x08,0x48,0x08,0x44,0x48,0x44,0x28,0x40,0x2f,0xfe,0x08,0x40,0x08,0x40,0x18,0x40,0x28,0xa0,0xc8,0xa0,0x08,0x90,0x09,0x10,0x09,0x08,0x0a,0x04,0x0c,0x02 } },
  { 0x649e, { 0x10,0x20,0x11,0xfc,0x10,0x88,0x10,0x50,0xfd,0xfe,0x10,0x00,0x11,0xfc,0x15,0x24,0x19,0xfc,0x31,0x24,0xd1,0xfc,0x10,0x20,0x11,0xfc,0x10,0x20,0x53,0xfe,0x20,0x00 } },
  { 0x8ffd, { 0x00,0x20,0x20,0x40,0x13,0xfc,0x12,0x04,0x02,0x04,0x03,0xfc,0xf2,0x00,0x12,0x00,0x13,0xfe,0x12,0x02,0x12,0x02,0x13,0xfe,0x12,0x02,0x28,0x00,0x47,0xfe,0x00,0x00 } },
  { 0x8d44, { 0x00,0x80,0x20,0x80,0x10,0xfe,0x05,0x22,0x0a,0x24,0x70,0x50,0x10,0x88,0x13,0x06,0x0f,0xf8,0x08,0x08,0x08,0x88,0x08,0x88,0x08,0x88,0x01,0x30,0x06,0x0c,0x38,0x02 } },
  { 0x5b57, { 0x02,0x00,0x01,0x00,0x7f,0xfe,0x40,0x02,0x80,0x04,0x1f,0xe0,0x00,0x40,0x00,0x80,0x01,0x00,0xff,0xfe,0x01,0x00,0x01,0x00,0x01,0x00,0x01,0x00,0x05,0x00,0x02,0x00 } },
  { 0x81ea, { 0x01,0x00,0x02,0x00,0x04,0x00,0x1f,0xf0,0x10,0x10,0x10,0x10,0x10,0x10,0x1f,0xf0,0x10,0x10,0x10,0x10,0x1f,0xf0,0x10,0x10,0x10,0x10,0x10,0x10,0x1f,0xf0,0x10,0x10 } },
  { 0x5b50, { 0x7f,0xf8,0x00,0x10,0x00,0x20,0x00,0x40,0x01,0x80,0x01,0x00,0xff,0xfe,0x01,0x00,0x01,0x00,0x01,0x00,0x01,0x00,0x01,0x00,0x01,0x00,0x05,0x00,0x02,0x00,0x00,0x00 } },
  { 0x603b, { 0x10,0x10,0x08,0x20,0x04,0x40,0x00,0x00,0x1f,0xf0,0x10,0x10,0x10,0x10,0x10,0x10,0x1f,0xf0,0x10,0x10,0x01,0x00,0x08,0x84,0x48,0x92,0x48,0x12,0x87,0xf0,0x00,0x00 } },
  { 0x8d70, { 0x01,0x00,0x01,0x00,0x01,0x00,0x3f,0xf8,0x01,0x00,0x01,0x00,0xff,0xfe,0x01,0x00,0x01,0x00,0x11,0x00,0x11,0xf8,0x11,0x00,0x11,0x00,0x29,0x00,0x47,0xfe,0x80,0x00 } },
  { 0x8db3, { 0x1f,0xf0,0x10,0x10,0x10,0x10,0x10,0x10,0x10,0x10,0x1f,0xf0,0x01,0x00,0x01,0x00,0x11,0x00,0x11,0xf8,0x11,0x00,0x29,0x00,0x25,0x00,0x43,0xfe,0x80,0x00,0x00,0x00 } },
  { 0x963b, { 0x7d,0xf8,0x45,0x08,0x49,0x08,0x49,0x08,0x51,0xf8,0x49,0x08,0x49,0x08,0x45,0x08,0x45,0xf8,0x45,0x08,0x69,0x08,0x51,0x08,0x41,0x08,0x47,0xfe,0x40,0x00,0x00,0x00 } },
  { 0x7ec4, { 0x10,0x00,0x11,0xf8,0x21,0x08,0x21,0x08,0x49,0x08,0xf9,0xf8,0x11,0x08,0x21,0x08,0x41,0x08,0xf9,0xf8,0x41,0x08,0x01,0x08,0x19,0x08,0xe1,0x08,0x47,0xfe,0x00,0x00 } },
  { 0x6700, { 0x1f,0xf0,0x10,0x10,0x1f,0xf0,0x10,0x10,0x1f,0xf0,0x00,0x00,0xff,0xfe,0x22,0x00,0x3e,0xf8,0x22,0x88,0x3e,0x90,0x22,0x50,0x2f,0x20,0xf2,0x50,0x42,0x88,0x03,0x06 } },
  { 0x5de6, { 0x02,0x00,0x02,0x00,0x02,0x00,0xff,0xfe,0x04,0x00,0x04,0x00,0x04,0x00,0x08,0x00,0x0f,0xf8,0x10,0x80,0x10,0x80,0x20,0x80,0x40,0x80,0x80,0x80,0x3f,0xfe,0x00,0x00 } },
  { 0x4f5c, { 0x09,0x00,0x09,0x00,0x09,0x00,0x11,0xfe,0x12,0x80,0x32,0x80,0x34,0x80,0x50,0xf8,0x90,0x80,0x10,0x80,0x10,0x80,0x10,0xfc,0x10,0x80,0x10,0x80,0x10,0x80,0x10,0x80 } },
  { 0x5750, { 0x01,0x00,0x11,0x10,0x11,0x10,0x11,0x10,0x11,0x10,0x29,0x28,0x25,0x24,0x45,0x44,0x81,0x00,0x01,0x00,0x3f,0xf8,0x01,0x00,0x01,0x00,0x01,0x00,0xff,0xfe,0x00,0x00 } },
  { 0x5ea7, { 0x01,0x00,0x00,0x80,0x3f,0xfe,0x20,0x80,0x24,0x90,0x24,0x90,0x24,0x90,0x2a,0xa8,0x31,0xc4,0x20,0x80,0x2f,0xf8,0x20,0x80,0x40,0x80,0x40,0x80,0xbf,0xfe,0x00,0x00 } },
  { 0x505a, { 0x12,0x10,0x12,0x10,0x12,0x10,0x2f,0xa0,0x22,0x3e,0x62,0x44,0x62,0x24,0xaf,0xa4,0x28,0xa4,0x28,0xa8,0x28,0xa8,0x28,0x90,0x2f,0xa8,0x28,0x28,0x20,0x44,0x20,0x82 } },
};
static const int CN_GLYPHS_COUNT = 786;

static const CnGlyph24 CN_GLYPHS24[] PROGMEM = {
  { 0x963f, { 0x00,0x00,0x00,0x7f,0x00,0x08,0x67,0x7f,0xfc,0x66,0x00,0x60,0x64,0x00,0x60,0x6c,0x00,0x60,0x68,0x7e,0x60,0x68,0x66,0x60,0x68,0x66,0x60,0x64,0x66,0x60,0x66,0x66,0x60,0x62,0x66,0x60,0x63,0x66,0x60,0x63,0x7e,0x60,0x63,0x66,0x60,0x7e,0x60,0x60,0x6c,0x00,0x60,0x60,0x00,0x60,0x60,0x00,0x60,0x60,0x03,0xe0,0x60,0x01,0xe0,0x40,0x00,0xc0,0x00,0x00,0x00,0x00,0x00,0x00 } },
  { 0x5b89, { 0x00,0x00,0x00,0x00,0x30,0x00,0x00,0x18,0x00,0x00,0x0c,0x00,0x00,0x0c,0x08,0x0f,0xff,0xfc,0x0c,0x00,0x18,0x18,0x00,0x10,0x18,0x70,0x20,0x00,0x60,0x00,0x00,0x60,0x08,0x3f,0xff,0xfc,0x00,0xc1,0xc0,0x00,0xc1,0x80,0x01,0x83,0x80,0x01,0x83,0x00,0x03,0xc6,0x00,0x00,0x7e,0x00,0x00,0x0f,0x80,0x00,0x39,0xf0,0x00,0xf0,0x78,0x03,0xc0,0x1c,0x3e,0x00,0x08,0x00,0x00,0x00 } },
  { 0x6309, { 0x00,0x00,0x00,0x06,0x02,0x00,0x06,0x03,0x00,0x06,0x01,0x80,0x06,0x01,0x00,0x06,0x3f,0xfc,0x7f,0xb0,0x0c,0x06,0x63,0x18,0x06,0x67,0x00,0x06,0x86,0x00,0x07,0x86,0x08,0x06,0x7f,0xfc,0x1e,0x0c,0x30,0x7e,0x18,0x60,0x26,0x18,0x60,0x06,0x30,0x60,0x06,0x3c,0xc0,0x06,0x07,0xc0,0x06,0x01,0xe0,0x06,0x03,0x38,0x3e,0x0e,0x1c,0x1e,0x38,0x0c,0x0c,0xc0,0x00,0x00,0x00,0x00 } },
  { 0x6848, { 0x00,0x00,0x00,0x00,0x30,0x00,0x00,0x18,0x00,0x08,0x18,0x00,0x0f,0xff,0xf8,0x18,0x30,0x18,0x38,0x60,0x38,0x3f,0xff,0xfc,0x00,0x83,0x00,0x01,0x83,0x00,0x01,0xfe,0x00,0x00,0x1f,0xc0,0x00,0xf1,0xe0,0x0f,0x98,0x70,0x00,0x18,0x08,0x3f,0xff,0xfc,0x00,0x7c,0x00,0x00,0xfa,0x00,0x01,0xd9,0x80,0x03,0x98,0xe0,0x0e,0x18,0x7e,0x38,0x18,0x3c,0x60,0x18,0x00,0x00,0x00,0x00 } },
  { 0x516b, { 0x00,0x00,0x00,0x00,0x06,0x00,0x00,0xc6,0x00,0x00,0xe6,0x00,0x00,0xc6,0x00,0x00,0xc2,0x00,0x00,0xc2,0x00,0x00,0xc2,0x00,0x00,0xc3,0x00,0x00,0x83,0x00,0x01,0x81,0x00,0x01,0x81,0x00,0x01,0x81,0x80,0x03,0x01,0x80,0x03,0x00,0xc0,0x03,0x00,0xc0,0x06,0x00,0x60,0x04,0x00,0x70,0x0c,0x00,0x38,0x18,0x00,0x1c,0x30,0x00,0x0e,0x60,0x00,0x00,0x00,0x00,0x00,0x00,0x00,0x00 } },
  { 0x5df4, { 0x00,0x00,0x00,0x00,0x00,0x00,0x00,0x00,0x60,0x3f,0xff,0xf0,0x30,0x70,0x60,0x30,0x70,0x60,0x30,0x70,0x60,0x30,0x70,0x60,0x30,0x70,0x60,0x30,0x70,0x60,0x3f,0xff,0xe0,0x30,0x00,0x60,0x30,0x00,0x00,0x30,0x00,0x00,0x30,0x00,0x00,0x30,0x00,0x00,0x30,0x00,0x18,0x30,0x00,0x18,0x30,0x00,0x18,0x3f,0xff,0xdc,0x1f,0xff,0xf8,0x00,0x00,0x00,0x00,0x00,0x00,0x00,0x00,0x00 } },
  { 0x62d4, { 0x00,0x00,0x00,0x04,0x0c,0x00,0x06,0x0e,0xc0,0x06,0x0e,0x60,0x06,0x0c,0x30,0x06,0x8c,0x28,0x7f,0xff,0xfc,0x06,0x0c,0x00,0x06,0x0c,0x00,0x06,0x0c,0x10,0x06,0xcf,0xf8,0x07,0x9c,0x30,0x1e,0x1e,0x30,0x7e,0x1a,0x30,0x26,0x32,0x60,0x06,0x33,0x60,0x06,0x21,0xc0,0x06,0x61,0xc0,0x06,0xc1,0xc0,0x06,0x87,0x60,0x37,0x0c,0x38,0x1e,0x38,0x1e,0x0c,0x60,0x0c,0x00,0x00,0x00 } },
  { 0x628a, { 0x00,0x00,0x00,0x06,0x00,0x00,0x06,0x00,0x08,0x06,0x3f,0xfc,0x06,0x31,0x98,0x06,0xb1,0x98,0x7f,0xf1,0x98,0x06,0x31,0x98,0x06,0x31,0x98,0x06,0x31,0x98,0x06,0xff,0xf8,0x07,0xb0,0x18,0x1e,0x30,0x00,0x7e,0x30,0x00,0x26,0x30,0x00,0x06,0x30,0x00,0x06,0x30,0x04,0x06,0x30,0x04,0x06,0x30,0x04,0x06,0x30,0x04,0x3e,0x3f,0xfe,0x1e,0x1f,0xfe,0x0c,0x00,0x00,0x00,0x00,0x00 } },
  { 0x767d, { 0x00,0x00,0x00,0x00,0x60,0x00,0x00,0x70,0x00,0x00,0x60,0x00,0x00,0xc0,0x00,0x00,0x80,0x20,0x1f,0xff,0xf0,0x18,0x00,0x60,0x18,0x00,0x60,0x18,0x00,0x60,0x18,0x00,0x60,0x18,0x00,0x60,0x1f,0xff,0xe0,0x18,0x00,0x60,0x18,0x00,0x60,0x18,0x00,0x60,0x18,0x00,0x60,0x18,0x00,0x60,0x18,0x00,0x60,0x1f,0xff,0xe0,0x18,0x00,0x60,0x18,0x00,0x60,0x18,0x00,0x20,0x00,0x00,0x00 } },
  { 0x6446, { 0x00,0x00,0x00,0x06,0x00,0x08,0x06,0x3f,0xfc,0x06,0x36,0xd8,0x06,0x36,0xd8,0x06,0xb6,0xd8,0x7f,0xf6,0xd8,0x06,0x3f,0xf8,0x06,0x31,0x18,0x06,0x03,0x80,0x06,0xc3,0x10,0x07,0x3f,0xf8,0x1e,0x03,0x00,0x7e,0x03,0x00,0x66,0x03,0x04,0x06,0xff,0xfe,0x06,0x03,0x00,0x06,0x06,0x00,0x06,0x0c,0x30,0x06,0x18,0x18,0x3e,0x3f,0xfc,0x1c,0x3f,0xcc,0x08,0x00,0x08,0x00,0x00,0x00 } },
  { 0x8d25, { 0x00,0x00,0x00,0x00,0x03,0x00,0x00,0x43,0x00,0x3f,0xe6,0x00,0x30,0xc6,0x00,0x30,0xc6,0x04,0x37,0xc7,0xfe,0x36,0xcc,0x30,0x36,0xcc,0x30,0x36,0xde,0x30,0x36,0xd6,0x20,0x36,0xf2,0x60,0x36,0xc2,0x60,0x36,0xc3,0x60,0x36,0xc1,0xc0,0x37,0xc1,0xc0,0x2d,0xc1,0x80,0x0c,0xe1,0xc0,0x08,0x63,0xe0,0x18,0x66,0x70,0x30,0x0c,0x3c,0x60,0x30,0x1e,0x00,0x60,0x08,0x00,0x00,0x00 } },
  { 0x642c, { 0x00,0x00,0x00,0x08,0x10,0x00,0x0c,0x30,0x10,0x0c,0x31,0xf8,0x0c,0xfd,0x98,0x0c,0xcd,0x98,0x7f,0xcd,0x98,0x0c,0xfd,0x98,0x0c,0xdd,0x9a,0x0c,0xdd,0x1e,0x0f,0xce,0x00,0x0f,0xff,0xf8,0x3c,0xcd,0x18,0x7c,0xed,0x18,0x2c,0xfd,0x90,0x0c,0xfc,0xb0,0x0c,0xdc,0xf0,0x0c,0x8c,0xe0,0x0d,0x8c,0x60,0x0d,0xbc,0xf0,0x3f,0x3d,0xb8,0x3e,0x0e,0x1e,0x1c,0x0c,0x08,0x00,0x00,0x00 } },
  { 0x677f, { 0x0c,0x00,0x10,0x0e,0x00,0x78,0x0e,0x03,0xf0,0x0e,0x3e,0x00,0x0e,0xb0,0x00,0x7f,0xf0,0x00,0x0e,0x30,0x10,0x0e,0x3f,0xf8,0x0e,0x34,0x38,0x0f,0x34,0x30,0x1f,0xb4,0x30,0x1f,0xf6,0x60,0x1e,0xb2,0x60,0x3e,0x33,0x60,0x2e,0x33,0xc0,0x6e,0x31,0xc0,0x4e,0x21,0x80,0x0e,0x63,0xc0,0x0e,0x66,0xe0,0x0e,0xcc,0x70,0x0e,0x98,0x3c,0x0f,0xe0,0x1e,0x0e,0x80,0x08,0x00,0x00,0x00 } },
  { 0x7248, { 0x00,0x00,0x00,0x03,0x00,0x00,0x03,0x00,0x38,0x3b,0x03,0xf8,0x33,0x1f,0x00,0x33,0x18,0x00,0x33,0x18,0x00,0x33,0x58,0x00,0x3f,0xff,0xf8,0x30,0x1c,0x18,0x30,0x1a,0x18,0x30,0x1a,0x30,0x3f,0x9a,0x30,0x31,0x9b,0x30,0x31,0x91,0x60,0x31,0xb1,0xe0,0x31,0xb1,0xc0,0x31,0xb1,0xc0,0x31,0xa1,0xe0,0x21,0xe3,0x38,0x61,0xcc,0x1e,0x60,0xd8,0x0e,0x40,0xa0,0x00,0x00,0x00,0x00 } },
  { 0x534a, { 0x00,0x00,0x00,0x00,0x30,0x00,0x00,0x30,0x00,0x10,0x30,0xc0,0x0c,0x30,0xe0,0x06,0x31,0x80,0x07,0x33,0x00,0x03,0x36,0x00,0x00,0x34,0x20,0x3f,0xff,0xf0,0x00,0x30,0x00,0x00,0x30,0x00,0x00,0x30,0x00,0x00,0x30,0x18,0x7f,0xff,0xfc,0x00,0x30,0x00,0x00,0x30,0x00,0x00,0x30,0x00,0x00,0x30,0x00,0x00,0x30,0x00,0x00,0x30,0x00,0x00,0x30,0x00,0x00,0x20,0x00,0x00,0x00,0x00 } },
  { 0x90a6, { 0x00,0x00,0x00,0x03,0x00,0x00,0x03,0x82,0x04,0x03,0x83,0xfe,0x03,0x83,0x0c,0x3f,0xfb,0x0c,0x03,0x83,0x18,0x03,0x83,0x18,0x03,0x93,0x10,0x1f,0xfb,0x30,0x13,0x83,0x20,0x03,0x03,0x30,0x03,0x03,0x18,0x03,0x0b,0x08,0x3f,0xff,0x0c,0x23,0x03,0x0c,0x03,0x03,0x0e,0x02,0x03,0x7c,0x06,0x03,0x3c,0x0c,0x03,0x18,0x18,0x03,0x00,0x30,0x03,0x00,0x60,0x03,0x00,0x00,0x00,0x00 } },
  { 0x7ed1, { 0x00,0x00,0x00,0x00,0x18,0x00,0x0e,0x18,0x00,0x0c,0x18,0xfc,0x08,0x18,0xcc,0x18,0x7e,0xd8,0x11,0xd8,0xd8,0x23,0x18,0xd0,0x7f,0x18,0xd0,0x76,0x7e,0xe0,0x0c,0x18,0xd0,0x08,0x18,0xd8,0x10,0x18,0xcc,0x3f,0x1a,0xc4,0x7c,0xff,0xc6,0x20,0x18,0xc6,0x00,0x10,0xfe,0x03,0x30,0xdc,0x3e,0x30,0xd8,0x78,0x60,0xc0,0x20,0xc0,0xc0,0x01,0x80,0xc0,0x02,0x00,0x80,0x00,0x00,0x00 } },
  { 0x5305, { 0x00,0x00,0x00,0x01,0x80,0x00,0x01,0xc0,0x00,0x03,0x80,0x00,0x03,0x00,0x20,0x07,0xff,0xf0,0x06,0x00,0x30,0x0c,0x00,0x30,0x0c,0x00,0x30,0x1f,0xfe,0x70,0x36,0x0c,0x60,0x26,0x0c,0x60,0x46,0x0c,0x60,0x06,0x0c,0x60,0x07,0xfc,0x60,0x06,0x0c,0x60,0x06,0x03,0xe4,0x06,0x00,0xc4,0x06,0x00,0x0c,0x06,0x00,0x0c,0x06,0x00,0x0c,0x03,0xff,0xfe,0x01,0xff,0xf8,0x00,0x00,0x00 } },
  { 0x4fdd, { 0x00,0x00,0x00,0x03,0x00,0x00,0x03,0x80,0x10,0x03,0x3f,0xf8,0x06,0x30,0x30,0x06,0x30,0x30,0x0c,0x30,0x30,0x0c,0x30,0x30,0x0c,0x3f,0xf0,0x1c,0x33,0x10,0x3c,0x03,0x00,0x2c,0x03,0x04,0x4d,0xff,0xfe,0x0c,0x07,0x80,0x0c,0x0f,0xc0,0x0c,0x0f,0x40,0x0c,0x1b,0x60,0x0c,0x33,0x30,0x0c,0x23,0x38,0x0c,0x43,0x1e,0x0c,0x83,0x0e,0x0d,0x03,0x00,0x0c,0x03,0x00,0x00,0x00,0x00 } },
  { 0x62a5, { 0x00,0x00,0x00,0x06,0x00,0x00,0x06,0x1f,0xf0,0x06,0x18,0x30,0x06,0x18,0x30,0x06,0x18,0x30,0x7f,0xd8,0x30,0x06,0x19,0xe0,0x06,0x18,0xe0,0x06,0x18,0x50,0x06,0xdf,0xf8,0x0f,0x1c,0x30,0x7e,0x1a,0x30,0x76,0x1a,0x20,0x06,0x1b,0x60,0x06,0x19,0xc0,0x06,0x18,0xc0,0x06,0x19,0xe0,0x06,0x1b,0x38,0x26,0x18,0x1e,0x3e,0x18,0x00,0x0c,0x10,0x00,0x00,0x00,0x00,0x00,0x00,0x00 } },
  { 0x5907, { 0x00,0x00,0x00,0x00,0xc0,0x00,0x00,0xc0,0x00,0x01,0xff,0xc0,0x01,0x81,0xc0,0x03,0xc1,0x80,0x03,0x63,0x00,0x06,0x66,0x00,0x0c,0x3c,0x00,0x18,0x1c,0x00,0x00,0x3e,0x00,0x00,0xe7,0x80,0x01,0x81,0xf0,0x07,0xff,0xfe,0x3b,0x18,0x78,0x43,0x18,0x60,0x03,0x18,0x60,0x03,0xff,0xe0,0x03,0x18,0x60,0x03,0x18,0x60,0x03,0xff,0xe0,0x03,0x00,0x60,0x03,0x00,0x40,0x00,0x00,0x00 } },
  { 0x88ab, { 0x00,0x00,0x00,0x08,0x01,0x80,0x0c,0x01,0x80,0x06,0x01,0x80,0x06,0x01,0x80,0x01,0x3f,0xfc,0x3f,0xb1,0x8c,0x23,0x31,0x98,0x03,0x31,0x90,0x06,0x31,0x80,0x06,0xf1,0x80,0x0d,0xbf,0xf8,0x1d,0x34,0x18,0x1f,0x34,0x30,0x2d,0xb6,0x30,0x4d,0xb2,0x60,0x0c,0xa3,0x60,0x0c,0x61,0xc0,0x0c,0x61,0xc0,0x0c,0x43,0xe0,0x0c,0xce,0x38,0x0d,0xb8,0x1e,0x05,0x60,0x08,0x00,0x00,0x00 } },
  { 0x672c, { 0x00,0x18,0x00,0x00,0x1c,0x00,0x00,0x18,0x00,0x00,0x18,0x00,0x00,0x18,0x08,0x3f,0xff,0xfc,0x00,0x3c,0x00,0x00,0x3e,0x00,0x00,0x7a,0x00,0x00,0x7b,0x00,0x00,0xd9,0x00,0x01,0xd9,0x80,0x01,0x98,0xc0,0x03,0x18,0xe0,0x06,0x18,0x70,0x0c,0x18,0xbc,0x1b,0xff,0xde,0x30,0x18,0x08,0x40,0x18,0x00,0x00,0x18,0x00,0x00,0x18,0x00,0x00,0x18,0x00,0x00,0x18,0x00,0x00,0x00,0x00 } },
  { 0x5d29, { 0x00,0x0e,0x00,0x03,0x06,0x1c,0x03,0x06,0x18,0x03,0x06,0x18,0x07,0xff,0xf8,0x02,0x00,0x18,0x00,0x00,0x00,0x07,0xfb,0xfc,0x06,0x33,0x0c,0x06,0x33,0x0c,0x06,0x33,0x0c,0x07,0xf3,0xfc,0x06,0x33,0x0c,0x06,0x33,0x0c,0x06,0x33,0x0c,0x07,0xf3,0xfc,0x06,0x33,0x0c,0x04,0x33,0x0c,0x0c,0x32,0x0c,0x0c,0x36,0x0c,0x19,0xf4,0x4c,0x10,0x78,0x38,0x20,0x10,0x10,0x00,0x00,0x00 } },
  { 0x903c, { 0x00,0x00,0x00,0x00,0x00,0x08,0x18,0xff,0xfc,0x0c,0x00,0x00,0x0c,0x3f,0xf0,0x04,0x30,0x60,0x00,0x30,0x60,0x00,0x3f,0xe0,0x04,0x30,0x20,0x7e,0x00,0x00,0x0c,0x7f,0xf8,0x0c,0x63,0x18,0x0c,0x63,0x18,0x0c,0x63,0x18,0x0c,0x7f,0xf8,0x0c,0x63,0x18,0x0c,0x63,0x18,0x0c,0x7f,0xf8,0x1b,0x40,0x18,0x71,0xc0,0x00,0x60,0xff,0xfe,0x00,0x3f,0xf8,0x00,0x00,0x00,0x00,0x00,0x00 } },
  { 0x6bd4, { 0x00,0x00,0x00,0x00,0x00,0x00,0x10,0x18,0x00,0x18,0x1c,0x00,0x18,0x1c,0x00,0x18,0x1c,0x00,0x18,0x1c,0x30,0x18,0x1c,0x78,0x18,0x1c,0xe0,0x18,0x5d,0xc0,0x1f,0xff,0x00,0x18,0x1e,0x00,0x18,0x1c,0x00,0x18,0x1c,0x00,0x18,0x1c,0x00,0x18,0x1c,0x00,0x18,0x1c,0x10,0x18,0x1c,0x10,0x19,0xdc,0x18,0x1f,0x1c,0x18,0x3c,0x0f,0xfc,0x18,0x0f,0xf8,0x00,0x00,0x00,0x00,0x00,0x00 } },
  { 0x7b14, { 0x00,0x00,0x00,0x06,0x03,0x00,0x06,0x03,0x04,0x0e,0x17,0xfe,0x0f,0xfe,0x80,0x0d,0x0c,0xc0,0x19,0x88,0x40,0x31,0x90,0x00,0x20,0x80,0x70,0x00,0x07,0xf8,0x03,0xff,0x80,0x3f,0xb0,0x00,0x00,0x30,0x60,0x00,0x3f,0xe0,0x1f,0xf0,0x00,0x00,0x30,0x0c,0x00,0x3f,0xfc,0x0f,0xfc,0x00,0x7c,0x30,0x0c,0x00,0x30,0x0c,0x00,0x30,0x0c,0x00,0x3f,0xfc,0x00,0x3f,0xfc,0x00,0x00,0x00 } },
  { 0x5fc5, { 0x00,0x00,0x00,0x00,0x00,0x00,0x00,0x40,0x00,0x00,0x30,0x60,0x00,0x38,0xe0,0x01,0x18,0xc0,0x01,0x9c,0xc0,0x01,0x89,0x80,0x01,0x81,0x80,0x09,0x83,0x20,0x09,0x83,0x30,0x19,0x86,0x18,0x19,0x86,0x1c,0x19,0x8c,0x0c,0x39,0x98,0x0c,0x31,0x98,0x44,0x01,0xb0,0x40,0x01,0xe0,0x60,0x01,0xc0,0x60,0x07,0xff,0xe0,0x1d,0xff,0xe0,0x70,0x00,0x00,0x00,0x00,0x00,0x00,0x00,0x00 } },
  { 0x907f, { 0x00,0x00,0x00,0x00,0x00,0xc0,0x18,0x00,0x60,0x0c,0xfc,0x60,0x0c,0xcf,0xfc,0x0c,0xcc,0x00,0x00,0xcd,0x18,0x00,0xcd,0x98,0x04,0xfc,0x90,0x7e,0xcc,0x34,0x0c,0xc3,0xfe,0x0c,0xc0,0x60,0x0c,0xfe,0x60,0x0d,0xec,0x64,0x0d,0xef,0xfc,0x0d,0x6c,0x60,0x0f,0x6c,0x60,0x0c,0x7c,0x60,0x0c,0x6c,0x60,0x32,0x00,0x60,0x61,0x80,0x00,0x20,0xff,0xfe,0x00,0x3f,0xfc,0x00,0x00,0x00 } },
  { 0x8fb9, { 0x00,0x00,0x00,0x00,0x06,0x00,0x0c,0x06,0x00,0x06,0x06,0x00,0x06,0x06,0x00,0x06,0x06,0x00,0x00,0xff,0xf8,0x00,0x06,0x18,0x04,0x06,0x18,0x7e,0x06,0x18,0x0c,0x04,0x18,0x0c,0x0c,0x18,0x0c,0x0c,0x18,0x0c,0x18,0x30,0x0c,0x18,0x30,0x0c,0x30,0x30,0x0c,0x60,0x30,0x0c,0xc3,0xf0,0x1b,0x01,0xe0,0x71,0x80,0xc0,0x20,0xff,0xfe,0x00,0x3f,0xfc,0x00,0x00,0x00,0x00,0x00,0x00 } },
  { 0x7f16, { 0x00,0x00,0x00,0x00,0x06,0x00,0x06,0x03,0x80,0x0c,0x01,0x80,0x0c,0x7f,0xf8,0x18,0x60,0x18,0x11,0xe0,0x18,0x33,0xe0,0x18,0x7f,0x7f,0xf8,0x7e,0x60,0x18,0x04,0x60,0x00,0x08,0x7f,0xfc,0x18,0x72,0x6c,0x3f,0x72,0x6c,0x3c,0x72,0x6c,0x20,0x5f,0xfc,0x01,0xd2,0x6c,0x1f,0xd2,0x6c,0x78,0x92,0x6c,0x61,0x92,0x4c,0x01,0x12,0x0c,0x02,0x10,0x3c,0x04,0x10,0x08,0x00,0x00,0x00 } },
  { 0x53d8, { 0x00,0x00,0x00,0x00,0x30,0x00,0x00,0x18,0x00,0x00,0x18,0x0c,0x3f,0xff,0xfe,0x20,0x66,0x00,0x02,0x66,0x00,0x07,0x66,0xc0,0x06,0x66,0x70,0x0c,0x66,0x1c,0x18,0x66,0x0c,0x30,0x66,0x46,0x67,0xff,0xe0,0x00,0x80,0xc0,0x00,0xc1,0x80,0x00,0x63,0x00,0x00,0x26,0x00,0x00,0x1c,0x00,0x00,0x1c,0x00,0x00,0x7f,0x00,0x01,0xc3,0xe0,0x0f,0x00,0xfe,0x78,0x00,0x1c,0x00,0x00,0x00 } },
  { 0x4fbf, { 0x00,0x00,0x00,0x02,0x00,0x0c,0x03,0xff,0xfc,0x06,0x03,0x00,0x06,0x03,0x00,0x0c,0x7f,0xf8,0x0c,0x63,0x18,0x1c,0x63,0x18,0x1c,0x63,0x18,0x3c,0x7f,0xf8,0x2c,0x63,0x18,0x6c,0x63,0x18,0x4c,0x7f,0xf8,0x0c,0x63,0x18,0x0c,0x23,0x00,0x0c,0x32,0x00,0x0c,0x16,0x00,0x0c,0x0e,0x00,0x0c,0x0e,0x00,0x0c,0x1f,0xc0,0x0c,0x71,0xfe,0x0f,0xc0,0x3c,0x00,0x00,0x00,0x00,0x00,0x00 } },
  { 0x904d, { 0x00,0x00,0x00,0x00,0x06,0x00,0x18,0x03,0x00,0x0c,0x03,0x00,0x0c,0x7f,0xf8,0x06,0x60,0x18,0x04,0x60,0x18,0x00,0x7f,0xf8,0x04,0x60,0x10,0x7e,0x60,0x00,0x0c,0x7f,0xfc,0x0c,0xf6,0xcc,0x0c,0xf6,0xcc,0x0c,0xff,0xfc,0x0c,0xb6,0xcc,0x0d,0xb6,0xcc,0x0d,0x36,0xcc,0x0e,0x36,0xcc,0x0c,0x30,0x78,0x33,0x20,0x18,0x61,0x80,0x00,0x20,0xff,0xfe,0x00,0x3f,0xfc,0x00,0x00,0x00 } },
  { 0x6807, { 0x00,0x00,0x00,0x04,0x00,0x00,0x06,0x00,0x10,0x06,0x1f,0xf8,0x06,0x00,0x00,0x06,0x00,0x00,0x06,0x80,0x00,0x7f,0xc0,0x00,0x06,0x00,0x04,0x0e,0x7f,0xfe,0x0e,0x01,0x80,0x0f,0x81,0x80,0x1f,0x81,0x80,0x1e,0x9d,0xa0,0x16,0x19,0xb0,0x36,0x31,0x98,0x66,0x31,0x9c,0x46,0x61,0x8c,0x06,0x41,0x8c,0x06,0x81,0x84,0x06,0x1f,0x80,0x06,0x0f,0x80,0x04,0x03,0x00,0x00,0x00,0x00 } },
  { 0x8868, { 0x00,0x00,0x00,0x00,0x18,0x00,0x00,0x18,0x00,0x00,0x18,0x10,0x1f,0xff,0xf8,0x00,0x18,0x00,0x00,0x18,0x20,0x07,0xff,0xf0,0x00,0x18,0x00,0x00,0x18,0x08,0x3f,0xff,0xfc,0x00,0x38,0x00,0x00,0x68,0x70,0x00,0xcc,0x70,0x01,0x84,0xc0,0x03,0x87,0x00,0x07,0x82,0x00,0x1d,0x83,0x80,0x71,0x81,0xc0,0x01,0x98,0xf8,0x01,0xf0,0x3e,0x01,0xc0,0x18,0x01,0x80,0x00,0x00,0x00,0x00 } },
  { 0x522b, { 0x00,0x00,0x00,0x00,0x10,0x0c,0x1f,0xf8,0x0c,0x1c,0x18,0x0c,0x1c,0x19,0x0c,0x1c,0x19,0x8c,0x1c,0x19,0x8c,0x1f,0xf9,0x8c,0x1d,0x11,0x8c,0x03,0x81,0x8c,0x03,0x01,0x8c,0x03,0x09,0x8c,0x3f,0xfd,0x8c,0x03,0x19,0x8c,0x03,0x19,0x8c,0x03,0x19,0x8c,0x06,0x19,0x8c,0x06,0x18,0x0c,0x0c,0x18,0x0c,0x18,0xf8,0xfc,0x30,0xf0,0x78,0x40,0x20,0x18,0x00,0x00,0x00,0x00,0x00,0x00 } },
  { 0x5e76, { 0x00,0x00,0x00,0x02,0x03,0x00,0x01,0x83,0x80,0x01,0x82,0x00,0x00,0xc6,0x00,0x00,0x84,0x10,0x3f,0xff,0xf8,0x01,0x87,0x00,0x01,0x87,0x00,0x01,0x87,0x00,0x01,0x87,0x00,0x01,0x87,0x00,0x01,0x87,0x18,0x7f,0xff,0xfc,0x01,0x87,0x00,0x01,0x87,0x00,0x01,0x07,0x00,0x03,0x07,0x00,0x03,0x07,0x00,0x06,0x07,0x00,0x0c,0x07,0x00,0x38,0x07,0x00,0x60,0x02,0x00,0x00,0x00,0x00 } },
  { 0x75c5, { 0x00,0x00,0x00,0x00,0x08,0x00,0x00,0x0c,0x00,0x00,0x06,0x08,0x07,0xff,0xfc,0x06,0x00,0x00,0x26,0x00,0x00,0x36,0xff,0xf8,0x36,0x06,0x00,0x06,0x06,0x00,0x06,0x06,0x00,0x1e,0xff,0xf8,0x36,0xc6,0x18,0x64,0xc6,0x18,0x04,0xc7,0x18,0x0c,0xcd,0x98,0x0c,0xcc,0xd8,0x0c,0xd8,0x78,0x08,0xf0,0x58,0x18,0xc0,0x18,0x10,0xc0,0xf8,0x20,0xc0,0x78,0x40,0xc0,0x30,0x00,0x00,0x00 } },
  { 0x6ce2, { 0x00,0x00,0x00,0x00,0x03,0x00,0x18,0x03,0x00,0x0c,0x03,0x00,0x06,0x03,0x08,0x00,0xff,0xfc,0x00,0xe3,0x1c,0x61,0x63,0x10,0x31,0x63,0x00,0x3b,0x63,0x00,0x1a,0x63,0x10,0x16,0x7f,0xf8,0x04,0x68,0x30,0x04,0x6c,0x30,0x0c,0x44,0x60,0x08,0xc6,0x60,0x78,0xc2,0xc0,0x18,0xc3,0x80,0x19,0x83,0xc0,0x19,0x86,0xe0,0x3b,0x1c,0x78,0x1e,0x70,0x1e,0x05,0xc0,0x08,0x00,0x00,0x00 } },
  { 0x64ad, { 0x00,0x00,0x00,0x06,0x00,0x70,0x06,0x07,0xf0,0x06,0x3f,0x30,0x06,0x13,0x30,0x06,0x9b,0x20,0x3f,0xcb,0x44,0x06,0x7f,0xfe,0x06,0x07,0x80,0x06,0x0f,0x40,0x06,0x9b,0x30,0x07,0x13,0x1e,0x06,0x63,0x0c,0x1e,0xff,0xf8,0x76,0x33,0x18,0x66,0x33,0x18,0x06,0x33,0x18,0x06,0x3f,0xf8,0x06,0x33,0x18,0x06,0x33,0x18,0x26,0x3f,0xf8,0x1e,0x30,0x18,0x0c,0x30,0x10,0x00,0x00,0x00 } },
  { 0x8865, { 0x00,0x00,0x00,0x04,0x03,0x80,0x03,0x03,0x80,0x03,0x03,0x80,0x01,0x01,0x80,0x3f,0xe1,0x80,0x00,0xe1,0x80,0x00,0xc1,0x80,0x01,0x81,0x80,0x01,0xa1,0xc0,0x03,0x71,0xf0,0x07,0x61,0xb8,0x0f,0x81,0x9c,0x1b,0xe1,0x8c,0x33,0x71,0x8c,0x43,0x31,0x80,0x03,0x11,0x80,0x03,0x01,0x80,0x03,0x01,0x80,0x03,0x01,0x80,0x03,0x03,0x80,0x03,0x03,0x80,0x03,0x03,0x00,0x00,0x00,0x00 } },
  { 0x4e0d, { 0x00,0x00,0x00,0x00,0x00,0x08,0x3f,0xff,0xfc,0x00,0x1c,0x00,0x00,0x18,0x00,0x00,0x38,0x00,0x00,0x30,0x00,0x00,0x78,0x00,0x00,0x79,0x00,0x00,0xd9,0x80,0x01,0x98,0xe0,0x03,0x98,0x30,0x03,0x18,0x18,0x06,0x18,0x1c,0x18,0x18,0x0c,0x30,0x18,0x04,0x60,0x18,0x00,0x00,0x18,0x00,0x00,0x18,0x00,0x00,0x18,0x00,0x00,0x18,0x00,0x00,0x18,0x00,0x00,0x00,0x00,0x00,0x00,0x00 } },
  { 0x5e03, { 0x00,0x30,0x00,0x00,0x38,0x00,0x00,0x30,0x00,0x00,0x60,0x0c,0x3f,0xff,0xfe,0x00,0xc0,0x00,0x00,0xcc,0x00,0x01,0x8e,0x00,0x01,0x8e,0x10,0x03,0xff,0xf8,0x07,0x8e,0x30,0x05,0x8e,0x30,0x09,0x8e,0x30,0x11,0x8e,0x30,0x21,0x8e,0x30,0x41,0x8e,0x30,0x01,0x8e,0x30,0x01,0x8e,0xf0,0x01,0x8e,0xf0,0x01,0x0e,0x20,0x00,0x0e,0x00,0x00,0x0e,0x00,0x00,0x0c,0x00,0x00,0x00,0x00 } },
  { 0x6b65, { 0x00,0x00,0x00,0x00,0x18,0x00,0x00,0x1c,0x00,0x06,0x18,0x00,0x07,0x18,0x10,0x06,0x1f,0xf8,0x06,0x18,0x00,0x06,0x18,0x00,0x06,0x18,0x0c,0x3f,0xff,0xfe,0x00,0x08,0x00,0x00,0x1c,0x00,0x03,0x18,0x10,0x03,0x98,0x38,0x06,0x18,0x70,0x06,0x18,0xe0,0x0c,0x19,0xc0,0x18,0x1b,0x80,0x30,0x0e,0x00,0x20,0x1c,0x00,0x00,0xf0,0x00,0x07,0x80,0x00,0x7c,0x00,0x00,0x00,0x00,0x00 } },
  { 0x90e8, { 0x00,0x00,0x00,0x06,0x00,0x00,0x03,0x00,0x08,0x03,0x13,0xfc,0x7f,0xfb,0x18,0x00,0x43,0x18,0x18,0x63,0x10,0x0c,0x63,0x30,0x0c,0xc3,0x20,0x0c,0x8b,0x20,0x7f,0xff,0x40,0x00,0x03,0x20,0x00,0x23,0x10,0x3f,0xf3,0x18,0x30,0x63,0x18,0x30,0x63,0x18,0x30,0x63,0x1c,0x30,0x63,0xf8,0x3f,0xe3,0x78,0x30,0x63,0x30,0x30,0x63,0x00,0x00,0x02,0x00,0x00,0x00,0x00,0x00,0x00,0x00 } },
  { 0x731c, { 0x00,0x00,0x00,0x00,0x03,0x00,0x01,0x83,0x00,0x31,0xff,0xfc,0x0b,0x03,0x00,0x0e,0x03,0x10,0x0e,0x3f,0xf8,0x1e,0x03,0x00,0x32,0x03,0x04,0x63,0xff,0xfe,0x03,0x00,0x00,0x07,0x3f,0xf8,0x0f,0x30,0x30,0x0b,0x30,0x30,0x1b,0x3f,0xf0,0x33,0x30,0x30,0x63,0x30,0x30,0x03,0x3f,0xf0,0x03,0x30,0x30,0x03,0x30,0x30,0x1f,0x30,0x30,0x0e,0x31,0xf0,0x0c,0x30,0x60,0x00,0x00,0x00 } },
  { 0x624d, { 0x00,0x06,0x00,0x00,0x07,0x00,0x00,0x06,0x00,0x00,0x06,0x00,0x00,0x06,0x00,0x00,0x06,0x0c,0x3f,0xff,0xfe,0x00,0x0e,0x00,0x00,0x1e,0x00,0x00,0x1e,0x00,0x00,0x36,0x00,0x00,0x76,0x00,0x00,0x66,0x00,0x00,0xc6,0x00,0x01,0x86,0x00,0x03,0x06,0x00,0x06,0x06,0x00,0x0c,0x06,0x00,0x18,0x06,0x00,0x20,0x06,0x00,0x40,0x7e,0x00,0x00,0x1e,0x00,0x00,0x0c,0x00,0x00,0x00,0x00 } },
  { 0x53c2, { 0x00,0x00,0x00,0x00,0x30,0x00,0x00,0x70,0x00,0x00,0xe3,0x00,0x03,0x80,0xc0,0x0f,0xff,0xf0,0x0f,0xfe,0x30,0x00,0x60,0x14,0x3f,0xff,0xfe,0x00,0xc2,0x00,0x01,0x8b,0x00,0x03,0x1d,0xc0,0x06,0x38,0xf0,0x0c,0x63,0x3e,0x31,0xc7,0x0c,0x43,0x0e,0x00,0x0c,0x38,0x40,0x00,0x70,0xe0,0x01,0xc1,0xc0,0x0e,0x07,0x00,0x00,0x3c,0x00,0x01,0xf0,0x00,0x3f,0x80,0x00,0x00,0x00,0x00 } },
  { 0x4ed3, { 0x00,0x00,0x00,0x00,0x18,0x00,0x00,0x38,0x00,0x00,0x38,0x00,0x00,0x64,0x00,0x00,0x66,0x00,0x00,0xc3,0x00,0x01,0x81,0x80,0x03,0x00,0xc0,0x06,0x01,0x70,0x0f,0xff,0xbe,0x1b,0x81,0x9c,0x63,0x81,0x80,0x03,0x81,0x80,0x03,0x81,0x80,0x03,0x81,0x80,0x03,0x9f,0x00,0x03,0x87,0x10,0x03,0x80,0x10,0x03,0x80,0x10,0x03,0x80,0x10,0x01,0xff,0xf8,0x01,0xff,0xf0,0x00,0x00,0x00 } },
  { 0x85cf, { 0x00,0x00,0x00,0x00,0xc6,0x00,0x00,0xc6,0x08,0x3f,0xff,0xfc,0x00,0xc6,0x20,0x00,0xc7,0xb0,0x20,0x81,0x98,0x37,0xff,0xfc,0x33,0x01,0x80,0x33,0x01,0x90,0x3f,0xff,0x98,0x13,0xd8,0x98,0x03,0xfe,0xb0,0x7e,0xc6,0xf0,0x1a,0xc6,0xf0,0x16,0xfe,0xe0,0x16,0xdc,0xe0,0x36,0xd8,0xe2,0x36,0xff,0xf2,0x24,0x43,0xb6,0x4c,0x06,0x1e,0x18,0x0c,0x0e,0x10,0x10,0x06,0x00,0x00,0x00 } },
  { 0x518c, { 0x00,0x00,0x00,0x0f,0xe7,0xf0,0x0c,0x66,0x30,0x0c,0x66,0x30,0x0c,0x66,0x30,0x0c,0x66,0x30,0x0c,0x66,0x30,0x0c,0x66,0x30,0x0c,0x66,0x3c,0x3f,0xff,0xfe,0x0c,0x66,0x30,0x0c,0x66,0x30,0x0c,0x66,0x30,0x0c,0x66,0x30,0x0c,0x64,0x30,0x08,0x6c,0x30,0x18,0x6c,0x30,0x18,0x6c,0x30,0x11,0x68,0x30,0x21,0xdb,0xf0,0x60,0xd1,0xe0,0x40,0x20,0x60,0x00,0x00,0x00,0x00,0x00,0x00 } },
  { 0x4fa7, { 0x00,0x00,0x00,0x06,0x00,0x08,0x06,0x00,0x0c,0x0d,0xfe,0x0c,0x0d,0x86,0xcc,0x0d,0x86,0xcc,0x19,0xb6,0xcc,0x19,0xb6,0xcc,0x39,0xb6,0xcc,0x39,0xb6,0xcc,0x79,0xb6,0xcc,0x59,0xb6,0xcc,0x19,0xb6,0xcc,0x19,0xb6,0xcc,0x19,0xb6,0xcc,0x19,0xb6,0xcc,0x19,0x20,0xcc,0x18,0x68,0x0c,0x18,0x6c,0x0c,0x18,0xc6,0x0c,0x18,0x83,0x7c,0x1b,0x02,0x7c,0x1e,0x00,0x18,0x00,0x00,0x00 } },
  { 0x6d4b, { 0x00,0x00,0x00,0x10,0x00,0x0c,0x0d,0xfe,0x0c,0x0d,0x86,0x0c,0x05,0x86,0x4c,0x01,0xb6,0xec,0x61,0xb6,0xcc,0x33,0xb6,0xcc,0x33,0xb6,0xcc,0x13,0xb6,0xcc,0x05,0xb6,0xcc,0x05,0xb6,0xcc,0x05,0xb6,0xcc,0x0d,0xb6,0xcc,0x09,0xb6,0xcc,0x79,0xa6,0xec,0x19,0x60,0x4c,0x18,0x68,0x0c,0x18,0xcc,0x0c,0x39,0x86,0x4c,0x1b,0x02,0x78,0x06,0x00,0x18,0x00,0x00,0x00,0x00,0x00,0x00 } },
  { 0x63d2, { 0x00,0x00,0x00,0x0c,0x00,0x00,0x0e,0x00,0x70,0x0c,0x0f,0xf8,0x0c,0x3f,0x00,0x0d,0x03,0x00,0x7f,0x83,0x04,0x0c,0x7f,0xfe,0x0c,0x03,0x00,0x0c,0x83,0x00,0x0f,0x0f,0x7c,0x0e,0x7f,0x0c,0x1c,0x63,0x0c,0x7c,0x63,0x0c,0x6c,0x63,0x0c,0x0c,0x7f,0x7c,0x0c,0x63,0x0c,0x0c,0x63,0x0c,0x0c,0x63,0x0c,0x0c,0x63,0x0c,0x2c,0x7f,0xfc,0x3c,0x60,0x0c,0x08,0x60,0x08,0x00,0x00,0x00 } },
  { 0x67e5, { 0x00,0x00,0x00,0x00,0x18,0x00,0x00,0x18,0x00,0x00,0x18,0x08,0x3f,0xff,0xfc,0x00,0x3c,0x00,0x00,0x7a,0x00,0x00,0xd9,0x00,0x01,0x98,0xc0,0x03,0x18,0x70,0x0e,0x18,0x7e,0x1b,0xff,0xfc,0x63,0x00,0xe0,0x03,0x00,0xe0,0x03,0xff,0xe0,0x03,0x00,0xe0,0x03,0x00,0xe0,0x03,0x00,0xe0,0x03,0xff,0xe0,0x03,0x00,0xc0,0x02,0x00,0x18,0x3f,0xff,0xfc,0x00,0x00,0x00,0x00,0x00,0x00 } },
  { 0x62c6, { 0x00,0x00,0x00,0x0c,0x00,0x10,0x0e,0x00,0x78,0x0e,0x37,0xf0,0x0e,0x3c,0x00,0x0e,0xb0,0x00,0x7f,0xf0,0x00,0x0e,0x30,0x04,0x0e,0x3f,0xfe,0x0e,0x30,0xc0,0x0e,0xf0,0xc0,0x0f,0x30,0xc0,0x1e,0x33,0xc0,0x7e,0x31,0xc0,0x6e,0x30,0xf0,0x0e,0x30,0xd8,0x0e,0x60,0xcc,0x0e,0x60,0xcc,0x0e,0x40,0xc0,0x0e,0xc0,0xc0,0x7c,0x80,0xc0,0x1d,0x00,0xc0,0x0a,0x00,0xc0,0x00,0x00,0x00 } },
  { 0x5e38, { 0x00,0x00,0x00,0x00,0x18,0x80,0x03,0x18,0xc0,0x01,0x99,0x80,0x11,0x99,0x00,0x1f,0xff,0xfc,0x10,0x00,0x0c,0x30,0x00,0x98,0x31,0xff,0xd0,0x01,0x81,0x80,0x01,0x81,0x80,0x01,0xff,0x80,0x01,0x18,0x80,0x00,0x18,0x20,0x0f,0xff,0xf0,0x0c,0x18,0x30,0x0c,0x18,0x30,0x0c,0x18,0x30,0x0c,0x18,0x30,0x0c,0x19,0xe0,0x0c,0x18,0x60,0x00,0x18,0x00,0x00,0x18,0x00,0x00,0x00,0x00 } },
  { 0x5382, { 0x00,0x00,0x00,0x00,0x00,0x08,0x0f,0xff,0xfc,0x0c,0x00,0x00,0x0c,0x00,0x00,0x0c,0x00,0x00,0x0c,0x00,0x00,0x0c,0x00,0x00,0x0c,0x00,0x00,0x0c,0x00,0x00,0x0c,0x00,0x00,0x0c,0x00,0x00,0x0c,0x00,0x00,0x0c,0x00,0x00,0x0c,0x00,0x00,0x08,0x00,0x00,0x18,0x00,0x00,0x18,0x00,0x00,0x10,0x00,0x00,0x30,0x00,0x00,0x20,0x00,0x00,0x40,0x00,0x00,0x00,0x00,0x00,0x00,0x00,0x00 } },
  { 0x573a, { 0x00,0x00,0x00,0x0c,0x00,0x00,0x0e,0x3f,0xe0,0x0e,0x00,0xe0,0x0e,0x01,0x80,0x0e,0x03,0x00,0x0e,0x86,0x00,0x7f,0xcc,0x00,0x0e,0x18,0x00,0x0e,0x7f,0xfc,0x0e,0x26,0xec,0x0e,0x06,0xcc,0x0e,0x0c,0xcc,0x0e,0x0c,0xcc,0x0e,0xd9,0x8c,0x0f,0x33,0x8c,0x1e,0x63,0x1c,0x78,0xc6,0x18,0x61,0x0c,0x18,0x00,0x39,0xf8,0x00,0x60,0xf0,0x00,0x80,0x60,0x00,0x00,0x00,0x00,0x00,0x00 } },
  { 0x8d85, { 0x00,0x00,0x00,0x03,0x00,0x00,0x03,0x00,0x00,0x03,0x0f,0xfc,0x03,0x03,0x8c,0x3f,0xe3,0x0c,0x03,0x03,0x0c,0x03,0x03,0x0c,0x03,0x26,0x08,0x7f,0xf6,0x78,0x03,0x0c,0x10,0x03,0x18,0x08,0x1b,0x07,0xfc,0x1b,0x26,0x18,0x1b,0xf6,0x18,0x13,0x06,0x18,0x33,0x06,0x18,0x3b,0x07,0xf8,0x3f,0x06,0x18,0x37,0x0c,0x00,0x23,0xc0,0x00,0x60,0xff,0xfe,0x40,0x1f,0xfc,0x00,0x00,0x00 } },
  { 0x8f66, { 0x00,0x00,0x00,0x00,0x60,0x00,0x00,0x70,0x00,0x00,0xe0,0x10,0x1f,0xff,0xf8,0x00,0xc0,0x00,0x01,0x90,0x00,0x01,0x9c,0x00,0x03,0x18,0x00,0x07,0x18,0x00,0x06,0x18,0x20,0x0f,0xff,0xf0,0x04,0x18,0x00,0x00,0x18,0x00,0x00,0x18,0x00,0x00,0x18,0x0c,0x7f,0xff,0xfe,0x00,0x18,0x00,0x00,0x18,0x00,0x00,0x18,0x00,0x00,0x18,0x00,0x00,0x18,0x00,0x00,0x18,0x00,0x00,0x00,0x00 } },
  { 0x5f7b, { 0x00,0x00,0x00,0x04,0x60,0x00,0x0e,0x70,0x04,0x0c,0x63,0xfe,0x18,0x60,0xcc,0x33,0x60,0xcc,0x23,0x60,0xcc,0x06,0x6c,0xcc,0x06,0x7d,0x8c,0x0d,0xe1,0x8c,0x1c,0x61,0x8c,0x3c,0x61,0x8c,0x2c,0x61,0x8c,0x4c,0x61,0x8c,0x0c,0x67,0x0c,0x0c,0x7f,0x0c,0x0c,0x7b,0x18,0x0c,0x26,0x18,0x0c,0x04,0x18,0x0c,0x09,0xf8,0x0c,0x10,0x70,0x0c,0x20,0x60,0x00,0x00,0x00,0x00,0x00,0x00 } },
  { 0x64a4, { 0x00,0x00,0x00,0x0c,0x30,0x20,0x0c,0x18,0x70,0x0c,0x1a,0x60,0x0c,0xff,0x60,0x0c,0x30,0x44,0x0d,0x30,0xfe,0x7f,0xe6,0xcc,0x0c,0xfe,0xc8,0x0c,0xe3,0xc8,0x0c,0x01,0x58,0x0d,0xfe,0x58,0x0e,0xc6,0x58,0x0c,0xc6,0x78,0x3c,0xfe,0x70,0x6c,0xc6,0x70,0x0c,0xc6,0x30,0x0c,0xfe,0x30,0x0c,0xc6,0x70,0x0c,0xc6,0x58,0x7c,0xc6,0x8c,0x3c,0xdf,0x0e,0x18,0x46,0x00,0x00,0x00,0x00 } },
  { 0x6210, { 0x00,0x00,0x00,0x00,0x0c,0x80,0x00,0x0c,0x60,0x00,0x0c,0x70,0x00,0x0c,0x28,0x1f,0xff,0xfc,0x1c,0x0e,0x00,0x1c,0x06,0x00,0x1c,0x06,0x10,0x1c,0x26,0x38,0x1f,0xf6,0x30,0x1c,0x66,0x70,0x1c,0x63,0x60,0x18,0x63,0x60,0x18,0x63,0xc0,0x18,0x61,0xc2,0x18,0x61,0xc2,0x13,0xe3,0xe6,0x10,0xc6,0x76,0x30,0x0c,0x3e,0x20,0x30,0x1e,0x40,0x60,0x06,0x00,0x00,0x00,0x00,0x00,0x00 } },
  { 0x7a0b, { 0x00,0x00,0x00,0x01,0xc0,0x00,0x0f,0xdf,0xfc,0x3e,0x18,0x18,0x06,0x18,0x18,0x06,0x18,0x18,0x06,0x58,0x18,0x7f,0xdf,0xf8,0x06,0x18,0x18,0x06,0x10,0x00,0x0f,0x9f,0xfc,0x0e,0xc1,0x80,0x0e,0xc1,0x80,0x1e,0x41,0x80,0x16,0x01,0x88,0x36,0x1f,0xfc,0x26,0x01,0x80,0x46,0x01,0x80,0x06,0x01,0x80,0x06,0x01,0x84,0x06,0x7f,0xfe,0x06,0x00,0x00,0x00,0x00,0x00,0x00,0x00,0x00 } },
  { 0x5403, { 0x00,0x00,0x00,0x00,0x08,0x00,0x00,0x0c,0x00,0x00,0x18,0x00,0x00,0x18,0x00,0x7f,0x30,0x10,0x63,0x3f,0xf8,0x63,0x20,0x00,0x63,0x60,0x00,0x63,0xc0,0x00,0x63,0xff,0xc0,0x63,0x01,0xc0,0x63,0x01,0x80,0x63,0x03,0x00,0x63,0x06,0x00,0x7f,0x0c,0x00,0x63,0x1c,0x00,0x63,0x18,0x18,0x40,0x30,0x18,0x00,0x60,0x18,0x00,0x60,0x18,0x00,0x7f,0xfc,0x00,0x3f,0xf8,0x00,0x00,0x00 } },
  { 0x9a70, { 0x00,0x00,0x00,0x00,0x01,0x80,0x00,0x01,0x80,0x3f,0x81,0x80,0x21,0x99,0x80,0x19,0x9d,0x80,0x19,0x99,0x98,0x19,0x99,0xf8,0x19,0x9f,0x98,0x19,0x79,0x98,0x1b,0x19,0x98,0x13,0x19,0x98,0x3f,0xd9,0x98,0x10,0xd9,0x98,0x00,0xd9,0xd8,0x03,0xd9,0xf8,0x1e,0xd9,0x90,0x78,0xd9,0x84,0x60,0xd8,0x04,0x01,0x98,0x04,0x0f,0x98,0x0e,0x0f,0x8f,0xfe,0x03,0x00,0x00,0x00,0x00,0x00 } },
  { 0x8fdf, { 0x00,0x00,0x00,0x00,0x00,0x00,0x18,0x00,0x10,0x0c,0x3f,0xf8,0x06,0x30,0x30,0x06,0x30,0x30,0x00,0x30,0x30,0x00,0x30,0x30,0x04,0x30,0x30,0x7e,0x3f,0xf0,0x0c,0x30,0x30,0x0c,0x30,0x00,0x0c,0x33,0x00,0x0c,0x21,0xc0,0x0c,0x20,0x60,0x0c,0x60,0x30,0x0c,0x40,0x38,0x0c,0xc0,0x18,0x1b,0x80,0x00,0x71,0x80,0x00,0x60,0xff,0xfe,0x00,0x3f,0xfc,0x00,0x00,0x00,0x00,0x00,0x00 } },
  { 0x6301, { 0x00,0x00,0x00,0x06,0x03,0x00,0x06,0x03,0x00,0x06,0x03,0x00,0x06,0x3f,0xf8,0x06,0x83,0x00,0x3f,0xc3,0x00,0x06,0x03,0x00,0x06,0x03,0x04,0x06,0xff,0xfe,0x06,0xc0,0xc0,0x07,0x80,0xe0,0x1e,0x00,0xc4,0x7e,0xff,0xfe,0x36,0x00,0xc0,0x06,0x30,0xc0,0x06,0x18,0xc0,0x06,0x1c,0xc0,0x06,0x08,0xc0,0x06,0x00,0xc0,0x3e,0x07,0xc0,0x1c,0x03,0xc0,0x0c,0x00,0x80,0x00,0x00,0x00 } },
  { 0x51b2, { 0x00,0x00,0x00,0x00,0x03,0x00,0x00,0x03,0x00,0x30,0x03,0x00,0x18,0x03,0x00,0x1c,0x83,0x00,0x0d,0xff,0xfc,0x0d,0x63,0x0c,0x01,0x63,0x0c,0x02,0x63,0x0c,0x02,0x63,0x0c,0x06,0x63,0x0c,0x04,0x63,0x0c,0x0c,0x7f,0xfc,0x0c,0x63,0x0c,0x78,0x63,0x00,0x38,0x03,0x00,0x18,0x03,0x00,0x18,0x03,0x00,0x18,0x03,0x00,0x18,0x03,0x00,0x18,0x03,0x00,0x00,0x03,0x00,0x00,0x00,0x00 } },
  { 0x51fa, { 0x00,0x00,0x00,0x00,0x18,0x00,0x00,0x18,0x00,0x00,0x18,0x00,0x0c,0x18,0x30,0x0c,0x18,0x30,0x0c,0x18,0x30,0x0c,0x18,0x30,0x0c,0x18,0x30,0x0c,0x18,0x30,0x0f,0xff,0xf0,0x04,0x18,0x30,0x00,0x18,0x00,0x18,0x18,0x10,0x1c,0x18,0x18,0x18,0x18,0x18,0x18,0x18,0x18,0x18,0x18,0x18,0x18,0x18,0x18,0x18,0x18,0x18,0x1f,0xff,0xf8,0x08,0x00,0x18,0x00,0x00,0x00,0x00,0x00,0x00 } },
  { 0x521d, { 0x00,0x00,0x00,0x04,0x00,0x00,0x06,0x00,0x00,0x03,0x00,0x04,0x03,0x1f,0xfe,0x3f,0xc3,0x0c,0x01,0xc3,0x0c,0x01,0x83,0x0c,0x03,0x03,0x0c,0x06,0x76,0x0c,0x06,0x66,0x0c,0x0e,0xc6,0x0c,0x1f,0x86,0x0c,0x36,0xe6,0x0c,0x66,0x66,0x0c,0x06,0x24,0x1c,0x06,0x0c,0x18,0x06,0x08,0x18,0x06,0x18,0x18,0x06,0x30,0x18,0x06,0x21,0xf8,0x06,0x40,0xf0,0x06,0x80,0x20,0x00,0x00,0x00 } },
  { 0x9664, { 0x00,0x00,0x00,0x00,0x06,0x00,0x00,0x0e,0x00,0x7f,0x0e,0x00,0x63,0x1d,0x00,0x66,0x19,0x80,0x66,0x30,0xc0,0x64,0x60,0x70,0x6c,0x40,0x3c,0x69,0xbf,0xd8,0x65,0x06,0x00,0x66,0x06,0x00,0x63,0x06,0x10,0x63,0xff,0xf8,0x63,0x06,0x00,0x63,0x26,0x00,0x7e,0x36,0xc0,0x6e,0x66,0x60,0x60,0xc6,0x30,0x61,0x86,0x18,0x63,0x26,0x18,0x60,0x1e,0x00,0x60,0x0c,0x00,0x00,0x00,0x00 } },
  { 0x695a, { 0x00,0x00,0x00,0x03,0x03,0x80,0x03,0x03,0x00,0x03,0x43,0x10,0x3f,0xff,0xf8,0x07,0x03,0x00,0x07,0x87,0x80,0x0f,0xef,0x60,0x0b,0x6b,0x30,0x13,0x13,0x30,0x23,0x23,0x00,0x43,0x43,0x00,0x3f,0xff,0xf0,0x00,0x18,0x70,0x02,0x18,0x40,0x07,0x18,0x40,0x06,0x1f,0xe0,0x0e,0x18,0x00,0x0f,0x18,0x00,0x1d,0x98,0x00,0x18,0xf8,0x00,0x30,0x7f,0xfc,0x40,0x1f,0xf8,0x00,0x00,0x00 } },
  { 0x5904, { 0x00,0x00,0x00,0x03,0x01,0x80,0x03,0x01,0x80,0x03,0x01,0x80,0x06,0x01,0x80,0x06,0x11,0x80,0x07,0xf9,0x80,0x04,0x39,0xc0,0x0c,0x31,0xf0,0x0c,0x31,0x9c,0x0c,0x31,0x8c,0x1e,0x61,0x84,0x12,0x61,0x80,0x32,0x61,0x80,0x23,0xc1,0x80,0x01,0xc1,0x80,0x01,0x81,0x80,0x01,0xc1,0x80,0x03,0x78,0x00,0x0e,0x3f,0xfe,0x18,0x07,0xfc,0x60,0x00,0x78,0x00,0x00,0x00,0x00,0x00,0x00 } },
  { 0x89e6, { 0x00,0x00,0x00,0x06,0x00,0x80,0x06,0x00,0xe0,0x06,0x00,0xc0,0x0f,0xc0,0xc0,0x08,0xc0,0xc0,0x19,0x80,0xc0,0x1f,0xff,0xfc,0x3b,0x6c,0xcc,0x5b,0x6c,0xcc,0x1b,0x6c,0xcc,0x1f,0xec,0xcc,0x1b,0x6c,0xcc,0x1b,0x6c,0xcc,0x1b,0x6f,0xfc,0x1f,0xec,0xcc,0x1b,0x60,0xc0,0x13,0x60,0xd0,0x33,0x60,0xc8,0x33,0x60,0xdc,0x23,0x6f,0xf6,0x63,0xee,0x06,0x40,0x60,0x00,0x00,0x00,0x00 } },
  { 0x4f20, { 0x01,0x03,0x00,0x03,0x83,0x00,0x03,0x03,0x00,0x03,0x02,0x00,0x06,0x06,0x00,0x06,0x7f,0xf8,0x06,0x06,0x00,0x0e,0x06,0x00,0x0e,0x06,0x00,0x1e,0x04,0x04,0x36,0xff,0xfe,0x26,0x0c,0x00,0x46,0x0c,0x00,0x46,0x0c,0x10,0x06,0x1f,0xf8,0x06,0x08,0x38,0x06,0x00,0x60,0x06,0x00,0xc0,0x06,0x1c,0x80,0x06,0x07,0x80,0x06,0x01,0xc0,0x06,0x00,0xe0,0x06,0x00,0x20,0x00,0x00,0x00 } },
  { 0x4e32, { 0x00,0x00,0x00,0x00,0x38,0x00,0x00,0x38,0x00,0x00,0x38,0x20,0x0f,0xff,0xf0,0x0c,0x38,0x60,0x0c,0x38,0x60,0x0c,0x38,0x60,0x0f,0xff,0xe0,0x0c,0x38,0x60,0x00,0x38,0x00,0x00,0x38,0x10,0x1f,0xff,0xf8,0x18,0x38,0x30,0x18,0x38,0x30,0x18,0x38,0x30,0x1f,0xff,0xf0,0x18,0x38,0x30,0x10,0x38,0x00,0x00,0x38,0x00,0x00,0x38,0x00,0x00,0x38,0x00,0x00,0x30,0x00,0x00,0x00,0x00 } },
  { 0x7a97, { 0x00,0x00,0x00,0x00,0x18,0x00,0x00,0x1c,0x00,0x00,0x0c,0x00,0x0f,0xff,0xfc,0x18,0x00,0x0c,0x38,0xc3,0xd0,0x33,0x90,0xf0,0x1c,0x38,0x38,0x00,0x20,0x00,0x07,0xff,0xf0,0x06,0x30,0x30,0x06,0x30,0x30,0x06,0x7f,0xb0,0x06,0x43,0xb0,0x06,0xa3,0x30,0x06,0x1e,0x30,0x06,0x0c,0x30,0x06,0x1e,0x30,0x06,0x63,0x30,0x07,0x83,0x30,0x07,0xff,0xf0,0x06,0x00,0x20,0x00,0x00,0x00 } },
  { 0x7eaf, { 0x00,0x00,0x00,0x04,0x03,0x00,0x06,0x03,0x00,0x0e,0x03,0x00,0x0c,0x03,0x08,0x08,0x7f,0xfc,0x18,0xc3,0x00,0x11,0xc3,0x00,0x21,0xb3,0x18,0x7f,0x33,0x18,0x7a,0x33,0x18,0x06,0x33,0x18,0x0c,0x33,0x18,0x08,0x33,0x18,0x17,0xbf,0xf8,0x3c,0x23,0x18,0x30,0x03,0x00,0x00,0x03,0x04,0x01,0xc3,0x04,0x0f,0x03,0x04,0x7c,0x03,0xfe,0x30,0x01,0xfc,0x00,0x00,0x00,0x00,0x00,0x00 } },
  { 0x6233, { 0x00,0x00,0x00,0x00,0x01,0xc0,0x3f,0xfc,0xd0,0x23,0x98,0xd8,0x33,0xd8,0xdc,0x1b,0x58,0xcc,0x1f,0x78,0xc0,0x1b,0xd8,0xce,0x72,0x8b,0xf8,0x21,0x80,0xc8,0x0c,0xc0,0xcc,0x0c,0xc8,0xd8,0x1f,0xfc,0xd8,0x19,0x80,0xf0,0x39,0x80,0xf0,0x7f,0xf8,0xe0,0x59,0x80,0x60,0x1f,0xf8,0xe2,0x19,0x81,0xb2,0x19,0x83,0x3e,0x1f,0xfe,0x1e,0x18,0x0c,0x0e,0x10,0x10,0x06,0x00,0x00,0x00 } },
  { 0x78c1, { 0x00,0x00,0x00,0x00,0x00,0x30,0x00,0x88,0x30,0x3f,0xcc,0x60,0x0c,0x0c,0x60,0x0c,0x04,0x44,0x0c,0x7f,0xfe,0x0c,0x18,0x60,0x08,0x18,0x70,0x18,0x18,0x60,0x1f,0x93,0x48,0x19,0xb6,0x4c,0x39,0xa6,0x98,0x39,0xe4,0x98,0x79,0xfd,0xf8,0x59,0xe8,0xb0,0x19,0x98,0x30,0x19,0x90,0x20,0x19,0xb4,0x68,0x1f,0xa6,0x4c,0x19,0x7f,0xde,0x18,0x7b,0xf6,0x18,0x62,0xc6,0x00,0x00,0x00 } },
  { 0x6b64, { 0x00,0x00,0x00,0x00,0x83,0x00,0x01,0xc3,0x00,0x00,0xc3,0x00,0x00,0xc3,0x00,0x00,0xc3,0x00,0x18,0xc3,0x08,0x1c,0xc3,0x1c,0x18,0xc3,0x3c,0x18,0xfb,0x70,0x18,0xc3,0xc0,0x18,0xc3,0x00,0x18,0xc3,0x00,0x18,0xc3,0x00,0x18,0xc3,0x00,0x18,0xc3,0x00,0x18,0xcb,0x04,0x18,0xfb,0x04,0x1b,0xc3,0x04,0x3f,0x03,0x04,0x78,0x03,0xfe,0x20,0x03,0xfe,0x00,0x00,0x00,0x00,0x00,0x00 } },
  { 0x6b21, { 0x00,0x00,0x00,0x00,0x18,0x00,0x20,0x1c,0x00,0x30,0x18,0x00,0x18,0x30,0x00,0x1d,0x30,0x10,0x0a,0x3f,0xf8,0x02,0x60,0x38,0x02,0x6e,0x30,0x04,0xce,0x60,0x04,0x8e,0x00,0x0d,0x0e,0x00,0x08,0x0e,0x00,0x18,0x0f,0x00,0x70,0x0d,0x00,0x30,0x19,0x00,0x30,0x19,0x80,0x30,0x30,0xc0,0x30,0x30,0xc0,0x38,0x60,0x60,0x30,0xc0,0x38,0x13,0x00,0x1c,0x0e,0x00,0x00,0x00,0x00,0x00 } },
  { 0x523a, { 0x00,0x00,0x00,0x01,0x80,0x0c,0x01,0x80,0x0c,0x01,0x84,0x0c,0x3f,0xff,0xcc,0x01,0x80,0xcc,0x01,0x80,0xcc,0x1f,0xfc,0xcc,0x19,0x8c,0xcc,0x19,0x8c,0xcc,0x19,0x8c,0xcc,0x19,0x8c,0xcc,0x19,0xbc,0xcc,0x19,0xb8,0xcc,0x13,0xd0,0xcc,0x07,0xe0,0xcc,0x07,0xb8,0xcc,0x0d,0x9c,0x8c,0x19,0x8c,0x0c,0x31,0x84,0x0c,0x41,0x80,0xfc,0x01,0x80,0x38,0x01,0x80,0x18,0x00,0x00,0x00 } },
  { 0x4ece, { 0x00,0x00,0x00,0x01,0x03,0x00,0x03,0x83,0x80,0x03,0x83,0x00,0x03,0x03,0x00,0x03,0x03,0x00,0x03,0x03,0x00,0x03,0x03,0x00,0x03,0x03,0x80,0x03,0x03,0x80,0x03,0x07,0x80,0x03,0x86,0x80,0x06,0xc6,0xc0,0x06,0x66,0xc0,0x04,0x7c,0x40,0x0c,0x3c,0x60,0x0c,0x18,0x30,0x18,0x18,0x30,0x10,0x30,0x18,0x20,0x60,0x1e,0x40,0xc0,0x0e,0x01,0x00,0x00,0x00,0x00,0x00,0x00,0x00,0x00 } },
  { 0x5b58, { 0x00,0x00,0x00,0x00,0x30,0x00,0x00,0x38,0x00,0x00,0x30,0x08,0x3f,0xff,0xfc,0x00,0x60,0x00,0x00,0xc0,0x10,0x00,0xff,0xf0,0x01,0x80,0x38,0x03,0x00,0x60,0x03,0x01,0x80,0x07,0x03,0x80,0x0f,0x03,0x00,0x1b,0x03,0x04,0x13,0x7f,0xfe,0x63,0x03,0x00,0x43,0x03,0x00,0x03,0x03,0x00,0x03,0x03,0x00,0x03,0x03,0x00,0x03,0x1f,0x00,0x03,0x0f,0x00,0x02,0x02,0x00,0x00,0x00,0x00 } },
  { 0x9519, { 0x00,0x00,0x00,0x04,0x0e,0x60,0x0e,0x0e,0x60,0x0c,0x0e,0x60,0x0c,0x0e,0x68,0x1f,0xbf,0xfc,0x18,0x0e,0x60,0x31,0x0e,0x60,0x3f,0x8e,0x64,0x6c,0x7f,0xfe,0x4c,0x00,0x00,0x0c,0x00,0x10,0x0c,0x9f,0xf8,0x7f,0xd8,0x38,0x0c,0x18,0x38,0x0c,0x1f,0xf8,0x0c,0x18,0x38,0x0c,0x18,0x38,0x0d,0x98,0x38,0x0f,0x1f,0xf8,0x0c,0x18,0x38,0x00,0x18,0x10,0x00,0x00,0x00,0x00,0x00,0x00 } },
  { 0x8fbe, { 0x00,0x00,0x00,0x08,0x06,0x00,0x0c,0x07,0x00,0x06,0x07,0x00,0x06,0x07,0x00,0x00,0x07,0x00,0x00,0x06,0x08,0x00,0xff,0xfc,0x04,0x06,0x00,0x7e,0x06,0x00,0x0c,0x06,0x00,0x0c,0x06,0x00,0x0c,0x0d,0x80,0x0c,0x0c,0xc0,0x0c,0x18,0x60,0x0c,0x30,0x30,0x0c,0x60,0x18,0x0c,0xc0,0x18,0x0d,0x00,0x00,0x33,0x00,0x00,0x71,0xc0,0x00,0x20,0xff,0xfe,0x00,0x3f,0xfc,0x00,0x00,0x00 } },
  { 0x7b54, { 0x00,0x00,0x00,0x06,0x03,0x00,0x07,0x03,0x00,0x06,0x13,0x08,0x0f,0xff,0xfc,0x0d,0x04,0xc0,0x19,0x98,0x60,0x31,0xb8,0x70,0x20,0x78,0x20,0x00,0x6c,0x00,0x01,0xc7,0x00,0x03,0x81,0xc0,0x06,0x01,0xfe,0x1d,0xff,0xbe,0x30,0x00,0x0c,0x40,0x00,0x00,0x07,0xff,0xc0,0x06,0x00,0xc0,0x06,0x00,0xc0,0x06,0x00,0xc0,0x07,0xff,0xc0,0x06,0x00,0xc0,0x06,0x00,0xc0,0x00,0x00,0x00 } },
  { 0x6253, { 0x00,0x00,0x00,0x0e,0x00,0x00,0x0e,0x00,0x00,0x06,0x00,0x08,0x06,0x3f,0xfc,0x06,0x81,0x80,0x7f,0xc1,0x80,0x06,0x01,0x80,0x06,0x01,0x80,0x06,0x01,0x80,0x07,0xc1,0x80,0x0f,0x01,0x80,0x7e,0x01,0x80,0x66,0x01,0x80,0x06,0x01,0x80,0x06,0x01,0x80,0x06,0x01,0x80,0x06,0x01,0x80,0x06,0x01,0x80,0x7e,0x1f,0x80,0x3c,0x0f,0x00,0x0c,0x03,0x00,0x00,0x00,0x00,0x00,0x00,0x00 } },
  { 0x5927, { 0x00,0x00,0x00,0x00,0x18,0x00,0x00,0x18,0x00,0x00,0x18,0x00,0x00,0x18,0x00,0x00,0x18,0x00,0x00,0x18,0x0c,0x3f,0xff,0xfe,0x00,0x18,0x00,0x00,0x18,0x00,0x00,0x38,0x00,0x00,0x3c,0x00,0x00,0x34,0x00,0x00,0x36,0x00,0x00,0x62,0x00,0x00,0x63,0x00,0x00,0xe1,0x80,0x00,0xc1,0x80,0x01,0x80,0xe0,0x03,0x00,0x78,0x06,0x00,0x3e,0x18,0x00,0x1c,0x60,0x00,0x00,0x00,0x00,0x00 } },
  { 0x4ee3, { 0x00,0x00,0x00,0x01,0x04,0x00,0x01,0x86,0x00,0x03,0x06,0x70,0x03,0x06,0x38,0x06,0x06,0x18,0x06,0x06,0x08,0x06,0x06,0x08,0x0e,0x07,0xfc,0x1e,0xff,0x80,0x1e,0x06,0x00,0x36,0x06,0x00,0x26,0x03,0x00,0x46,0x03,0x00,0x06,0x03,0x00,0x06,0x03,0x00,0x06,0x01,0x80,0x06,0x01,0x82,0x06,0x00,0xc6,0x06,0x00,0x66,0x06,0x00,0x7e,0x06,0x00,0x1e,0x06,0x00,0x0e,0x00,0x00,0x00 } },
  { 0x5e26, { 0x00,0x00,0x00,0x01,0x18,0xc0,0x03,0x18,0xc0,0x03,0x18,0xc8,0x3f,0xff,0xfc,0x03,0x18,0xc0,0x03,0x18,0xc0,0x03,0x18,0xc0,0x10,0x00,0x00,0x1f,0xff,0xfc,0x10,0x18,0x0c,0x30,0x18,0x18,0x20,0x18,0x00,0x07,0xff,0xf0,0x06,0x18,0x60,0x06,0x18,0x60,0x06,0x18,0x60,0x06,0x18,0x60,0x06,0x18,0x60,0x06,0x1b,0xe0,0x06,0x19,0xe0,0x00,0x18,0x40,0x00,0x18,0x00,0x00,0x00,0x00 } },
  { 0x5f85, { 0x00,0x00,0x00,0x02,0x07,0x00,0x07,0x07,0x00,0x06,0x07,0x00,0x0c,0x07,0x00,0x0c,0x7f,0xf0,0x19,0x07,0x00,0x33,0x87,0x00,0x23,0x07,0x00,0x06,0xff,0xfc,0x06,0x00,0x00,0x0e,0x00,0x60,0x1e,0x00,0x68,0x36,0xff,0xfc,0x26,0x00,0x60,0x06,0x18,0x60,0x06,0x1c,0x60,0x06,0x0c,0x60,0x06,0x0c,0x60,0x06,0x00,0x60,0x06,0x00,0x60,0x06,0x03,0xe0,0x04,0x00,0xc0,0x00,0x00,0x00 } },
  { 0x5355, { 0x00,0x00,0x00,0x01,0x01,0x80,0x00,0xc1,0x80,0x00,0xc3,0x00,0x00,0x42,0x00,0x0f,0xff,0xf0,0x0c,0x18,0x60,0x0c,0x18,0x60,0x0c,0x18,0x60,0x0f,0xff,0xe0,0x0c,0x18,0x60,0x0c,0x18,0x60,0x0c,0x18,0x60,0x0f,0xff,0xe0,0x0c,0x18,0x60,0x0c,0x18,0x0c,0x7f,0xff,0xfe,0x00,0x18,0x00,0x00,0x18,0x00,0x00,0x18,0x00,0x00,0x18,0x00,0x00,0x18,0x00,0x00,0x10,0x00,0x00,0x00,0x00 } },
  { 0x65e6, { 0x00,0x00,0x00,0x00,0x00,0x00,0x03,0xff,0xc0,0x03,0x00,0xe0,0x03,0x00,0xc0,0x03,0x00,0xc0,0x03,0x00,0xc0,0x03,0x00,0xc0,0x03,0xff,0xc0,0x03,0x00,0xc0,0x03,0x00,0xc0,0x03,0x00,0xc0,0x03,0x00,0xc0,0x03,0x00,0xc0,0x03,0xff,0xc0,0x03,0x00,0xc0,0x03,0x00,0xc0,0x00,0x00,0x00,0x00,0x00,0x08,0x3f,0xff,0xfc,0x20,0x00,0x00,0x00,0x00,0x00,0x00,0x00,0x00,0x00,0x00,0x00 } },
  { 0x4f46, { 0x00,0x00,0x00,0x03,0x00,0x00,0x03,0x00,0x10,0x06,0x7f,0xf8,0x06,0x60,0x38,0x0c,0x60,0x38,0x0c,0x60,0x38,0x1c,0x60,0x38,0x1c,0x60,0x38,0x3c,0x7f,0xf8,0x2c,0x60,0x38,0x4c,0x60,0x38,0x0c,0x60,0x38,0x0c,0x60,0x38,0x0c,0x7f,0xf8,0x0c,0x60,0x38,0x0c,0x60,0x10,0x0c,0x00,0x00,0x0c,0x00,0x00,0x0c,0x00,0x04,0x0d,0xff,0xfe,0x0c,0x00,0x00,0x00,0x00,0x00,0x00,0x00,0x00 } },
  { 0x5f39, { 0x00,0x10,0x60,0x00,0x18,0x60,0x3f,0x0c,0x60,0x03,0x0c,0xc0,0x03,0x04,0x80,0x03,0x7f,0xf8,0x03,0x63,0x18,0x3f,0x63,0x18,0x33,0x7f,0xf8,0x30,0x63,0x18,0x30,0x63,0x18,0x30,0x63,0x18,0x7f,0x7f,0xf8,0x23,0x63,0x18,0x03,0x23,0x10,0x03,0x03,0x04,0x03,0xff,0xfe,0x03,0x03,0x00,0x06,0x03,0x00,0x06,0x03,0x00,0x3e,0x03,0x00,0x1c,0x03,0x00,0x00,0x03,0x00,0x00,0x00,0x00 } },
  { 0x5f53, { 0x00,0x00,0x00,0x00,0x30,0x00,0x00,0x30,0x00,0x18,0x30,0xc0,0x0c,0x30,0xe0,0x06,0x31,0x80,0x07,0x33,0x00,0x02,0x32,0x00,0x00,0x34,0x10,0x3f,0xff,0xf8,0x00,0x00,0x30,0x00,0x00,0x30,0x00,0x00,0x30,0x00,0x00,0x30,0x0f,0xff,0xf0,0x00,0x00,0x30,0x00,0x00,0x30,0x00,0x00,0x30,0x00,0x00,0x30,0x3f,0xff,0xf0,0x20,0x00,0x30,0x00,0x00,0x30,0x00,0x00,0x00,0x00,0x00,0x00 } },
  { 0x6863, { 0x00,0x00,0x00,0x06,0x01,0x00,0x06,0x03,0x88,0x06,0x23,0x8c,0x06,0x33,0x98,0x06,0x9b,0x90,0x7f,0xdb,0xb0,0x0e,0x0b,0xe0,0x0e,0x0b,0xc8,0x0e,0x3f,0xfc,0x0f,0x00,0x0c,0x1f,0x80,0x0c,0x1e,0xc0,0x0c,0x16,0xc0,0x0c,0x36,0x3f,0xfc,0x26,0x00,0x0c,0x46,0x00,0x0c,0x46,0x00,0x0c,0x06,0x00,0x0c,0x06,0x00,0x0c,0x06,0xff,0xfc,0x06,0x00,0x0c,0x04,0x00,0x08,0x00,0x00,0x00 } },
  { 0x5202, { 0x00,0x00,0x00,0x00,0x03,0x00,0x00,0x03,0x00,0x00,0x03,0x00,0x00,0xc3,0x00,0x00,0xe3,0x00,0x00,0xc3,0x00,0x00,0xc3,0x00,0x00,0xc3,0x00,0x00,0xc3,0x00,0x00,0xc3,0x00,0x00,0xc3,0x00,0x00,0xc3,0x00,0x00,0xc3,0x00,0x00,0xc3,0x00,0x00,0xc3,0x00,0x00,0x03,0x00,0x00,0x03,0x00,0x00,0x03,0x00,0x00,0x3f,0x00,0x00,0x0f,0x00,0x00,0x06,0x00,0x00,0x00,0x00,0x00,0x00,0x00 } },
  { 0x5230, { 0x00,0x00,0x00,0x00,0x08,0x0c,0x3f,0xfc,0x0c,0x01,0x80,0x0c,0x03,0x81,0xcc,0x03,0x21,0x8c,0x06,0x31,0x8c,0x0c,0x19,0x8c,0x1f,0xfd,0x8c,0x1f,0x8d,0x8c,0x01,0x85,0x8c,0x01,0x81,0x8c,0x01,0x89,0x8c,0x3f,0xfd,0x8c,0x01,0x81,0x8c,0x01,0x81,0x8c,0x01,0x80,0x8c,0x01,0x8c,0x0c,0x01,0xf8,0x0c,0x3f,0x80,0xfc,0x3c,0x00,0x7c,0x00,0x00,0x18,0x00,0x00,0x00,0x00,0x00,0x00 } },
  { 0x5012, { 0x00,0x00,0x00,0x06,0x00,0x08,0x06,0x02,0x0c,0x06,0xff,0x0c,0x0c,0xb0,0x0c,0x0c,0x30,0x0c,0x08,0x60,0xec,0x1c,0x44,0xcc,0x1c,0xc6,0xcc,0x3d,0xff,0xcc,0x2c,0xe3,0xcc,0x4c,0x38,0xcc,0x0c,0x30,0xcc,0x0c,0x32,0xcc,0x0d,0xff,0xcc,0x0c,0x30,0xcc,0x0c,0x30,0xcc,0x0c,0x30,0x0c,0x0c,0x3f,0x0c,0x0d,0xf8,0x0c,0x0d,0xc0,0x0c,0x0c,0x00,0x3c,0x18,0x00,0x18,0x00,0x00,0x00 } },
  { 0x9053, { 0x00,0x00,0x00,0x10,0x20,0x60,0x18,0x18,0x60,0x0c,0x18,0xc0,0x0e,0x08,0x8c,0x04,0xff,0xfc,0x00,0x06,0x00,0x00,0x06,0x00,0x04,0x3f,0xf0,0x7e,0x30,0x30,0x0c,0x30,0x30,0x0c,0x3f,0xf0,0x0c,0x30,0x30,0x0c,0x30,0x30,0x0c,0x3f,0xf0,0x0c,0x30,0x30,0x0c,0x30,0x30,0x0c,0x3f,0xf0,0x0c,0x30,0x30,0x33,0x20,0x00,0x61,0x80,0x00,0x20,0xff,0xfe,0x00,0x3f,0xfc,0x00,0x00,0x00 } },
  { 0x5f97, { 0x00,0x00,0x00,0x03,0x00,0x10,0x03,0xbf,0xf8,0x07,0x30,0x30,0x0c,0x30,0x30,0x08,0x3f,0xf0,0x11,0xb0,0x30,0x61,0xb0,0x30,0x03,0x30,0x30,0x07,0x3f,0xf0,0x06,0x30,0x38,0x0e,0x7f,0xfc,0x1e,0x00,0x60,0x36,0x00,0x64,0x46,0xff,0xfe,0x06,0x00,0x60,0x06,0x18,0x60,0x06,0x1c,0x60,0x06,0x0c,0x60,0x06,0x0c,0x60,0x06,0x03,0xe0,0x06,0x01,0xe0,0x04,0x00,0xc0,0x00,0x00,0x00 } },
  { 0x5730, { 0x00,0x00,0x00,0x00,0x03,0x00,0x0c,0x03,0x00,0x0c,0x03,0x00,0x0c,0x33,0x00,0x0c,0x33,0x00,0x0c,0x33,0x18,0x0c,0x33,0x78,0x0d,0x33,0x98,0x7f,0xbf,0x18,0x0c,0x73,0x18,0x0d,0xb3,0x18,0x0c,0x33,0x18,0x0c,0x33,0x18,0x0c,0x33,0x18,0x0c,0x33,0xf8,0x0c,0x33,0x34,0x0d,0xf3,0x04,0x0e,0x30,0x04,0x78,0x30,0x04,0x60,0x3f,0xfe,0x00,0x1f,0xfe,0x00,0x00,0x00,0x00,0x00,0x00 } },
  { 0x7684, { 0x00,0x00,0x00,0x06,0x02,0x00,0x06,0x07,0x00,0x06,0x06,0x00,0x0c,0x06,0x00,0x0c,0x0c,0x10,0x3f,0xcf,0xf8,0x30,0xc8,0x38,0x30,0xd8,0x38,0x30,0xf0,0x38,0x30,0xe0,0x38,0x30,0xcc,0x38,0x3f,0xc6,0x38,0x30,0xc6,0x38,0x30,0xc6,0x30,0x30,0xc2,0x30,0x30,0xc0,0x30,0x30,0xc0,0x30,0x30,0xc0,0x30,0x3f,0xc0,0x30,0x30,0xc3,0xf0,0x30,0x81,0xe0,0x20,0x00,0xe0,0x00,0x00,0x00 } },
  { 0x706f, { 0x00,0x00,0x00,0x06,0x00,0x00,0x06,0x00,0x08,0x06,0x3f,0xfc,0x06,0x01,0x80,0x06,0xc1,0x80,0x06,0xc1,0x80,0x37,0x81,0x80,0x37,0x01,0x80,0x66,0x01,0x80,0x66,0x01,0x80,0x06,0x01,0x80,0x06,0x01,0x80,0x06,0x01,0x80,0x06,0x01,0x80,0x0d,0x81,0x80,0x0c,0xc1,0x80,0x08,0xc1,0x80,0x18,0x41,0x80,0x10,0x0f,0x80,0x20,0x07,0x80,0x00,0x03,0x00,0x00,0x00,0x00,0x00,0x00,0x00 } },
  { 0x7b49, { 0x00,0x00,0x00,0x06,0x01,0x00,0x07,0x01,0x80,0x06,0x13,0x04,0x0f,0xfb,0xfc,0x0d,0x06,0x40,0x19,0x84,0x60,0x31,0xd8,0x60,0x60,0x98,0x30,0x07,0xff,0xf8,0x00,0x18,0x00,0x00,0x18,0x04,0x3f,0xff,0xfe,0x00,0x00,0x80,0x00,0x00,0xc0,0x1f,0xff,0xfc,0x01,0x00,0xc0,0x00,0xc0,0xc0,0x00,0xe0,0xc0,0x00,0x60,0xc0,0x00,0x4f,0xc0,0x00,0x07,0x80,0x00,0x01,0x80,0x00,0x00,0x00 } },
  { 0x4f4e, { 0x00,0x00,0x00,0x02,0x00,0x00,0x03,0x00,0x70,0x06,0x03,0xf0,0x06,0x7f,0x00,0x0c,0x63,0x00,0x0c,0x63,0x00,0x1c,0x63,0x00,0x1c,0x63,0x00,0x3c,0x63,0x08,0x2c,0x7f,0xfc,0x4c,0x61,0x00,0x4c,0x61,0x80,0x0c,0x61,0x80,0x0c,0x61,0x80,0x0c,0x61,0x80,0x0c,0x60,0xc0,0x0c,0x6c,0xe4,0x0c,0x78,0x64,0x0c,0x7c,0x3c,0x0c,0x66,0x1c,0x0c,0x03,0x0e,0x0c,0x03,0x00,0x00,0x00,0x00 } },
  { 0x5e95, { 0x00,0x00,0x00,0x00,0x18,0x00,0x00,0x1c,0x00,0x00,0x0c,0x08,0x1f,0xff,0xfc,0x18,0x00,0x00,0x18,0x00,0x60,0x18,0x07,0xf0,0x19,0xff,0x00,0x19,0x86,0x00,0x19,0x86,0x00,0x19,0x86,0x08,0x19,0xff,0xfc,0x19,0x83,0x00,0x19,0x83,0x00,0x19,0x83,0x00,0x19,0x83,0x80,0x11,0x9d,0x84,0x31,0xf1,0xc4,0x31,0xf8,0xe4,0x21,0x8e,0x7c,0x40,0x06,0x3c,0x40,0x06,0x0e,0x00,0x00,0x00 } },
  { 0x7b2c, { 0x00,0x00,0x00,0x06,0x03,0x00,0x07,0x03,0x80,0x06,0x13,0x08,0x0f,0xff,0xfc,0x19,0x84,0xc0,0x11,0x88,0xc0,0x20,0x90,0x60,0x0f,0xff,0xf0,0x00,0x18,0x30,0x00,0x18,0x30,0x07,0xff,0xf0,0x06,0x18,0x30,0x0c,0x18,0x00,0x0c,0x18,0x08,0x1f,0xff,0xfc,0x08,0x78,0x1c,0x00,0x58,0x18,0x01,0x98,0x18,0x03,0x18,0xf8,0x0e,0x18,0x78,0x38,0x18,0x30,0x40,0x18,0x00,0x00,0x00,0x00 } },
  { 0x5178, { 0x00,0x00,0x00,0x00,0xcc,0x00,0x00,0xcc,0x00,0x00,0xcc,0x00,0x00,0xcc,0x00,0x0f,0xff,0xc0,0x0c,0xcc,0xc0,0x0c,0xcc,0xc0,0x0c,0xcc,0xc0,0x0c,0xcc,0xc0,0x0f,0xff,0xc0,0x0c,0xcc,0xc0,0x0c,0xcc,0xc0,0x0c,0xcc,0xc0,0x0c,0xcc,0xc0,0x0c,0xcc,0xd8,0x7f,0xff,0xfc,0x41,0x00,0x00,0x03,0x87,0x00,0x07,0x01,0xc0,0x0e,0x00,0xe0,0x38,0x00,0x70,0x60,0x00,0x30,0x00,0x00,0x00 } },
  { 0x70b9, { 0x00,0x00,0x00,0x00,0x18,0x00,0x00,0x18,0x00,0x00,0x18,0x00,0x00,0x18,0x10,0x00,0x1f,0xf8,0x00,0x18,0x00,0x00,0x18,0x00,0x00,0x18,0x00,0x07,0xff,0xe0,0x06,0x00,0x60,0x06,0x00,0x60,0x06,0x00,0x60,0x06,0x00,0x60,0x06,0x00,0x60,0x07,0xff,0xe0,0x06,0x00,0x60,0x06,0x00,0x40,0x04,0x84,0x30,0x0c,0xc2,0x18,0x08,0x63,0x1c,0x38,0x63,0x0c,0x30,0x61,0x0c,0x00,0x00,0x00 } },
  { 0x7535, { 0x00,0x00,0x00,0x00,0x60,0x00,0x00,0x70,0x00,0x00,0x60,0x00,0x00,0x60,0x00,0x00,0x60,0x40,0x3f,0xff,0xe0,0x38,0x60,0x60,0x38,0x60,0x60,0x38,0x60,0x60,0x3f,0xff,0xe0,0x38,0x60,0x60,0x38,0x60,0x60,0x38,0x60,0x60,0x38,0x60,0x60,0x3f,0xff,0xe0,0x38,0x60,0x40,0x30,0x60,0x00,0x00,0x60,0x18,0x00,0x60,0x18,0x00,0x60,0x18,0x00,0x3f,0xfc,0x00,0x3f,0xf8,0x00,0x00,0x00 } },
  { 0x8c03, { 0x00,0x00,0x00,0x08,0x00,0x08,0x0c,0x3f,0xfc,0x06,0x23,0x0c,0x06,0x21,0x0c,0x00,0x21,0x0c,0x00,0x2f,0xec,0x04,0x21,0x0c,0x7e,0x21,0x2c,0x0c,0x3f,0xfc,0x0c,0x20,0x0c,0x0c,0x20,0x0c,0x0c,0x2f,0xec,0x0c,0x2c,0xcc,0x0c,0x2c,0xcc,0x0c,0xec,0xcc,0x0d,0xef,0xcc,0x0f,0x4c,0xcc,0x0e,0x44,0x0c,0x0c,0xc0,0x0c,0x00,0x80,0x78,0x01,0x00,0x18,0x00,0x00,0x00,0x00,0x00,0x00 } },
  { 0x6389, { 0x00,0x00,0x00,0x06,0x03,0x00,0x06,0x03,0x80,0x06,0x03,0x00,0x06,0x03,0xfc,0x06,0x83,0x00,0x7f,0xc3,0x00,0x06,0x3f,0xf8,0x06,0x30,0x18,0x06,0x30,0x18,0x07,0xff,0xf8,0x07,0x30,0x18,0x1e,0x30,0x18,0x7e,0x3f,0xf8,0x26,0x33,0x18,0x06,0x03,0x00,0x06,0x03,0x04,0x06,0xff,0xfe,0x06,0x03,0x00,0x06,0x03,0x00,0x3e,0x03,0x00,0x1c,0x03,0x00,0x08,0x03,0x00,0x00,0x00,0x00 } },
  { 0x53e0, { 0x00,0x00,0x00,0x03,0xff,0x80,0x00,0xc3,0xc0,0x00,0x7f,0x00,0x00,0x3f,0x80,0x07,0xe1,0xc0,0x1f,0xef,0xf8,0x0c,0xe2,0x30,0x03,0xc1,0xe0,0x07,0xe3,0xf0,0x38,0x6e,0x18,0x00,0x00,0x00,0x1f,0xff,0xfc,0x10,0x00,0x0c,0x33,0xff,0xd0,0x73,0x00,0xc0,0x03,0xff,0xc0,0x03,0x00,0xc0,0x03,0x00,0xc0,0x03,0xff,0xc0,0x03,0x00,0xc8,0x3f,0xff,0xfc,0x20,0x00,0x00,0x00,0x00,0x00 } },
  { 0x76ef, { 0x00,0x00,0x00,0x3f,0x80,0x08,0x31,0xdf,0xfc,0x31,0x80,0xc0,0x31,0x80,0xc0,0x31,0x80,0xc0,0x31,0x80,0xc0,0x3f,0x80,0xc0,0x31,0x80,0xc0,0x31,0x80,0xc0,0x31,0x80,0xc0,0x31,0x80,0xc0,0x3f,0x80,0xc0,0x31,0x80,0xc0,0x31,0x80,0xc0,0x31,0x80,0xc0,0x31,0x80,0xc0,0x3f,0xc0,0xc0,0x31,0x80,0xc0,0x30,0x0f,0xc0,0x00,0x07,0x80,0x00,0x01,0x80,0x00,0x00,0x00,0x00,0x00,0x00 } },
  { 0x9876, { 0x00,0x00,0x00,0x00,0x00,0x0c,0x00,0xbf,0xfe,0x7f,0xc1,0x80,0x06,0x01,0x00,0x06,0x03,0x08,0x06,0x1f,0xfc,0x06,0x18,0x18,0x06,0x19,0x98,0x06,0x19,0x98,0x06,0x19,0x98,0x06,0x19,0x98,0x06,0x19,0x98,0x06,0x19,0x98,0x06,0x19,0x98,0x06,0x19,0x18,0x06,0x13,0x18,0x06,0x03,0x40,0x3e,0x06,0x30,0x0c,0x0c,0x1c,0x00,0x38,0x0c,0x00,0xe0,0x04,0x00,0x00,0x00,0x00,0x00,0x00 } },
  { 0x5b9a, { 0x00,0x00,0x00,0x00,0x30,0x00,0x00,0x18,0x00,0x00,0x18,0x00,0x08,0x08,0x08,0x0f,0xff,0xfc,0x18,0x00,0x1c,0x38,0x00,0x10,0x30,0x00,0x30,0x1f,0xff,0xf8,0x00,0x18,0x00,0x00,0x18,0x00,0x03,0x18,0x00,0x07,0x18,0x20,0x06,0x1f,0xf0,0x06,0x18,0x00,0x06,0x18,0x00,0x05,0x18,0x00,0x0c,0x98,0x00,0x08,0x78,0x00,0x18,0x3f,0xfc,0x30,0x0f,0xf8,0x60,0x00,0xf8,0x00,0x00,0x00 } },
  { 0x4e22, { 0x00,0x00,0x00,0x00,0x00,0xe0,0x00,0x1f,0xe0,0x0f,0xfe,0x00,0x00,0x18,0x00,0x00,0x18,0x00,0x00,0x18,0x20,0x0f,0xff,0xf0,0x00,0x18,0x00,0x00,0x18,0x00,0x00,0x18,0x00,0x00,0x18,0x08,0x3f,0xff,0xfc,0x00,0x10,0x00,0x00,0x38,0x00,0x00,0x60,0x00,0x00,0xc0,0x00,0x01,0x80,0xc0,0x03,0x00,0x70,0x0e,0x7f,0xf8,0x0f,0xff,0x18,0x06,0x00,0x18,0x00,0x00,0x00,0x00,0x00,0x00 } },
  { 0x4e1c, { 0x00,0x00,0x00,0x00,0x30,0x00,0x00,0x30,0x00,0x00,0x70,0x18,0x3f,0xff,0xfc,0x00,0xe0,0x00,0x00,0xc0,0x00,0x01,0x88,0x00,0x01,0x8c,0x00,0x03,0x0c,0x00,0x06,0x0c,0x20,0x0f,0xff,0xf0,0x04,0x0c,0x00,0x00,0x8c,0x00,0x01,0xcd,0x80,0x01,0x8c,0x60,0x03,0x0c,0x30,0x06,0x0c,0x38,0x0c,0x0c,0x1c,0x18,0x0c,0x0c,0x20,0xfc,0x04,0x00,0x78,0x00,0x00,0x18,0x00,0x00,0x00,0x00 } },
  { 0x61c2, { 0x00,0x00,0x00,0x0c,0x18,0xc0,0x0c,0x0c,0xc8,0x0c,0xff,0xfc,0x0c,0x0c,0xc0,0x0e,0x08,0x80,0x2f,0x01,0xf0,0x2d,0xff,0xf0,0x2d,0x03,0x08,0x6c,0xff,0xfc,0x4c,0x03,0x00,0x0c,0x7f,0xf8,0x0c,0x63,0x18,0x0c,0x7f,0xf8,0x0c,0x63,0x18,0x0c,0x63,0x18,0x0c,0x7f,0xf8,0x0c,0x43,0x10,0x0c,0x03,0x10,0x0c,0x7f,0xf8,0x0c,0x03,0x08,0x0d,0xff,0xfc,0x0c,0x00,0x00,0x00,0x00,0x00 } },
  { 0x52a8, { 0x00,0x00,0x00,0x00,0x01,0x80,0x00,0x01,0x80,0x00,0x41,0x80,0x3f,0xe1,0x80,0x00,0x01,0x80,0x00,0x0f,0xfc,0x00,0x01,0x8c,0x7f,0xf1,0x8c,0x06,0x01,0x8c,0x07,0x01,0x0c,0x06,0x03,0x0c,0x0c,0x83,0x0c,0x08,0xc3,0x0c,0x18,0x62,0x0c,0x30,0x76,0x0c,0x7f,0xf6,0x0c,0x78,0x3c,0x0c,0x20,0x18,0x18,0x00,0x31,0xf8,0x00,0x60,0x78,0x00,0xc0,0x30,0x00,0x00,0x00,0x00,0x00,0x00 } },
  { 0x51bb, { 0x00,0x00,0x00,0x00,0x04,0x00,0x20,0x06,0x00,0x30,0x0c,0x00,0x19,0x0c,0x08,0x19,0xff,0xfc,0x1a,0x18,0x00,0x02,0x18,0x00,0x06,0x33,0x00,0x04,0x33,0x00,0x04,0x63,0x00,0x0c,0xe3,0x00,0x08,0xff,0xf8,0x78,0x43,0x00,0x38,0x13,0x00,0x18,0x3b,0x60,0x18,0x33,0x30,0x38,0x63,0x18,0x38,0xc3,0x1c,0x39,0x83,0x0c,0x13,0x03,0x0c,0x02,0x0f,0x00,0x00,0x06,0x00,0x00,0x00,0x00 } },
  { 0x90fd, { 0x00,0x00,0x00,0x01,0x80,0x00,0x01,0x88,0x04,0x01,0x8d,0xfe,0x1f,0xf9,0x8c,0x01,0x99,0x8c,0x01,0xb1,0x88,0x01,0xe5,0x98,0x3f,0xff,0x90,0x00,0xc1,0x90,0x01,0x81,0xb0,0x0f,0x01,0x90,0x0f,0xf9,0x88,0x1c,0x19,0x8c,0x6c,0x19,0x8c,0x0f,0xf9,0x86,0x0c,0x19,0x86,0x0c,0x19,0xfc,0x0c,0x19,0xbc,0x0f,0xf9,0x98,0x0c,0x19,0x80,0x0c,0x11,0x80,0x0c,0x01,0x80,0x00,0x00,0x00 } },
  { 0x515c, { 0x00,0x00,0x00,0x00,0x18,0x00,0x00,0x18,0x00,0x03,0x10,0x00,0x1e,0xff,0xf8,0x18,0xc6,0x18,0x18,0xc6,0x18,0x18,0xfe,0x18,0x18,0xc6,0x18,0x18,0xc6,0x18,0x1f,0xc6,0x18,0x1c,0xfe,0xf8,0x08,0x42,0x18,0x00,0xc2,0x00,0x00,0xc6,0x00,0x00,0xc6,0x00,0x00,0xc6,0x04,0x00,0xc6,0x04,0x01,0x86,0x04,0x03,0x87,0xfe,0x0e,0x03,0xfc,0x78,0x00,0x00,0x00,0x00,0x00,0x00,0x00,0x00 } },
  { 0x6296, { 0x00,0x00,0x00,0x06,0x00,0x40,0x07,0x00,0x60,0x06,0x00,0x60,0x06,0x0c,0x60,0x06,0x46,0x60,0x7f,0xe6,0x60,0x06,0x00,0x60,0x06,0x00,0x60,0x06,0x18,0x60,0x06,0xcc,0x60,0x07,0x8c,0x60,0x1e,0x0c,0x60,0x7e,0x00,0x64,0x26,0x00,0x7e,0x06,0x07,0xe0,0x06,0x7c,0x60,0x06,0x40,0x60,0x06,0x00,0x60,0x06,0x00,0x60,0x3e,0x00,0x60,0x1e,0x00,0x60,0x0c,0x00,0x60,0x00,0x00,0x00 } },
  { 0x72ec, { 0x00,0x00,0x00,0x00,0x81,0x80,0x20,0xc1,0x80,0x19,0x81,0x80,0x0d,0x81,0x80,0x07,0x01,0x88,0x06,0x3f,0xfc,0x0f,0x31,0x98,0x1b,0x31,0x98,0x63,0x31,0x98,0x03,0xb1,0x98,0x07,0xb1,0x98,0x07,0xb1,0x98,0x0d,0xbf,0xf8,0x19,0xb1,0x98,0x11,0xb1,0x80,0x21,0x81,0x90,0x41,0x81,0x98,0x01,0x81,0x8c,0x01,0x81,0xfe,0x03,0x7f,0xc6,0x0f,0x7c,0x06,0x06,0x20,0x00,0x00,0x00,0x00 } },
  { 0x8bfb, { 0x00,0x00,0x00,0x00,0x06,0x00,0x10,0x06,0x00,0x0c,0x06,0x10,0x0c,0x7f,0xf8,0x0c,0x06,0x00,0x00,0x06,0x00,0x01,0xff,0xfc,0x00,0x00,0x0c,0x7c,0x31,0x18,0x0c,0x19,0x90,0x0c,0x0d,0x80,0x0c,0x69,0x80,0x0c,0x31,0x80,0x0c,0x31,0x80,0x0c,0x11,0x8c,0x0c,0xff,0xfc,0x0c,0x83,0x00,0x0d,0x83,0x00,0x0e,0x06,0xe0,0x0c,0x0c,0x30,0x0c,0x38,0x18,0x01,0xc0,0x08,0x00,0x00,0x00 } },
  { 0x675c, { 0x00,0x00,0x00,0x06,0x00,0x00,0x07,0x01,0x80,0x06,0x01,0x80,0x06,0x01,0x80,0x06,0x41,0x80,0x3f,0xe1,0x80,0x06,0x01,0x80,0x06,0x01,0x88,0x07,0x3f,0xfc,0x0f,0x81,0x80,0x0e,0xc1,0x80,0x0e,0xe1,0x80,0x1e,0x41,0x80,0x16,0x01,0x80,0x26,0x01,0x80,0x66,0x01,0x80,0x46,0x01,0x80,0x06,0x01,0x80,0x06,0x01,0x84,0x06,0xff,0xfe,0x06,0x00,0x00,0x06,0x00,0x00,0x00,0x00,0x00 } },
  { 0x5ea6, { 0x00,0x00,0x00,0x00,0x18,0x00,0x00,0x0c,0x00,0x00,0x0c,0x08,0x1f,0xff,0xfc,0x1c,0x60,0x80,0x1c,0x70,0xc0,0x1c,0x60,0xc8,0x1f,0xff,0xfc,0x18,0x60,0xc0,0x18,0x60,0xc0,0x18,0x7f,0xc0,0x18,0x60,0x80,0x18,0x00,0x00,0x19,0xff,0xe0,0x18,0x20,0xe0,0x18,0x31,0xc0,0x10,0x19,0x80,0x30,0x0f,0x00,0x30,0x0f,0x00,0x20,0x3b,0xe0,0x41,0xe0,0xfc,0x4f,0x00,0x18,0x00,0x00,0x00 } },
  { 0x7aef, { 0x00,0x00,0x00,0x00,0x01,0x00,0x08,0x31,0x98,0x0c,0x31,0x98,0x04,0x31,0x98,0x05,0x31,0x98,0x3f,0xbf,0xf8,0x00,0x20,0x18,0x23,0x00,0x04,0x33,0x7f,0xfe,0x13,0x03,0x00,0x12,0x02,0x00,0x1a,0x06,0x00,0x1e,0x3f,0xfc,0x1e,0x36,0xcc,0x04,0xb6,0xcc,0x07,0xb6,0xcc,0x7c,0x36,0xcc,0x70,0x36,0xcc,0x00,0x36,0xcc,0x00,0x36,0xcc,0x00,0x36,0x7c,0x00,0x20,0x18,0x00,0x00,0x00 } },
  { 0x77ed, { 0x00,0x00,0x00,0x18,0x00,0x00,0x18,0x00,0x10,0x18,0x7f,0xf8,0x30,0x00,0x00,0x3f,0x80,0x00,0x2c,0x00,0x20,0x6c,0x3f,0xf0,0x4c,0x30,0x60,0x0c,0x30,0x60,0x0c,0xb0,0x60,0x7f,0xf0,0x60,0x0c,0x3f,0xe0,0x0c,0x30,0x60,0x0c,0x00,0x00,0x0e,0x10,0x60,0x0b,0x18,0xe0,0x19,0x88,0xc0,0x19,0x8c,0xc0,0x30,0x8c,0x80,0x30,0x08,0x88,0x60,0xff,0xfc,0x40,0x00,0x00,0x00,0x00,0x00 } },
  { 0x6bb5, { 0x00,0x00,0x00,0x00,0x60,0x00,0x1b,0xef,0xe0,0x1c,0x0c,0x60,0x18,0x0c,0x60,0x18,0x0c,0x60,0x1f,0xcc,0x60,0x18,0x0c,0x64,0x18,0x08,0x7c,0x18,0x10,0x00,0x18,0x3f,0xf0,0x1f,0xc8,0x30,0x18,0x04,0x60,0x18,0x04,0x60,0x18,0x36,0xe0,0x1b,0xe3,0xc0,0x7e,0x03,0x80,0x78,0x03,0x80,0x18,0x06,0xe0,0x18,0x1c,0x78,0x18,0x70,0x3e,0x19,0x80,0x0c,0x00,0x00,0x00,0x00,0x00,0x00 } },
  { 0x65ad, { 0x00,0x00,0x00,0x61,0x80,0x10,0x61,0x80,0xf8,0x61,0xa7,0xc0,0x69,0xb6,0x00,0x6d,0xe6,0x00,0x65,0xc6,0x00,0x61,0x86,0x08,0x7f,0xf7,0xfc,0x63,0x86,0x60,0x63,0x86,0x60,0x67,0xe6,0x60,0x67,0xb6,0x60,0x65,0xb6,0x60,0x69,0x94,0x60,0x79,0x8c,0x60,0x61,0x8c,0x60,0x61,0x48,0x60,0x7f,0xf8,0x60,0x20,0x10,0x60,0x00,0x20,0x60,0x00,0x40,0x00,0x00,0x00,0x00,0x00,0x00,0x00 } },
  { 0x5806, { 0x00,0x00,0x00,0x04,0x01,0x80,0x0e,0x0e,0xc0,0x0c,0x0c,0xe0,0x0c,0x18,0x48,0x0c,0x1f,0xfc,0x0c,0x11,0x80,0x7f,0xb1,0x80,0x0c,0x31,0x80,0x0c,0x71,0x88,0x0c,0xff,0xfc,0x0c,0xb1,0x80,0x0d,0x31,0x80,0x0c,0x31,0x88,0x0c,0x3f,0xfc,0x0f,0xb1,0x80,0x1e,0x31,0x80,0x78,0x31,0x80,0x20,0x31,0x80,0x00,0x31,0x84,0x00,0x3f,0xfe,0x00,0x30,0x00,0x00,0x30,0x00,0x00,0x00,0x00 } },
  { 0x5bf9, { 0x00,0x00,0x00,0x00,0x00,0x60,0x00,0x00,0x70,0x00,0x40,0x60,0x3f,0xe0,0x60,0x00,0xe0,0x60,0x00,0xc0,0x64,0x10,0xff,0xfe,0x18,0xc0,0x60,0x0d,0x80,0x60,0x05,0x88,0x60,0x07,0x0c,0x60,0x03,0x06,0x60,0x03,0x86,0x60,0x07,0x84,0x60,0x0c,0xc0,0x60,0x0c,0xc0,0x60,0x18,0xe0,0x60,0x30,0x60,0x60,0x60,0x47,0xe0,0x40,0x01,0xe0,0x00,0x00,0xc0,0x00,0x00,0x00,0x00,0x00,0x00 } },
  { 0x591a, { 0x00,0x00,0x00,0x00,0x18,0x00,0x00,0x38,0x00,0x00,0x30,0x00,0x00,0xff,0xf0,0x01,0xc0,0x70,0x03,0x60,0xe0,0x0e,0x31,0xc0,0x10,0x33,0x00,0x00,0x0e,0x00,0x00,0x38,0x00,0x01,0xfc,0x00,0x1f,0x1c,0x00,0x00,0x3f,0xf8,0x00,0xe0,0x1c,0x01,0xe0,0x30,0x07,0x30,0x60,0x1c,0x31,0xc0,0x00,0x33,0x80,0x00,0x1e,0x00,0x00,0x38,0x00,0x03,0xe0,0x00,0x3e,0x00,0x00,0x00,0x00,0x00 } },
  { 0x8eb2, { 0x00,0x00,0x00,0x03,0x00,0x00,0x03,0x00,0x00,0x02,0x07,0xf0,0x1f,0xe6,0x30,0x18,0x66,0x30,0x18,0x66,0x30,0x1f,0xe6,0x30,0x18,0x66,0x30,0x18,0x65,0xb0,0x1f,0xe9,0xbe,0x18,0x71,0x84,0x18,0x7f,0xfc,0x18,0x61,0xc0,0x7f,0xe3,0xc0,0x01,0xe3,0xe0,0x01,0xe7,0xa0,0x03,0x65,0xb0,0x0e,0x6d,0x9c,0x18,0x79,0x8e,0x70,0x71,0x84,0x03,0xc1,0x80,0x00,0xc0,0x80,0x00,0x00,0x00 } },
  { 0x6441, { 0x00,0x00,0x00,0x0e,0x00,0x08,0x0e,0x3f,0xfc,0x0e,0x31,0x18,0x0e,0x31,0x98,0x0e,0x31,0x98,0x7f,0xbf,0xf8,0x0e,0x31,0x18,0x0e,0x33,0xd8,0x0e,0x33,0x78,0x0f,0xb6,0x78,0x0f,0x3c,0x3c,0x1e,0x3f,0xfc,0x7e,0x30,0x18,0x6e,0x03,0x00,0x0e,0x49,0x90,0x0e,0x5d,0x8c,0x0e,0x59,0x9e,0x0e,0xd8,0x16,0x0f,0xd8,0x16,0x7e,0x9d,0xf8,0x3c,0x0f,0xf0,0x08,0x00,0x00,0x00,0x00,0x00 } },
  { 0x800c, { 0x00,0x00,0x00,0x00,0x00,0x0c,0x7f,0xff,0xfe,0x00,0x18,0x00,0x00,0x30,0x00,0x00,0x30,0x00,0x00,0x20,0x10,0x1f,0xff,0xf8,0x18,0xc6,0x38,0x18,0xc6,0x38,0x18,0xc6,0x38,0x18,0xc6,0x38,0x18,0xc6,0x38,0x18,0xc6,0x38,0x18,0xc6,0x38,0x18,0xc6,0x38,0x18,0xc6,0x38,0x18,0xc6,0x38,0x18,0xc6,0x38,0x18,0xc6,0xb8,0x18,0x44,0xf0,0x00,0x00,0x30,0x00,0x00,0x00,0x00,0x00,0x00 } },
  { 0x4e8c, { 0x00,0x00,0x00,0x00,0x00,0x00,0x00,0x00,0x00,0x00,0x00,0x00,0x00,0x00,0x20,0x0f,0xff,0xf0,0x00,0x00,0x00,0x00,0x00,0x00,0x00,0x00,0x00,0x00,0x00,0x00,0x00,0x00,0x00,0x00,0x00,0x00,0x00,0x00,0x00,0x00,0x00,0x00,0x00,0x00,0x00,0x00,0x00,0x00,0x00,0x00,0x00,0x00,0x00,0x18,0x3f,0xff,0xfc,0x20,0x00,0x00,0x00,0x00,0x00,0x00,0x00,0x00,0x00,0x00,0x00,0x00,0x00,0x00 } },
  { 0x53d1, { 0x00,0x00,0x00,0x00,0x62,0x00,0x00,0x61,0x80,0x0e,0x60,0xc0,0x0c,0x60,0x60,0x0c,0x60,0x60,0x18,0x60,0x08,0x3f,0xff,0xfc,0x10,0xc0,0x00,0x00,0xc0,0x00,0x00,0xc0,0x00,0x00,0xff,0xf0,0x01,0xa0,0x60,0x01,0xb0,0xc0,0x01,0x10,0xc0,0x03,0x19,0x80,0x02,0x0f,0x00,0x06,0x06,0x00,0x0c,0x0f,0x00,0x08,0x19,0xc0,0x10,0x70,0xf8,0x21,0xc0,0x3e,0x47,0x00,0x0c,0x00,0x00,0x00 } },
  { 0x6cd5, { 0x00,0x00,0x00,0x00,0x03,0x00,0x18,0x03,0x00,0x0c,0x03,0x00,0x0e,0x03,0x00,0x06,0x83,0x00,0x00,0xff,0xf8,0x41,0x03,0x00,0x61,0x03,0x00,0x33,0x03,0x00,0x1a,0x03,0x00,0x1a,0x03,0x04,0x06,0xff,0xfe,0x04,0x06,0x00,0x0c,0x07,0x00,0x0c,0x0e,0x00,0x78,0x0c,0x00,0x18,0x18,0x60,0x18,0x30,0x30,0x18,0x20,0x18,0x18,0xff,0xfc,0x18,0xff,0x0c,0x18,0xe0,0x0c,0x00,0x00,0x00 } },
  { 0x7ffb, { 0x00,0x00,0x00,0x00,0xc0,0x00,0x0f,0xef,0xfc,0x3f,0x49,0xac,0x1b,0x61,0x8c,0x1b,0xc1,0x8c,0x0b,0x89,0xcc,0x3f,0xfd,0xac,0x27,0x07,0xbc,0x0f,0xe7,0xbc,0x1b,0x61,0x8c,0x33,0x21,0x8c,0x7f,0xe3,0x9c,0x5b,0x67,0xec,0x1b,0x6d,0xec,0x1b,0x69,0x8c,0x1f,0xe1,0x8c,0x1b,0x61,0x8c,0x1b,0x61,0x8c,0x1f,0xe7,0xec,0x38,0x67,0xbc,0x30,0x03,0x18,0x00,0x00,0x00,0x00,0x00,0x00 } },
  { 0x70e6, { 0x00,0x00,0x00,0x06,0x00,0x08,0x06,0x7f,0xfc,0x06,0x03,0x00,0x06,0x03,0x00,0x06,0x82,0x00,0x06,0xc2,0x00,0x17,0xbf,0xf8,0x37,0x30,0x18,0x36,0x31,0x98,0x66,0x31,0x98,0x66,0x31,0x98,0x06,0x31,0x98,0x06,0x31,0x98,0x06,0x33,0x18,0x0f,0x33,0x18,0x0d,0xb3,0x18,0x0c,0xd3,0x00,0x08,0xc6,0x70,0x18,0x4e,0x18,0x10,0x1c,0x0c,0x20,0x70,0x0c,0x41,0xc0,0x04,0x00,0x00,0x00 } },
  { 0x53cd, { 0x00,0x00,0x00,0x00,0x00,0x70,0x00,0x1f,0xf0,0x07,0xfe,0x00,0x06,0x00,0x00,0x06,0x00,0x00,0x06,0x00,0x00,0x06,0x00,0x00,0x07,0xff,0xf0,0x06,0x40,0x30,0x06,0x40,0x60,0x06,0x60,0x60,0x06,0x30,0xc0,0x0c,0x11,0xc0,0x0c,0x19,0x80,0x0c,0x0f,0x00,0x0c,0x06,0x00,0x18,0x0f,0x80,0x18,0x39,0xe0,0x30,0xe0,0xfc,0x23,0x80,0x3e,0x4c,0x00,0x08,0x00,0x00,0x00,0x00,0x00,0x00 } },
  { 0x8fd4, { 0x00,0x00,0x00,0x08,0x00,0x30,0x0c,0x07,0xf0,0x0e,0x7e,0x00,0x06,0x60,0x00,0x04,0x60,0x00,0x00,0x60,0x00,0x00,0x7f,0xf0,0x04,0x60,0x30,0x7e,0x60,0x60,0x06,0x68,0x60,0x06,0x6e,0xc0,0x06,0x63,0xc0,0x06,0x41,0xc0,0x06,0x43,0xf0,0x06,0xc6,0x38,0x06,0x8c,0x18,0x07,0x18,0x08,0x0e,0x60,0x00,0x39,0x80,0x00,0x70,0xff,0xfe,0x20,0x3f,0xfc,0x00,0x00,0x00,0x00,0x00,0x00 } },
  { 0x8303, { 0x00,0x00,0x00,0x01,0x86,0x00,0x01,0x86,0x10,0x7f,0xff,0xf8,0x01,0x86,0x00,0x01,0x86,0x00,0x11,0x84,0x00,0x0c,0x00,0x40,0x0c,0x7f,0xe0,0x05,0xe0,0xc0,0x45,0x60,0xc0,0x33,0x60,0xc0,0x32,0x60,0xc0,0x12,0x60,0xc0,0x06,0x60,0xc0,0x0c,0x63,0xc0,0x7c,0x61,0x98,0x1c,0x60,0x18,0x1c,0x60,0x18,0x1c,0x60,0x1c,0x1c,0x3f,0xf8,0x18,0x00,0x00,0x00,0x00,0x00,0x00,0x00,0x00 } },
  { 0x65b9, { 0x00,0x00,0x00,0x00,0x30,0x00,0x00,0x18,0x00,0x00,0x1c,0x00,0x00,0x08,0x0c,0x7f,0xff,0xfe,0x00,0x30,0x00,0x00,0x30,0x00,0x00,0x30,0x00,0x00,0x70,0x00,0x00,0x7f,0xe0,0x00,0x60,0x60,0x00,0x60,0x60,0x00,0xe0,0x60,0x00,0xc0,0xe0,0x00,0xc0,0xc0,0x01,0x80,0xc0,0x03,0x00,0xc0,0x06,0x00,0xc0,0x0c,0x19,0xc0,0x18,0x0f,0x80,0x20,0x07,0x00,0x00,0x00,0x00,0x00,0x00,0x00 } },
  { 0x9632, { 0x00,0x00,0x00,0x00,0x04,0x00,0x00,0x82,0x00,0x3f,0xc3,0x00,0x31,0x83,0x04,0x31,0xff,0xfc,0x33,0x4c,0x00,0x32,0x0c,0x00,0x32,0x0c,0x00,0x34,0x0c,0x10,0x32,0x0f,0xf8,0x31,0x0c,0x18,0x31,0x8c,0x30,0x31,0x8c,0x30,0x31,0xcc,0x30,0x31,0x88,0x30,0x3f,0x98,0x30,0x37,0x18,0x30,0x30,0x30,0x30,0x30,0x60,0x30,0x30,0xc3,0xe0,0x31,0x80,0xe0,0x32,0x00,0x80,0x00,0x00,0x00 } },
  { 0x653e, { 0x00,0x00,0x00,0x04,0x03,0x00,0x06,0x03,0x80,0x03,0x03,0x00,0x03,0x83,0x00,0x01,0x12,0x00,0x7f,0xff,0xfc,0x0c,0x06,0x38,0x0c,0x04,0x30,0x0c,0x0e,0x30,0x0f,0xea,0x30,0x0c,0x6a,0x30,0x0c,0x62,0x60,0x0c,0x63,0x60,0x0c,0x61,0x60,0x0c,0x61,0xc0,0x08,0x61,0xc0,0x18,0x61,0xc0,0x18,0x63,0x60,0x17,0xc6,0x30,0x33,0xcc,0x1c,0x61,0xb0,0x0e,0x40,0x60,0x00,0x00,0x00,0x00 } },
  { 0x975e, { 0x00,0x00,0x00,0x00,0x8e,0x00,0x00,0xcc,0x00,0x00,0xcc,0x00,0x00,0xcc,0x10,0x7f,0xcf,0xf8,0x00,0xcc,0x00,0x00,0xcc,0x00,0x00,0xcc,0x00,0x00,0xcc,0x10,0x3f,0xcf,0xf8,0x00,0xcc,0x00,0x00,0xcc,0x00,0x00,0xcc,0x00,0x00,0xcc,0x08,0x7f,0xcf,0xfc,0x00,0xcc,0x00,0x00,0xcc,0x00,0x00,0xcc,0x00,0x00,0xcc,0x00,0x00,0xce,0x00,0x00,0x84,0x00,0x00,0x00,0x00,0x00,0x00,0x00 } },
  { 0x5e9f, { 0x00,0x00,0x00,0x00,0x18,0x00,0x00,0x1c,0x00,0x00,0x0c,0x08,0x1f,0xff,0xfc,0x18,0x00,0x00,0x18,0x8f,0x80,0x19,0xcc,0xe0,0x19,0x8c,0x60,0x19,0x8c,0x2c,0x1b,0xff,0xfe,0x19,0x18,0x00,0x18,0x18,0x00,0x18,0x1f,0xf0,0x18,0x38,0x60,0x18,0x38,0xc0,0x18,0x64,0xc0,0x10,0xc7,0x80,0x11,0x83,0x00,0x33,0x07,0x80,0x26,0x1c,0xe0,0x68,0x70,0x7e,0x43,0x80,0x18,0x00,0x00,0x00 } },
  { 0x5206, { 0x00,0x00,0x00,0x00,0x06,0x00,0x00,0xe2,0x00,0x00,0xc2,0x00,0x01,0x83,0x00,0x01,0x81,0x00,0x03,0x01,0x80,0x06,0x00,0xc0,0x0c,0x00,0xe0,0x08,0x00,0x78,0x37,0xff,0xfe,0x60,0x60,0xcc,0x00,0x60,0xc0,0x00,0x60,0xc0,0x00,0x61,0xc0,0x00,0xc1,0x80,0x00,0xc1,0x80,0x01,0x81,0x80,0x03,0x01,0x80,0x06,0x1f,0x80,0x0c,0x0f,0x00,0x30,0x06,0x00,0x00,0x00,0x00,0x00,0x00,0x00 } },
  { 0x4efd, { 0x00,0x00,0x00,0x01,0x01,0x80,0x03,0x89,0x80,0x03,0x1c,0x80,0x03,0x18,0x80,0x06,0x18,0xc0,0x06,0x30,0x40,0x0c,0x20,0x60,0x0e,0x60,0x30,0x1c,0xc0,0x38,0x3c,0x80,0x1e,0x2d,0x3f,0xec,0x4c,0x0c,0x60,0x0c,0x0c,0x60,0x0c,0x18,0x60,0x0c,0x18,0x60,0x0c,0x18,0x60,0x0c,0x10,0x60,0x0c,0x30,0x60,0x0c,0x67,0xe0,0x0c,0xc3,0xc0,0x0f,0x00,0x80,0x00,0x00,0x00,0x00,0x00,0x00 } },
  { 0x5c01, { 0x00,0x00,0x00,0x03,0x00,0x20,0x03,0x00,0x30,0x03,0x00,0x30,0x03,0x20,0x30,0x3f,0xf0,0x30,0x03,0x00,0x30,0x03,0x00,0x34,0x03,0x1f,0xfe,0x03,0x10,0x30,0x7f,0xf8,0x30,0x00,0x04,0x30,0x03,0x06,0x30,0x03,0x03,0x30,0x03,0x23,0xb0,0x3f,0xf3,0x30,0x03,0x00,0x30,0x03,0x00,0x30,0x03,0x00,0x30,0x03,0xf8,0x30,0x7f,0xc3,0xf0,0x7c,0x01,0xe0,0x20,0x00,0x60,0x00,0x00,0x00 } },
  { 0x5426, { 0x00,0x00,0x00,0x00,0x00,0x18,0x1f,0xff,0xfc,0x00,0x18,0x00,0x00,0x38,0x00,0x00,0x78,0x00,0x00,0xdb,0x00,0x01,0x99,0xe0,0x03,0x18,0x78,0x06,0x18,0x1c,0x18,0x18,0x0c,0x20,0x18,0x04,0x00,0x00,0x00,0x03,0xff,0xf0,0x03,0x00,0x60,0x03,0x00,0x60,0x03,0x00,0x60,0x03,0x00,0x60,0x03,0x00,0x60,0x03,0xff,0xe0,0x03,0x00,0x60,0x03,0x00,0x60,0x00,0x00,0x00,0x00,0x00,0x00 } },
  { 0x670d, { 0x00,0x00,0x00,0x1f,0xcf,0xf8,0x18,0xec,0x18,0x18,0xcc,0x18,0x18,0xcc,0x18,0x18,0xcc,0x10,0x1f,0xcc,0xf0,0x18,0xcc,0x70,0x18,0xcc,0x00,0x18,0xcc,0x00,0x18,0xcf,0xfc,0x18,0xcf,0x18,0x1f,0xcd,0x18,0x18,0xcd,0x10,0x18,0xcd,0xb0,0x18,0xcc,0xb0,0x18,0xcc,0xe0,0x10,0xcc,0x60,0x30,0xcc,0xb8,0x27,0xcd,0x1e,0x63,0xcc,0x0c,0x40,0x88,0x00,0x00,0x00,0x00,0x00,0x00,0x00 } },
  { 0x7b26, { 0x00,0x00,0x00,0x02,0x01,0x00,0x07,0x01,0x80,0x06,0x13,0x00,0x0f,0xfb,0xfc,0x0c,0x86,0x60,0x18,0xc4,0x30,0x30,0x48,0x30,0x21,0x90,0x40,0x03,0x80,0x60,0x03,0x00,0x64,0x06,0x7f,0xfe,0x0e,0x40,0x60,0x1e,0x20,0x60,0x36,0x18,0x60,0x66,0x1c,0x60,0x06,0x0c,0x60,0x06,0x08,0x60,0x06,0x00,0x60,0x06,0x00,0x60,0x06,0x00,0x60,0x06,0x03,0xc0,0x06,0x00,0xc0,0x00,0x00,0x00 } },
  { 0x5e45, { 0x0c,0x00,0x00,0x0c,0x00,0x08,0x0c,0x7f,0xfc,0x0c,0x00,0x00,0x7f,0x80,0x00,0x4d,0x9f,0xf0,0x4d,0x98,0x60,0x4d,0x98,0x60,0x4d,0x9f,0xe0,0x4d,0x98,0x60,0x4d,0x90,0x00,0x4d,0xff,0xf8,0x4d,0xe3,0x18,0x4d,0xe3,0x18,0x4f,0xe3,0x18,0x4f,0x7f,0xf8,0x4c,0x63,0x18,0x0c,0x63,0x18,0x0c,0x63,0x18,0x0c,0x7f,0xf8,0x0c,0x60,0x18,0x0c,0x60,0x18,0x08,0x20,0x10,0x00,0x00,0x00 } },
  { 0x9644, { 0x00,0x00,0x00,0x00,0x18,0x60,0x7f,0x1c,0x60,0x73,0x18,0x60,0x32,0x30,0x60,0x36,0x30,0x60,0x36,0x20,0x60,0x34,0x70,0x68,0x3c,0x67,0xfc,0x34,0xe4,0x60,0x36,0xa0,0x60,0x33,0x24,0x60,0x33,0x23,0x60,0x33,0x23,0x60,0x33,0x21,0x60,0x3f,0x20,0x60,0x3e,0x20,0x60,0x34,0x20,0x60,0x30,0x20,0x60,0x30,0x30,0x60,0x70,0x33,0xe0,0x70,0x20,0xe0,0x60,0x00,0x00,0x00,0x00,0x00 } },
  { 0x590d, { 0x00,0x00,0x00,0x01,0x80,0x00,0x01,0x80,0x18,0x03,0xff,0xfc,0x06,0x00,0x00,0x06,0x00,0x00,0x0b,0xff,0xe0,0x13,0x00,0x60,0x63,0x00,0x60,0x03,0xff,0xe0,0x03,0x00,0x60,0x03,0x00,0x60,0x03,0xff,0xe0,0x03,0xc0,0x40,0x01,0xff,0xe0,0x01,0xc0,0xe0,0x03,0x61,0x80,0x06,0x37,0x00,0x0c,0x1e,0x00,0x10,0x3e,0x00,0x00,0xf7,0xc0,0x07,0xc1,0xfe,0x3c,0x00,0x3c,0x00,0x00,0x00 } },
  { 0x8d4b, { 0x00,0x00,0x00,0x00,0x00,0xc0,0x00,0x00,0xc0,0x3f,0x80,0xd0,0x31,0xbf,0xd8,0x31,0x80,0xcc,0x3d,0x80,0xc8,0x3d,0x80,0xc4,0x3d,0xff,0xfe,0x3d,0x84,0xc0,0x3d,0x86,0xc0,0x3d,0x86,0x40,0x3d,0xb6,0x40,0x3d,0xb7,0x60,0x3d,0xb7,0x60,0x3d,0x36,0x60,0x2c,0x36,0x60,0x0e,0x36,0x30,0x1b,0x37,0xb6,0x19,0xbe,0x1e,0x31,0xf8,0x1e,0x20,0x60,0x0e,0x40,0x00,0x06,0x00,0x00,0x00 } },
  { 0x8986, { 0x00,0x00,0x00,0x3f,0xff,0xfc,0x00,0xc6,0x00,0x00,0xc6,0x00,0x1f,0xff,0xf8,0x18,0xc6,0x10,0x1f,0xff,0xf0,0x1a,0x18,0x18,0x07,0x3f,0xfc,0x06,0x30,0x00,0x0f,0x7f,0xf8,0x33,0x70,0x30,0x66,0xbf,0xf0,0x0c,0x30,0x30,0x1c,0x3f,0xf0,0x3c,0x1c,0x00,0x6c,0x1f,0xf0,0x0c,0x60,0x60,0x0c,0xc4,0xc0,0x0c,0x07,0x80,0x0c,0x1c,0xfe,0x0c,0xe0,0x1c,0x00,0x00,0x00,0x00,0x00,0x00 } },
  { 0x8be5, { 0x00,0x00,0x00,0x00,0x0c,0x00,0x18,0x06,0x00,0x0c,0x06,0x00,0x0c,0x02,0x08,0x0d,0xff,0xfc,0x00,0x0e,0x00,0x00,0x0c,0x00,0x08,0x18,0x60,0x7c,0x30,0xe0,0x18,0x63,0xc0,0x18,0x7f,0x80,0x18,0x41,0x90,0x18,0x03,0x38,0x18,0x06,0x30,0x18,0x0c,0x60,0x19,0x98,0xc0,0x1b,0x61,0x80,0x1e,0x83,0xc0,0x1c,0x06,0x30,0x0c,0x1c,0x18,0x00,0x70,0x1c,0x01,0xc0,0x08,0x00,0x00,0x00 } },
  { 0x6539, { 0x00,0x00,0x00,0x00,0x06,0x00,0x00,0x06,0x00,0x00,0x06,0x00,0x7f,0xcc,0x00,0x00,0xcc,0x00,0x00,0xcf,0xf8,0x00,0xd8,0x60,0x00,0xd8,0x60,0x7f,0xf8,0x60,0x60,0xac,0x60,0x60,0x44,0x60,0x60,0x04,0x40,0x60,0x06,0xc0,0x60,0x06,0xc0,0x60,0x23,0x80,0x61,0xc3,0x80,0x67,0x03,0x80,0x7c,0x0c,0xe0,0x70,0x18,0x70,0x20,0x70,0x3c,0x01,0x80,0x00,0x00,0x00,0x00,0x00,0x00,0x00 } },
  { 0x76d6, { 0x00,0x00,0x00,0x01,0x01,0x00,0x01,0xc3,0x80,0x00,0xc3,0x00,0x00,0xc2,0x10,0x1f,0xff,0xf8,0x00,0x18,0x00,0x00,0x18,0x20,0x0f,0xff,0xf0,0x00,0x18,0x00,0x00,0x18,0x00,0x00,0x18,0x08,0x1f,0xff,0xfc,0x10,0x00,0x00,0x0f,0xff,0xf0,0x0c,0x66,0x60,0x0c,0x66,0x60,0x0c,0x66,0x60,0x0c,0x66,0x60,0x0c,0x66,0x60,0x0c,0x66,0x64,0x7f,0xff,0xfe,0x00,0x00,0x00,0x00,0x00,0x00 } },
  { 0x611f, { 0x00,0x00,0x00,0x00,0x03,0x40,0x00,0x03,0x60,0x00,0x03,0x3c,0x0f,0xff,0xfe,0x0c,0x03,0x00,0x0c,0x0b,0x10,0x0f,0xff,0x18,0x08,0x03,0x30,0x18,0x01,0x70,0x19,0xfd,0xe0,0x19,0x99,0xc0,0x19,0x99,0xc4,0x11,0xfb,0xe4,0x31,0x1e,0x3c,0x20,0x08,0x1e,0x40,0x30,0x0e,0x09,0x9c,0x30,0x09,0x8c,0x18,0x19,0x80,0x9c,0x39,0x80,0x88,0x31,0x80,0xc0,0x01,0xff,0x80,0x00,0x00,0x00 } },
  { 0x5e72, { 0x00,0x00,0x00,0x00,0x00,0x30,0x1f,0xff,0xf8,0x00,0x18,0x00,0x00,0x18,0x00,0x00,0x18,0x00,0x00,0x18,0x00,0x00,0x18,0x00,0x00,0x18,0x0c,0x7f,0xff,0xfe,0x00,0x18,0x00,0x00,0x18,0x00,0x00,0x18,0x00,0x00,0x18,0x00,0x00,0x18,0x00,0x00,0x18,0x00,0x00,0x18,0x00,0x00,0x18,0x00,0x00,0x18,0x00,0x00,0x18,0x00,0x00,0x18,0x00,0x00,0x10,0x00,0x00,0x00,0x00,0x00,0x00,0x00 } },
  { 0x521a, { 0x00,0x00,0x00,0x00,0x08,0x0c,0x3f,0xfc,0x0c,0x30,0x0c,0x0c,0x30,0x0c,0xcc,0x30,0x4c,0xcc,0x30,0x6c,0xcc,0x34,0xcc,0xcc,0x32,0xcc,0xcc,0x33,0x8c,0xcc,0x31,0x8c,0xcc,0x31,0xcc,0xcc,0x33,0x6c,0xcc,0x36,0x6c,0xcc,0x34,0x2c,0xcc,0x38,0x2c,0xcc,0x30,0x0c,0xcc,0x30,0x0c,0x0c,0x30,0x0c,0x0c,0x30,0x7c,0x6c,0x30,0x38,0x3c,0x30,0x10,0x18,0x00,0x00,0x00,0x00,0x00,0x00 } },
  { 0x9ad8, { 0x00,0x00,0x00,0x00,0x60,0x00,0x00,0x30,0x00,0x00,0x30,0x08,0x7f,0xff,0xfc,0x00,0x01,0x00,0x07,0xff,0x80,0x06,0x01,0x80,0x06,0x01,0x80,0x07,0xff,0x80,0x06,0x01,0x00,0x00,0x00,0x10,0x3f,0xff,0xf8,0x30,0x00,0x30,0x33,0xfe,0x30,0x33,0x06,0x30,0x33,0x06,0x30,0x33,0x06,0x30,0x33,0xfe,0x30,0x33,0x06,0x30,0x30,0x01,0xb0,0x30,0x00,0xf0,0x20,0x00,0x20,0x00,0x00,0x00 } },
  { 0x641e, { 0x00,0x00,0x00,0x04,0x02,0x00,0x06,0x03,0x00,0x06,0x01,0x80,0x06,0x7f,0xfc,0x06,0x00,0x00,0x7f,0xdf,0xf0,0x06,0x18,0x30,0x06,0x18,0x30,0x06,0x1f,0xf0,0x06,0xd8,0x20,0x07,0x00,0x00,0x1e,0x7f,0xfc,0x7e,0x60,0x0c,0x66,0x6f,0xec,0x06,0x6c,0xcc,0x06,0x6c,0xcc,0x06,0x6c,0xcc,0x06,0x6f,0xcc,0x06,0x6c,0x4c,0x26,0x60,0x0c,0x1c,0x60,0x7c,0x0c,0x60,0x18,0x00,0x00,0x00 } },
  { 0x544a, { 0x00,0x18,0x00,0x03,0x18,0x00,0x03,0x18,0x00,0x06,0x18,0x20,0x07,0xff,0xf0,0x0c,0x18,0x00,0x08,0x18,0x00,0x10,0x18,0x00,0x20,0x18,0x08,0x3f,0xff,0xfc,0x00,0x00,0x00,0x00,0x00,0x00,0x00,0x00,0x40,0x07,0xff,0xe0,0x06,0x00,0x60,0x06,0x00,0x60,0x06,0x00,0x60,0x06,0x00,0x60,0x06,0x00,0x60,0x07,0xff,0xe0,0x06,0x00,0x60,0x06,0x00,0x40,0x06,0x00,0x00,0x00,0x00,0x00 } },
  { 0x683c, { 0x00,0x00,0x00,0x04,0x0c,0x00,0x0e,0x0e,0x00,0x0c,0x0c,0x20,0x0c,0x1f,0xf0,0x0c,0x98,0x60,0x7f,0xf4,0x60,0x0c,0x24,0xc0,0x0c,0x47,0x80,0x0e,0x03,0x80,0x0f,0x03,0x80,0x1d,0x86,0xe0,0x1c,0x88,0x7c,0x1c,0x30,0x3e,0x3c,0xff,0xf0,0x2d,0x18,0x30,0x4c,0x18,0x30,0x0c,0x18,0x30,0x0c,0x18,0x30,0x0c,0x18,0x30,0x0e,0x1f,0xf0,0x0e,0x38,0x30,0x0c,0x30,0x20,0x00,0x00,0x00 } },
  { 0x9694, { 0x00,0x00,0x00,0x00,0x80,0x18,0x3f,0xbf,0xf8,0x31,0x80,0x00,0x33,0x1f,0xf0,0x33,0x18,0x20,0x32,0x18,0x20,0x36,0x1f,0xe0,0x34,0x18,0x20,0x34,0x00,0x00,0x32,0x7f,0xfc,0x33,0x68,0x4c,0x31,0x6c,0x6c,0x31,0xe6,0xcc,0x31,0xe4,0xac,0x31,0xef,0xec,0x3f,0x6b,0x0c,0x32,0x63,0x0c,0x30,0x63,0x0c,0x30,0x63,0x4c,0x30,0x63,0x38,0x20,0x60,0x18,0x00,0x00,0x00,0x00,0x00,0x00 } },
  { 0x4e2a, { 0x00,0x00,0x00,0x00,0x18,0x00,0x00,0x38,0x00,0x00,0x38,0x00,0x00,0x74,0x00,0x00,0x66,0x00,0x00,0xc3,0x00,0x01,0x81,0x80,0x03,0x98,0xc0,0x07,0x18,0xf0,0x0c,0x18,0x3e,0x18,0x18,0x1e,0x60,0x18,0x00,0x00,0x18,0x00,0x00,0x18,0x00,0x00,0x18,0x00,0x00,0x18,0x00,0x00,0x18,0x00,0x00,0x18,0x00,0x00,0x18,0x00,0x00,0x18,0x00,0x00,0x18,0x00,0x00,0x18,0x00,0x00,0x00,0x00 } },
  { 0x7ed9, { 0x00,0x00,0x00,0x00,0x06,0x00,0x06,0x07,0x00,0x0c,0x07,0x00,0x0c,0x0d,0x00,0x08,0x0c,0x80,0x18,0x98,0xc0,0x11,0xd8,0x60,0x21,0xb0,0x38,0x7f,0x20,0x5e,0x7e,0x5f,0xee,0x06,0x80,0x00,0x0c,0x00,0x00,0x18,0x00,0x00,0x11,0xbf,0xf0,0x3f,0x30,0x30,0x38,0x30,0x30,0x00,0x30,0x30,0x00,0xf0,0x30,0x1f,0x30,0x30,0x7c,0x3f,0xf0,0x20,0x30,0x30,0x00,0x30,0x20,0x00,0x00,0x00 } },
  { 0x6839, { 0x00,0x00,0x00,0x06,0x00,0x10,0x06,0x3f,0xf8,0x06,0x30,0x30,0x06,0x30,0x30,0x06,0x30,0x30,0x7f,0xff,0xf0,0x06,0x30,0x30,0x0e,0x30,0x30,0x0e,0x30,0x30,0x0f,0xb0,0x30,0x0f,0xbf,0xf8,0x1e,0xf2,0x18,0x16,0xb2,0x1c,0x36,0x32,0x38,0x26,0x33,0x60,0x66,0x31,0x80,0x06,0x31,0x80,0x06,0x30,0xc0,0x06,0x33,0x70,0x06,0x3e,0x3c,0x06,0x38,0x1e,0x06,0x10,0x08,0x00,0x00,0x00 } },
  { 0x8ddf, { 0x00,0x00,0x00,0x00,0x00,0x00,0x1f,0xcf,0xf8,0x18,0xcc,0x18,0x18,0xcc,0x18,0x18,0xcc,0x18,0x18,0xcc,0x18,0x18,0xcf,0xf8,0x1f,0xcc,0x18,0x16,0xcc,0x18,0x06,0x0c,0x18,0x16,0x0f,0xf8,0x3e,0x4f,0x18,0x37,0xed,0x0c,0x36,0x0d,0x1c,0x36,0x0d,0xb0,0x36,0x0c,0xc0,0x36,0x2c,0xc0,0x37,0xcd,0x60,0x3e,0x0f,0x38,0x78,0x0c,0x1e,0x60,0x08,0x0c,0x00,0x00,0x00,0x00,0x00,0x00 } },
  { 0x66f4, { 0x00,0x00,0x00,0x00,0x00,0x08,0x3f,0xff,0xfc,0x00,0x18,0x00,0x00,0x18,0x20,0x0f,0xff,0xf0,0x0c,0x18,0x30,0x0c,0x18,0x30,0x0f,0xff,0xf0,0x0c,0x18,0x30,0x0c,0x18,0x30,0x0c,0x18,0x30,0x0f,0xff,0xf0,0x0c,0x18,0x20,0x01,0x18,0x00,0x01,0xb0,0x00,0x00,0xf0,0x00,0x00,0x70,0x00,0x00,0xf0,0x00,0x01,0xfc,0x00,0x0f,0x8f,0xfe,0x7c,0x01,0xfc,0x00,0x00,0x00,0x00,0x00,0x00 } },
  { 0x5de5, { 0x00,0x00,0x00,0x00,0x00,0x00,0x00,0x00,0x00,0x00,0x00,0x10,0x1f,0xff,0xf8,0x00,0x18,0x00,0x00,0x18,0x00,0x00,0x18,0x00,0x00,0x18,0x00,0x00,0x18,0x00,0x00,0x18,0x00,0x00,0x18,0x00,0x00,0x18,0x00,0x00,0x18,0x00,0x00,0x18,0x00,0x00,0x18,0x00,0x00,0x18,0x00,0x00,0x18,0x00,0x00,0x18,0x00,0x00,0x18,0x08,0x3f,0xff,0xfc,0x00,0x00,0x00,0x00,0x00,0x00,0x00,0x00,0x00 } },
  { 0x516c, { 0x00,0x00,0x00,0x00,0x0c,0x00,0x01,0xcc,0x00,0x01,0xc4,0x00,0x01,0x86,0x00,0x03,0x06,0x00,0x03,0x03,0x00,0x06,0x03,0x00,0x0c,0x01,0x80,0x08,0x30,0xc0,0x10,0x30,0xf0,0x20,0x60,0x7c,0x40,0x60,0x30,0x00,0xc0,0x00,0x01,0x84,0x00,0x01,0x86,0x00,0x03,0x03,0x00,0x06,0x01,0x80,0x0c,0x01,0xc0,0x1f,0xff,0xc0,0x1f,0x80,0xe0,0x00,0x00,0x40,0x00,0x00,0x00,0x00,0x00,0x00 } },
  { 0x529f, { 0x00,0x00,0x00,0x00,0x01,0x80,0x00,0x01,0x80,0x00,0x01,0x80,0x00,0x21,0x80,0x3f,0xf1,0x80,0x03,0x01,0x80,0x03,0x1f,0xfc,0x03,0x01,0x8c,0x03,0x01,0x0c,0x03,0x03,0x0c,0x03,0x03,0x0c,0x03,0x03,0x0c,0x03,0x03,0x0c,0x03,0x02,0x0c,0x03,0x76,0x0c,0x07,0xc6,0x0c,0x7e,0x0c,0x18,0x38,0x18,0x18,0x00,0x10,0x18,0x00,0x63,0xf8,0x00,0xc0,0xf8,0x01,0x00,0x30,0x00,0x00,0x00 } },
  { 0x4f9b, { 0x03,0x18,0xc0,0x03,0x98,0xe0,0x03,0x18,0xc0,0x06,0x18,0xc0,0x06,0x18,0xc0,0x04,0x18,0xc8,0x0c,0xff,0xfc,0x0e,0x18,0xc0,0x1c,0x18,0xc0,0x3c,0x18,0xc0,0x2c,0x18,0xc0,0x4c,0x18,0xc0,0x4c,0x18,0xc4,0x0d,0xff,0xfe,0x0c,0x00,0x00,0x0c,0x00,0x00,0x0c,0x18,0xc0,0x0c,0x18,0x60,0x0c,0x30,0x38,0x0c,0x60,0x1c,0x0c,0xc0,0x0c,0x0c,0x80,0x0c,0x0f,0x00,0x00,0x00,0x00,0x00 } },
  { 0x5171, { 0x00,0x00,0x00,0x01,0x83,0x00,0x01,0x83,0x00,0x01,0x83,0x00,0x01,0x83,0x08,0x3f,0xff,0xfc,0x01,0x83,0x00,0x01,0x83,0x00,0x01,0x83,0x00,0x01,0x83,0x00,0x01,0x83,0x00,0x01,0x83,0x00,0x01,0x83,0x0c,0x7f,0xff,0xfe,0x00,0xc0,0x00,0x01,0xc2,0x00,0x01,0x81,0x80,0x03,0x00,0xe0,0x06,0x00,0x38,0x0c,0x00,0x18,0x30,0x00,0x0c,0x60,0x00,0x00,0x00,0x00,0x00,0x00,0x00,0x00 } },
  { 0x6784, { 0x00,0x00,0x00,0x06,0x06,0x00,0x06,0x07,0x00,0x06,0x0e,0x00,0x06,0x0c,0x00,0x06,0x8f,0xfc,0x3f,0xd8,0x0c,0x06,0x10,0x0c,0x06,0x30,0x0c,0x0e,0x26,0x0c,0x0f,0xc6,0x0c,0x0f,0xcc,0x0c,0x1e,0xcc,0x0c,0x16,0xc9,0x0c,0x36,0x18,0x8c,0x26,0x30,0xcc,0x66,0x3f,0xfc,0x46,0x30,0x5c,0x06,0x00,0x1c,0x06,0x00,0x18,0x06,0x01,0xf8,0x06,0x00,0xf8,0x06,0x00,0x30,0x00,0x00,0x00 } },
  { 0x591f, { 0x00,0x00,0x00,0x0c,0x01,0x00,0x0c,0x01,0x80,0x0c,0x03,0x00,0x18,0x03,0xfc,0x1f,0xe6,0x1c,0x10,0x6e,0x18,0x30,0x6b,0x30,0x3f,0x61,0x60,0x7b,0x61,0xc0,0x5b,0x63,0x80,0x1b,0x6c,0xc0,0x1b,0x71,0x84,0x1b,0x63,0xfe,0x1f,0x62,0x0c,0x1b,0x66,0x1c,0x18,0x6b,0x18,0x10,0x73,0x30,0x00,0x41,0x60,0x07,0xc0,0xc0,0x03,0xc3,0x80,0x01,0x8e,0x00,0x00,0x78,0x00,0x00,0x00,0x00 } },
  { 0x56fa, { 0x00,0x00,0x00,0x1f,0xff,0xf8,0x18,0x10,0x18,0x18,0x18,0x18,0x18,0x18,0x18,0x18,0x18,0x58,0x1b,0xff,0xf8,0x18,0x18,0x18,0x18,0x18,0x18,0x18,0x18,0x18,0x19,0xff,0x98,0x19,0x81,0x98,0x19,0x81,0x98,0x19,0x81,0x98,0x19,0x81,0x98,0x19,0xff,0x98,0x19,0x81,0x98,0x19,0x81,0x98,0x18,0x00,0x18,0x1f,0xff,0xf8,0x18,0x00,0x18,0x18,0x00,0x18,0x00,0x00,0x00,0x00,0x00,0x00 } },
  { 0x6302, { 0x00,0x00,0x00,0x06,0x03,0x00,0x06,0x03,0x80,0x06,0x03,0x00,0x06,0x03,0x00,0x06,0x83,0x10,0x3f,0xff,0xf8,0x06,0x03,0x00,0x06,0x03,0x00,0x06,0x03,0x04,0x07,0xff,0xfe,0x07,0x02,0x00,0x1e,0x03,0x80,0x7e,0x03,0x00,0x76,0x03,0x00,0x06,0x3f,0xf8,0x06,0x03,0x00,0x06,0x03,0x00,0x06,0x03,0x00,0x06,0x03,0x00,0x3e,0x03,0x04,0x1e,0xff,0xfe,0x0c,0x00,0x00,0x00,0x00,0x00 } },
  { 0x5173, { 0x00,0x00,0x00,0x01,0x01,0x80,0x01,0x81,0xc0,0x00,0xc3,0x00,0x00,0x63,0x00,0x00,0x46,0x18,0x1f,0xff,0xfc,0x00,0x18,0x00,0x00,0x18,0x00,0x00,0x18,0x00,0x00,0x18,0x00,0x00,0x18,0x0c,0x3f,0xff,0xfe,0x00,0x34,0x00,0x00,0x36,0x00,0x00,0x32,0x00,0x00,0x63,0x00,0x00,0xc1,0x80,0x01,0x81,0xc0,0x03,0x00,0xe0,0x06,0x00,0x7c,0x1c,0x00,0x3e,0x70,0x00,0x08,0x00,0x00,0x00 } },
  { 0x7ba1, { 0x00,0x00,0x00,0x06,0x03,0x00,0x06,0x03,0x00,0x0c,0x03,0x08,0x0f,0xf7,0xfc,0x19,0x0c,0xc0,0x11,0x98,0x60,0x21,0x98,0x60,0x1f,0xff,0xfc,0x30,0x00,0x0c,0x30,0x00,0x98,0x23,0xff,0xc0,0x03,0x01,0x80,0x03,0x01,0x80,0x03,0xff,0x80,0x03,0x01,0x80,0x03,0x00,0x40,0x03,0xff,0xe0,0x03,0x00,0xc0,0x03,0x00,0xc0,0x03,0xff,0xc0,0x03,0x00,0xc0,0x02,0x00,0x40,0x00,0x00,0x00 } },
  { 0x60ef, { 0x00,0x00,0x00,0x0c,0x00,0x10,0x0e,0x3f,0xf8,0x0c,0x33,0x30,0x0c,0x33,0x34,0x0c,0xff,0xfe,0x1f,0x33,0x30,0x1d,0xb3,0x30,0x3d,0xbf,0xf0,0x3c,0x20,0x30,0x6c,0x00,0x00,0x6c,0x7f,0xf8,0x0c,0x60,0x18,0x0c,0x63,0x18,0x0c,0x63,0x98,0x0c,0x63,0x18,0x0c,0x63,0x18,0x0c,0x62,0x18,0x0c,0x26,0x80,0x0c,0x04,0x60,0x0c,0x1c,0x38,0x0c,0x70,0x1c,0x0d,0xc0,0x0c,0x00,0x00,0x00 } },
  { 0x5e7f, { 0x00,0x00,0x00,0x00,0x18,0x00,0x00,0x1c,0x00,0x00,0x0c,0x00,0x00,0x0c,0x08,0x1f,0xff,0xfc,0x1c,0x00,0x00,0x0c,0x00,0x00,0x0c,0x00,0x00,0x0c,0x00,0x00,0x0c,0x00,0x00,0x0c,0x00,0x00,0x0c,0x00,0x00,0x18,0x00,0x00,0x18,0x00,0x00,0x18,0x00,0x00,0x18,0x00,0x00,0x18,0x00,0x00,0x10,0x00,0x00,0x30,0x00,0x00,0x20,0x00,0x00,0x60,0x00,0x00,0x40,0x00,0x00,0x00,0x00,0x00 } },
  { 0x5f52, { 0x00,0x00,0x00,0x00,0xc0,0x00,0x00,0xc0,0x00,0x00,0xc0,0x08,0x18,0xff,0xfc,0x18,0xc0,0x1c,0x18,0xc0,0x1c,0x18,0xc0,0x1c,0x18,0xc0,0x1c,0x18,0xc0,0x1c,0x19,0xc0,0x1c,0x19,0x9f,0xfc,0x19,0x80,0x1c,0x19,0x80,0x1c,0x19,0x80,0x1c,0x19,0x80,0x1c,0x19,0x00,0x1c,0x13,0x00,0x1c,0x02,0x00,0x1c,0x06,0x7f,0xfc,0x0c,0x00,0x1c,0x18,0x00,0x1c,0x20,0x00,0x08,0x00,0x00,0x00 } },
  { 0x89c4, { 0x00,0x00,0x00,0x06,0x00,0x00,0x06,0x00,0x08,0x06,0x1f,0xfc,0x06,0x1c,0x18,0x06,0x4c,0x18,0x3f,0xed,0x98,0x06,0x0d,0x98,0x06,0x0d,0x98,0x06,0x0d,0x98,0x06,0x4d,0x98,0x7f,0xed,0x98,0x06,0x0d,0xf8,0x06,0x1d,0xd8,0x07,0x19,0xc8,0x07,0x83,0xc0,0x04,0xc3,0xc0,0x0c,0xe3,0xc4,0x0c,0x66,0xc4,0x18,0x0c,0xc4,0x10,0x18,0xfe,0x20,0x70,0x7e,0x40,0xc0,0x00,0x00,0x00,0x00 } },
  { 0x679c, { 0x00,0x00,0x00,0x07,0xff,0xe0,0x06,0x18,0x70,0x06,0x18,0x60,0x06,0x18,0x60,0x07,0xff,0xe0,0x06,0x18,0x60,0x06,0x18,0x60,0x06,0x18,0x60,0x07,0xff,0xe0,0x06,0x18,0x60,0x04,0x18,0x08,0x3f,0xff,0xfc,0x00,0x7c,0x00,0x00,0x7c,0x00,0x00,0xdb,0x00,0x01,0x99,0x80,0x03,0x18,0xe0,0x0e,0x18,0x78,0x18,0x18,0x3e,0x60,0x18,0x18,0x00,0x18,0x00,0x00,0x00,0x00,0x00,0x00,0x00 } },
  { 0x8fc7, { 0x00,0x00,0x00,0x00,0x00,0xc0,0x18,0x00,0xc0,0x0c,0x00,0xc0,0x0c,0x00,0xc0,0x04,0x00,0xc4,0x00,0xff,0xfe,0x00,0x80,0xc0,0x04,0x40,0xc0,0x7e,0x30,0xc0,0x0e,0x38,0xc0,0x0e,0x18,0xc0,0x0e,0x18,0xc0,0x0e,0x00,0xc0,0x0e,0x00,0xc0,0x0e,0x00,0xc0,0x0e,0x00,0xc0,0x0e,0x07,0xc0,0x0e,0x01,0xc0,0x39,0x80,0x80,0x70,0xff,0xfe,0x20,0x3f,0xfc,0x00,0x00,0x00,0x00,0x00,0x00 } },
  { 0x8fd8, { 0x00,0x00,0x00,0x00,0x00,0x00,0x18,0x00,0x08,0x0c,0xff,0xfc,0x0c,0x03,0x00,0x04,0x03,0x00,0x00,0x06,0x00,0x00,0x06,0x00,0x04,0x0e,0x00,0x7e,0x1e,0x00,0x0c,0x1e,0xc0,0x0c,0x36,0x70,0x0c,0x66,0x38,0x0c,0xc6,0x1c,0x0d,0x86,0x0c,0x0d,0x06,0x04,0x0c,0x06,0x00,0x0c,0x06,0x00,0x1e,0x06,0x00,0x31,0x84,0x00,0x70,0xff,0xfe,0x20,0x3f,0xfc,0x00,0x00,0x00,0x00,0x00,0x00 } },
  { 0x542b, { 0x00,0x00,0x00,0x00,0x18,0x00,0x00,0x38,0x00,0x00,0x38,0x00,0x00,0x64,0x00,0x00,0xc3,0x00,0x01,0xb1,0xc0,0x07,0x18,0xf8,0x0c,0x0c,0x3e,0x38,0x08,0x08,0x63,0xff,0x80,0x00,0x01,0x80,0x00,0x03,0x00,0x00,0x06,0x00,0x00,0x06,0x00,0x03,0xff,0xc0,0x03,0x00,0xc0,0x03,0x00,0xc0,0x03,0x00,0xc0,0x03,0x00,0xc0,0x03,0xff,0xc0,0x03,0x00,0xc0,0x02,0x00,0xc0,0x00,0x00,0x00 } },
  { 0x51fd, { 0x00,0x00,0x00,0x00,0x00,0x00,0x1f,0xff,0xe0,0x00,0x00,0xe0,0x00,0x03,0x80,0x00,0x06,0x00,0x02,0x18,0x80,0x19,0x98,0xd8,0x19,0xd9,0x98,0x18,0xdb,0x18,0x18,0x1c,0x18,0x18,0x1c,0x18,0x18,0x7f,0x18,0x19,0xdb,0x98,0x1f,0x19,0xd8,0x1e,0x18,0xd8,0x18,0x18,0x58,0x18,0xf8,0x18,0x18,0x30,0x18,0x3f,0xff,0xf8,0x10,0x00,0x18,0x00,0x00,0x18,0x00,0x00,0x00,0x00,0x00,0x00 } },
  { 0x558a, { 0x00,0x00,0x00,0x00,0x01,0x80,0x00,0x01,0xc0,0x00,0x01,0xa0,0x00,0x01,0xb8,0x7e,0xff,0xfc,0x66,0xc1,0x80,0x66,0xc1,0x80,0x66,0xff,0x80,0x66,0xc1,0x98,0x66,0xc1,0x98,0x66,0xbf,0x90,0x66,0xb5,0xb0,0x7f,0xb5,0xb0,0x67,0xb4,0xe0,0x65,0xb4,0xe0,0x61,0xbe,0xc0,0x01,0x34,0xc4,0x03,0x21,0xe4,0x02,0x03,0x7c,0x04,0x06,0x3c,0x08,0x0c,0x1c,0x10,0x10,0x0c,0x00,0x00,0x00 } },
  { 0x6c49, { 0x00,0x00,0x00,0x18,0x00,0x00,0x0c,0x7f,0xf0,0x06,0x20,0x30,0x06,0xb0,0x30,0x00,0xb0,0x60,0x61,0x10,0x60,0x31,0x10,0x60,0x39,0x18,0xc0,0x1a,0x18,0xc0,0x12,0x08,0xc0,0x06,0x0d,0x80,0x04,0x0d,0x80,0x0c,0x07,0x00,0x0c,0x07,0x00,0x78,0x07,0x00,0x18,0x0f,0x80,0x18,0x18,0xc0,0x18,0x30,0xf0,0x18,0x60,0x3c,0x19,0xc0,0x1e,0x07,0x00,0x08,0x00,0x00,0x00,0x00,0x00,0x00 } },
  { 0x6beb, { 0x00,0x00,0x00,0x00,0x30,0x00,0x00,0x18,0x00,0x00,0x18,0x08,0x3f,0xff,0xfc,0x00,0x00,0x00,0x03,0xff,0xc0,0x03,0x00,0xc0,0x03,0x00,0xc0,0x03,0xff,0xc0,0x12,0x00,0xc4,0x3f,0xff,0xfe,0x30,0x00,0x0c,0x70,0x03,0xe8,0x03,0xff,0xe0,0x0f,0xb0,0x40,0x00,0xff,0xe0,0x1f,0xf8,0x10,0x00,0x3f,0xfc,0x3f,0xfe,0x04,0x00,0x30,0x04,0x00,0x3f,0xee,0x00,0x1f,0xfc,0x00,0x00,0x00 } },
  { 0x597d, { 0x00,0x00,0x00,0x06,0x00,0x00,0x06,0x00,0x00,0x06,0x1f,0xf8,0x06,0x00,0x38,0x04,0x00,0x20,0x7f,0xe0,0x40,0x0c,0xc1,0xc0,0x0c,0xc1,0xc0,0x0c,0xc1,0x80,0x08,0xc1,0x84,0x18,0xff,0xfe,0x19,0x81,0x80,0x19,0x81,0x80,0x31,0x81,0x80,0x1d,0x01,0x80,0x03,0x81,0x80,0x06,0xe1,0x80,0x0c,0x61,0x80,0x18,0x29,0x80,0x30,0x0f,0x80,0x40,0x03,0x00,0x00,0x00,0x00,0x00,0x00,0x00 } },
  { 0x53f7, { 0x00,0x00,0x00,0x03,0xff,0xc0,0x03,0x00,0xe0,0x03,0x00,0xc0,0x03,0x00,0xc0,0x03,0x00,0xc0,0x03,0x00,0xc0,0x03,0xff,0xc0,0x03,0x00,0x48,0x3f,0xff,0xfc,0x00,0xc0,0x00,0x00,0xc0,0x00,0x01,0x80,0x00,0x01,0xff,0xe0,0x01,0x00,0x60,0x00,0x00,0x60,0x00,0x00,0xc0,0x00,0x00,0xc0,0x00,0x00,0xc0,0x00,0x1f,0xc0,0x00,0x0f,0x80,0x00,0x07,0x00,0x00,0x00,0x00,0x00,0x00,0x00 } },
  { 0x5408, { 0x00,0x00,0x00,0x00,0x18,0x00,0x00,0x38,0x00,0x00,0x38,0x00,0x00,0x74,0x00,0x00,0x66,0x00,0x00,0xc3,0x00,0x01,0x81,0x80,0x03,0x00,0xe0,0x0e,0x00,0xfc,0x1b,0xff,0xde,0x70,0x00,0x08,0x00,0x00,0x00,0x00,0x00,0x00,0x03,0xff,0xc0,0x03,0x00,0xc0,0x03,0x00,0xc0,0x03,0x00,0xc0,0x03,0x00,0xc0,0x03,0x00,0xc0,0x03,0xff,0xc0,0x03,0x00,0xc0,0x03,0x00,0xc0,0x00,0x00,0x00 } },
  { 0x4f55, { 0x00,0x00,0x00,0x03,0x00,0x00,0x03,0x80,0x04,0x03,0xff,0xfe,0x06,0x00,0x30,0x06,0x00,0x30,0x04,0x00,0x30,0x0e,0x00,0x30,0x0c,0x7f,0x30,0x1c,0x63,0x30,0x3c,0x63,0x30,0x2c,0x63,0x30,0x4c,0x63,0x30,0x0c,0x63,0x30,0x0c,0x7f,0x30,0x0c,0x63,0x30,0x0c,0x42,0x30,0x0c,0x00,0x30,0x0c,0x00,0x30,0x0c,0x00,0x30,0x0c,0x01,0xf0,0x0c,0x00,0xf0,0x0c,0x00,0x60,0x00,0x00,0x00 } },
  { 0x548c, { 0x00,0x00,0x00,0x00,0x30,0x00,0x03,0xf0,0x00,0x1f,0x80,0x08,0x01,0x87,0xfc,0x01,0x87,0x0c,0x01,0x97,0x0c,0x3f,0xff,0x0c,0x03,0x87,0x0c,0x03,0x87,0x0c,0x07,0xc7,0x0c,0x07,0xf7,0x0c,0x0d,0xbf,0x0c,0x0d,0x9f,0x0c,0x19,0x87,0x0c,0x31,0x87,0x0c,0x21,0x87,0xfc,0x41,0x87,0x0c,0x01,0x87,0x08,0x01,0x82,0x00,0x01,0x80,0x00,0x01,0x00,0x00,0x00,0x00,0x00,0x00,0x00,0x00 } },
  { 0x6838, { 0x00,0x00,0x00,0x06,0x02,0x00,0x06,0x03,0x00,0x06,0x01,0x80,0x06,0x01,0x08,0x06,0xbf,0xfc,0x3f,0xc3,0x00,0x06,0x07,0x00,0x0e,0x06,0x20,0x0e,0x0c,0x70,0x0f,0x98,0xe0,0x0f,0xff,0xc0,0x1e,0xbd,0x98,0x16,0x03,0x38,0x36,0x06,0x30,0x26,0x0c,0x60,0x66,0x18,0xc0,0x06,0x31,0xc0,0x06,0x43,0x70,0x06,0x0e,0x38,0x06,0x18,0x1c,0x06,0x70,0x0c,0x04,0xc0,0x08,0x00,0x00,0x00 } },
  { 0x9ed1, { 0x00,0x00,0x00,0x00,0x00,0x10,0x0f,0xff,0xf8,0x0c,0x18,0x30,0x0d,0x99,0xb0,0x0c,0xd9,0xb0,0x0c,0xdb,0x30,0x0c,0x1e,0x30,0x0f,0xff,0xf0,0x0c,0x18,0x30,0x00,0x18,0x00,0x00,0x18,0x20,0x0f,0xff,0xf0,0x08,0x18,0x00,0x00,0x18,0x08,0x3f,0xff,0xfc,0x00,0x00,0x00,0x04,0x84,0x20,0x04,0xc6,0x30,0x0c,0x63,0x18,0x1c,0x63,0x1c,0x18,0x62,0x08,0x00,0x00,0x00,0x00,0x00,0x00 } },
  { 0x5f88, { 0x00,0x00,0x00,0x02,0x00,0x00,0x07,0x00,0x00,0x06,0x3f,0xf8,0x0c,0x30,0x30,0x08,0x30,0x30,0x11,0x30,0x30,0x23,0xbf,0xf0,0x03,0x30,0x30,0x06,0x30,0x30,0x06,0x30,0x30,0x0e,0x3f,0xf0,0x1e,0x32,0x30,0x16,0x32,0x18,0x26,0x32,0x38,0x46,0x33,0x60,0x06,0x31,0x80,0x06,0x31,0x80,0x06,0x30,0xc0,0x06,0x37,0x70,0x06,0x3c,0x3c,0x06,0x38,0x1c,0x04,0x00,0x00,0x00,0x00,0x00 } },
  { 0x6052, { 0x00,0x00,0x00,0x0c,0x00,0x00,0x0c,0x00,0x08,0x0c,0x7f,0xfc,0x0c,0x00,0x00,0x0c,0x00,0x00,0x0f,0x00,0x00,0x2d,0xbf,0xf0,0x3d,0xb0,0x30,0x3c,0x30,0x30,0x6c,0x30,0x30,0x6c,0x3f,0xf0,0x0c,0x30,0x30,0x0c,0x30,0x30,0x0c,0x30,0x30,0x0c,0x30,0x30,0x0c,0x3f,0xf0,0x0c,0x30,0x30,0x0c,0x30,0x20,0x0c,0x00,0x0c,0x0d,0xff,0xfe,0x0c,0x00,0x00,0x0c,0x00,0x00,0x00,0x00,0x00 } },
  { 0x6a2a, { 0x00,0x00,0x00,0x0c,0x08,0x40,0x0c,0x0c,0xe0,0x0c,0x0c,0xc8,0x0c,0x7f,0xfc,0x0d,0x0c,0xc0,0x7f,0x8c,0xc4,0x0c,0xff,0xfe,0x0c,0x83,0x00,0x0c,0x03,0x00,0x1f,0x7f,0xf8,0x1d,0xe3,0x18,0x1d,0xe3,0x18,0x3c,0x7f,0xf8,0x2c,0x63,0x18,0x6c,0x63,0x18,0x4c,0x63,0x18,0x0c,0x7f,0xf8,0x0c,0x68,0x10,0x0c,0x1c,0x60,0x0c,0x38,0x38,0x0c,0x60,0x0c,0x0d,0x80,0x04,0x00,0x00,0x00 } },
  { 0x7ea2, { 0x00,0x00,0x00,0x00,0x00,0x00,0x03,0x00,0x00,0x03,0x00,0x00,0x06,0x00,0x18,0x06,0x3f,0xfc,0x0c,0x41,0x80,0x08,0xe1,0x80,0x18,0xc1,0x80,0x31,0x81,0x80,0x7f,0x81,0x80,0x33,0x01,0x80,0x06,0x01,0x80,0x0c,0x01,0x80,0x08,0xe1,0x80,0x3f,0x81,0x80,0x3c,0x01,0x80,0x10,0x01,0x80,0x00,0xe1,0x80,0x0f,0x81,0x8c,0x3c,0x7f,0xfe,0x30,0x40,0x00,0x00,0x00,0x00,0x00,0x00,0x00 } },
  { 0x540e, { 0x00,0x00,0x00,0x00,0x00,0x30,0x00,0x07,0xf8,0x07,0xfe,0x00,0x06,0x00,0x00,0x06,0x00,0x00,0x06,0x00,0x08,0x07,0xff,0xfc,0x06,0x00,0x00,0x06,0x00,0x00,0x06,0x00,0x00,0x06,0x00,0x00,0x0c,0xff,0xf0,0x0c,0xc0,0x30,0x0c,0xc0,0x30,0x0c,0xc0,0x30,0x08,0xc0,0x30,0x18,0xc0,0x30,0x18,0xff,0xf0,0x30,0xc0,0x30,0x20,0xc0,0x20,0x40,0x00,0x00,0x00,0x00,0x00,0x00,0x00,0x00 } },
  { 0x5019, { 0x00,0x00,0x00,0x02,0x00,0x20,0x07,0x1f,0xf0,0x06,0x00,0x60,0x06,0x00,0x60,0x0c,0xc0,0x60,0x0c,0xff,0xfc,0x0c,0xc8,0x00,0x1c,0xcc,0x00,0x1c,0xcc,0x10,0x3c,0xcf,0xf8,0x2c,0xd9,0x80,0x4c,0xd1,0x80,0x0c,0xc1,0x80,0x0c,0xff,0xfc,0x0c,0xc3,0x80,0x0c,0xc3,0x40,0x0c,0xc3,0x40,0x0c,0x86,0x60,0x0c,0x0c,0x30,0x0c,0x18,0x1c,0x0c,0x30,0x0e,0x0c,0xc0,0x00,0x00,0x00,0x00 } },
  { 0x5ffd, { 0x00,0x00,0x00,0x01,0x80,0x00,0x01,0x80,0x00,0x03,0x00,0x10,0x03,0xff,0xf8,0x06,0x33,0x38,0x04,0x63,0x30,0x08,0x67,0x30,0x10,0xc6,0x30,0x01,0x8c,0x30,0x03,0x0c,0x30,0x06,0x18,0x30,0x08,0x30,0x60,0x00,0xc7,0xe0,0x03,0xb1,0xc0,0x02,0x18,0x80,0x0b,0x8c,0x30,0x1b,0x0c,0x18,0x1b,0x00,0xcc,0x33,0x00,0xcc,0x33,0xbe,0xe4,0x01,0xff,0xc0,0x00,0x00,0x00,0x00,0x00,0x00 } },
  { 0x4e92, { 0x00,0x00,0x00,0x00,0x00,0x00,0x00,0x00,0x20,0x7f,0xff,0xf0,0x01,0x80,0x00,0x01,0x80,0x00,0x01,0x80,0x00,0x01,0x81,0x00,0x03,0xff,0x80,0x03,0x03,0x00,0x03,0x03,0x00,0x03,0x03,0x00,0x03,0x03,0x00,0x03,0x03,0x00,0x07,0x03,0x00,0x07,0xff,0x00,0x02,0x03,0x00,0x00,0x03,0x00,0x00,0x06,0x00,0x00,0x06,0x18,0x7f,0xff,0xfc,0x00,0x00,0x00,0x00,0x00,0x00,0x00,0x00,0x00 } },
  { 0x6237, { 0x00,0x00,0x00,0x00,0x18,0x00,0x00,0x0c,0x00,0x00,0x06,0x00,0x00,0x06,0x08,0x03,0xff,0xfc,0x03,0x80,0x18,0x03,0x80,0x18,0x03,0x80,0x18,0x03,0x80,0x18,0x03,0x80,0x18,0x03,0xff,0xf8,0x03,0x80,0x18,0x03,0x00,0x18,0x03,0x00,0x00,0x03,0x00,0x00,0x03,0x00,0x00,0x06,0x00,0x00,0x06,0x00,0x00,0x0c,0x00,0x00,0x08,0x00,0x00,0x10,0x00,0x00,0x20,0x00,0x00,0x00,0x00,0x00 } },
  { 0x62a4, { 0x00,0x00,0x00,0x06,0x02,0x00,0x06,0x03,0x00,0x06,0x01,0x80,0x06,0x11,0x80,0x06,0x1f,0xfc,0x7f,0xd8,0x0c,0x06,0x18,0x0c,0x06,0x18,0x0c,0x06,0x18,0x0c,0x06,0xdf,0xfc,0x07,0x18,0x0c,0x7e,0x18,0x08,0x76,0x10,0x00,0x06,0x30,0x00,0x06,0x30,0x00,0x06,0x30,0x00,0x06,0x60,0x00,0x06,0x60,0x00,0x36,0xc0,0x00,0x1f,0x80,0x00,0x0d,0x00,0x00,0x00,0x00,0x00,0x00,0x00,0x00 } },
  { 0x82b1, { 0x00,0x00,0x00,0x00,0xc3,0x00,0x00,0xc3,0x00,0x00,0xc3,0x08,0x7f,0xff,0xfc,0x00,0xc3,0x00,0x00,0xc3,0x00,0x01,0x83,0x00,0x01,0x86,0x00,0x03,0x06,0x18,0x03,0x06,0x38,0x07,0x06,0x60,0x0f,0x07,0xc0,0x0b,0x07,0x80,0x13,0x0e,0x00,0x23,0x3e,0x00,0x43,0xc6,0x04,0x03,0x06,0x04,0x03,0x06,0x04,0x03,0x07,0xfe,0x07,0x07,0xfe,0x06,0x00,0x00,0x00,0x00,0x00,0x00,0x00,0x00 } },
  { 0x5316, { 0x00,0x00,0x00,0x01,0x0e,0x00,0x03,0x86,0x00,0x03,0x06,0x00,0x03,0x06,0x00,0x06,0x06,0x10,0x06,0x06,0x38,0x0e,0x06,0x38,0x0e,0x06,0x60,0x1e,0x06,0xc0,0x16,0x07,0x80,0x36,0x07,0x00,0x26,0x06,0x00,0x46,0x0e,0x00,0x06,0x3e,0x00,0x06,0x66,0x00,0x07,0xc6,0x04,0x06,0x06,0x04,0x06,0x06,0x04,0x06,0x06,0x0c,0x06,0x07,0xfe,0x06,0x07,0xfc,0x06,0x00,0x00,0x00,0x00,0x00 } },
  { 0x753b, { 0x00,0x00,0x00,0x00,0x00,0x18,0x3f,0xff,0xfc,0x00,0x00,0x00,0x00,0x00,0x00,0x03,0xff,0xc0,0x03,0x18,0xc0,0x13,0x18,0xdc,0x3b,0x18,0xd8,0x3b,0x18,0xd8,0x1b,0x18,0xd8,0x1b,0xff,0xd8,0x1b,0x18,0xd8,0x1b,0x18,0xd8,0x1b,0x18,0xd8,0x1b,0x18,0xd8,0x1b,0xff,0xd8,0x1b,0x00,0x98,0x18,0x00,0x18,0x3f,0xff,0xf8,0x10,0x00,0x18,0x00,0x00,0x18,0x00,0x00,0x00,0x00,0x00,0x00 } },
  { 0x8bdd, { 0x00,0x00,0x00,0x00,0x00,0x38,0x0c,0x03,0xf8,0x06,0x3f,0x80,0x06,0x01,0x80,0x06,0x01,0x80,0x00,0x01,0x80,0x00,0x01,0x84,0x00,0x7f,0xfe,0x7e,0x41,0x80,0x06,0x01,0x80,0x06,0x01,0x80,0x06,0x01,0x80,0x06,0x1f,0xf8,0x06,0x18,0x18,0x06,0x18,0x18,0x06,0x18,0x18,0x06,0x58,0x18,0x07,0x98,0x18,0x07,0x1f,0xf8,0x06,0x18,0x18,0x00,0x10,0x10,0x00,0x00,0x00,0x00,0x00,0x00 } },
  { 0x6000, { 0x00,0x00,0x00,0x0c,0x00,0x00,0x0e,0x00,0x0c,0x0c,0x7f,0xfe,0x0c,0x41,0x80,0x0c,0x01,0x80,0x0f,0x03,0x00,0x2d,0x83,0x00,0x2c,0xc7,0x00,0x6c,0xc7,0x00,0x6c,0x0f,0x60,0x4c,0x1b,0x30,0x0c,0x13,0x1c,0x0c,0x23,0x0e,0x0c,0x43,0x06,0x0c,0x83,0x00,0x0d,0x03,0x00,0x0c,0x03,0x00,0x0c,0x03,0x00,0x0c,0x03,0x00,0x0e,0x03,0x00,0x0c,0x03,0x00,0x00,0x00,0x00,0x00,0x00,0x00 } },
  { 0x574f, { 0x00,0x00,0x00,0x0e,0x00,0x00,0x0c,0x00,0x08,0x0c,0xff,0xfc,0x0c,0x03,0x00,0x0c,0x03,0x00,0x0c,0x86,0x00,0x7f,0xc6,0x00,0x0c,0x06,0x00,0x0c,0x0f,0x00,0x0c,0x0f,0x00,0x0c,0x0b,0x40,0x0c,0x1b,0x60,0x0c,0x13,0x30,0x0d,0xb3,0x18,0x1e,0x63,0x1c,0x78,0xc3,0x0c,0x60,0x83,0x0c,0x01,0x03,0x00,0x02,0x03,0x00,0x00,0x03,0x00,0x00,0x03,0x00,0x00,0x03,0x00,0x00,0x00,0x00 } },
  { 0x73af, { 0x00,0x00,0x00,0x00,0x80,0x04,0x3f,0xff,0xfe,0x3e,0x01,0x80,0x06,0x01,0x80,0x06,0x03,0x00,0x06,0x03,0x00,0x06,0x87,0x00,0x3f,0xc7,0x00,0x06,0x0f,0x40,0x06,0x0f,0x20,0x06,0x1b,0x38,0x06,0x13,0x1c,0x06,0xf3,0x0c,0x07,0x63,0x0c,0x1c,0xc3,0x04,0x78,0x03,0x00,0x60,0x03,0x00,0x00,0x03,0x00,0x00,0x03,0x00,0x00,0x03,0x00,0x00,0x03,0x00,0x00,0x00,0x00,0x00,0x00,0x00 } },
  { 0x7f13, { 0x00,0x00,0x00,0x04,0x00,0x38,0x06,0x03,0xfc,0x0c,0x7f,0x98,0x0c,0x03,0x18,0x18,0xb1,0xb0,0x19,0xd9,0xb0,0x31,0x98,0x28,0x27,0x3f,0xfc,0x7e,0x06,0x00,0x26,0x06,0x04,0x0c,0x7f,0xfe,0x08,0x0c,0x00,0x10,0x8c,0x00,0x3f,0x0f,0xf0,0x38,0x1c,0x30,0x00,0x1e,0x60,0x07,0xb2,0x60,0x7c,0x31,0xc0,0x70,0x61,0xc0,0x00,0xc7,0xf0,0x01,0x9c,0x3e,0x02,0xf0,0x0c,0x00,0x00,0x00 } },
  { 0x6362, { 0x00,0x00,0x00,0x04,0x0c,0x00,0x06,0x0e,0x00,0x06,0x1c,0x00,0x06,0x1f,0xc0,0x06,0x30,0xc0,0x3f,0xf1,0x80,0x06,0x61,0x00,0x06,0xff,0xf8,0x06,0xb3,0x30,0x06,0x33,0x30,0x07,0xb3,0x30,0x0e,0x33,0x30,0x7e,0x32,0x34,0x37,0xff,0xfe,0x06,0x07,0x00,0x06,0x06,0x80,0x06,0x0c,0xc0,0x06,0x0c,0x40,0x06,0x18,0x70,0x3e,0x30,0x3c,0x1c,0xc0,0x1e,0x09,0x80,0x00,0x00,0x00,0x00 } },
  { 0x8c0e, { 0x00,0x00,0x00,0x00,0x18,0xc0,0x18,0x18,0xe0,0x0c,0x18,0xc0,0x06,0xff,0xfc,0x04,0x1c,0xc0,0x00,0x1b,0xc0,0x00,0x1b,0x40,0x04,0xff,0xfc,0x7e,0x30,0x00,0x0c,0x30,0x00,0x0c,0x30,0x10,0x0c,0x7f,0xf8,0x0c,0x20,0x00,0x0c,0x32,0x60,0x0c,0x37,0x60,0x0c,0xb6,0x60,0x0d,0x36,0x64,0x0f,0x36,0x64,0x0e,0x66,0x64,0x0e,0x67,0x7e,0x04,0xc6,0x3e,0x03,0x00,0x00,0x00,0x00,0x00 } },
  { 0x6062, { 0x00,0x00,0x00,0x0c,0x0c,0x00,0x0c,0x0e,0x00,0x0c,0x0c,0x00,0x0c,0x0c,0x04,0x0c,0xff,0xfe,0x0f,0x08,0x00,0x3f,0x99,0x80,0x3d,0x99,0x80,0x3d,0x19,0x80,0x6c,0x35,0x88,0x6c,0x35,0x9c,0x0c,0x3d,0x98,0x0c,0x6d,0xa0,0x0c,0x7b,0xc0,0x0c,0xc3,0x40,0x0c,0x83,0x60,0x0d,0x86,0x60,0x0d,0x0c,0x30,0x0e,0x08,0x38,0x0c,0x30,0x1e,0x0c,0x60,0x0e,0x0c,0x80,0x00,0x00,0x00,0x00 } },
  { 0x56de, { 0x00,0x00,0x00,0x00,0x00,0x18,0x1f,0xff,0xf8,0x18,0x00,0x18,0x18,0x00,0x18,0x18,0x00,0x18,0x18,0x00,0x18,0x18,0xff,0x98,0x18,0xc3,0x18,0x18,0xc3,0x18,0x18,0xc3,0x18,0x18,0xc3,0x18,0x18,0xc3,0x18,0x18,0xff,0x18,0x18,0xc3,0x18,0x18,0x81,0x18,0x18,0x00,0x18,0x18,0x00,0x18,0x18,0x00,0x18,0x1f,0xff,0xf8,0x18,0x00,0x18,0x18,0x00,0x00,0x00,0x00,0x00,0x00,0x00,0x00 } },
  { 0x6094, { 0x00,0x00,0x00,0x0c,0x08,0x00,0x0c,0x1c,0x00,0x0c,0x18,0x04,0x0c,0x1f,0xfe,0x0e,0x30,0x00,0x1f,0x20,0x00,0x3d,0xff,0xf8,0x3d,0xf0,0x18,0x7c,0xb3,0x18,0x6c,0x31,0x98,0x0c,0x31,0x1c,0x0c,0xff,0xfe,0x0c,0x30,0x18,0x0c,0x32,0x18,0x0c,0x33,0x18,0x0c,0x23,0x30,0x0c,0x61,0x34,0x0c,0x7f,0xfe,0x0c,0x60,0x30,0x0c,0x00,0x30,0x0c,0x01,0xe0,0x0c,0x00,0xe0,0x00,0x00,0x00 } },
  { 0x4f1a, { 0x00,0x10,0x00,0x00,0x38,0x00,0x00,0x38,0x00,0x00,0x6c,0x00,0x00,0xe4,0x00,0x00,0xc3,0x00,0x01,0x81,0x80,0x03,0x00,0xe0,0x06,0x01,0x7c,0x0f,0xff,0xbe,0x30,0x00,0x08,0x60,0x00,0x00,0x00,0x00,0x18,0x1f,0xff,0xfc,0x10,0x70,0x00,0x00,0x60,0x00,0x00,0xc2,0x00,0x01,0xc3,0x00,0x01,0x81,0x80,0x03,0x00,0xe0,0x0f,0xff,0xf0,0x0f,0xfe,0x70,0x06,0x00,0x30,0x00,0x00,0x00 } },
  { 0x6df7, { 0x00,0x00,0x00,0x00,0x00,0x00,0x08,0x00,0x00,0x0e,0x3f,0xf8,0x06,0x30,0x18,0x06,0xb0,0x18,0x00,0xbf,0xf8,0x60,0xb0,0x18,0x31,0x30,0x18,0x19,0x30,0x18,0x1b,0x3f,0xf8,0x02,0x21,0x90,0x02,0x61,0x80,0x06,0x61,0x9c,0x04,0x65,0xb8,0x0c,0x7f,0xe0,0x3c,0x61,0x80,0x0c,0x61,0x84,0x0c,0x61,0x84,0x1c,0x7d,0x84,0x1c,0x71,0xfe,0x18,0x60,0xfe,0x00,0x00,0x00,0x00,0x00,0x00 } },
  { 0x6d3b, { 0x00,0x00,0x00,0x18,0x00,0x30,0x0c,0x03,0xf8,0x06,0x7f,0xe0,0x06,0x03,0x00,0x00,0x03,0x00,0x00,0x03,0x00,0x61,0x03,0x04,0x33,0xff,0xfe,0x1a,0x03,0x00,0x1a,0x03,0x00,0x06,0x03,0x00,0x04,0x03,0x10,0x04,0x7f,0xf8,0x0c,0x60,0x38,0x78,0x60,0x30,0x18,0x60,0x30,0x18,0x60,0x30,0x18,0x7f,0xf0,0x18,0x60,0x30,0x18,0x60,0x30,0x00,0x60,0x30,0x00,0x00,0x00,0x00,0x00,0x00 } },
  { 0x6216, { 0x00,0x00,0x00,0x00,0x06,0xe0,0x00,0x06,0x70,0x00,0x06,0x30,0x00,0x06,0x08,0x3f,0xff,0xfc,0x00,0x06,0x00,0x00,0x06,0x00,0x1f,0xe6,0x10,0x18,0x66,0x38,0x18,0x67,0x30,0x18,0x63,0x30,0x18,0x63,0x60,0x1f,0xe3,0x60,0x18,0x63,0xc0,0x18,0x01,0xc0,0x00,0x19,0xc2,0x07,0xe3,0xc6,0x7f,0x06,0x66,0x78,0x18,0x3e,0x00,0x30,0x1e,0x00,0xc0,0x06,0x00,0x00,0x00,0x00,0x00,0x00 } },
  { 0x83b7, { 0x00,0x00,0x00,0x00,0xc3,0x00,0x00,0xc3,0x00,0x00,0xc3,0x08,0x3f,0xff,0xfc,0x20,0xc3,0x00,0x00,0xc3,0x00,0x10,0x80,0x00,0x09,0xc3,0x60,0x07,0x83,0x30,0x06,0x03,0x30,0x1f,0x03,0x3c,0x33,0x7f,0xfe,0x03,0x83,0x80,0x07,0x83,0x80,0x0d,0x83,0x80,0x19,0x86,0x40,0x61,0x86,0x40,0x01,0x84,0x60,0x01,0x8c,0x30,0x1f,0x98,0x1c,0x0f,0x30,0x0e,0x06,0xc0,0x00,0x00,0x00,0x00 } },
  { 0x51fb, { 0x00,0x00,0x00,0x00,0x18,0x00,0x00,0x18,0x00,0x00,0x18,0x00,0x00,0x18,0x00,0x00,0x18,0x10,0x1f,0xff,0xf8,0x00,0x18,0x00,0x00,0x18,0x00,0x00,0x18,0x00,0x00,0x18,0x04,0x7f,0xff,0xfe,0x00,0x18,0x00,0x08,0x18,0x20,0x0c,0x18,0x30,0x0c,0x18,0x30,0x0c,0x18,0x30,0x0c,0x18,0x30,0x0c,0x18,0x30,0x0c,0x18,0x30,0x1f,0xff,0xf0,0x08,0x00,0x30,0x00,0x00,0x30,0x00,0x00,0x00 } },
  { 0x673a, { 0x06,0x00,0x00,0x06,0x10,0x00,0x06,0x1f,0xe0,0x06,0x18,0x60,0x06,0x18,0x60,0x06,0x98,0x60,0x3f,0xd8,0x60,0x06,0x18,0x60,0x0e,0x18,0x60,0x0e,0x18,0x60,0x0f,0x98,0x60,0x0e,0xd8,0x60,0x1e,0x58,0x60,0x1e,0x58,0x60,0x36,0x18,0x60,0x26,0x18,0x60,0x66,0x30,0x60,0x46,0x30,0x64,0x06,0x20,0x64,0x06,0x60,0x64,0x06,0x40,0x7e,0x06,0x80,0x7e,0x07,0x00,0x00,0x00,0x00,0x00 } },
  { 0x57fa, { 0x00,0x00,0x00,0x01,0x01,0x80,0x01,0x81,0x80,0x01,0x81,0x88,0x1f,0xff,0xfc,0x01,0x81,0x80,0x01,0xff,0x80,0x01,0x81,0x80,0x01,0x81,0x80,0x01,0xff,0x80,0x01,0x81,0x80,0x01,0x81,0x88,0x7f,0xff,0xfc,0x01,0x93,0x00,0x03,0x99,0x80,0x07,0x18,0xe0,0x0c,0x19,0x7e,0x1b,0xff,0x9e,0x60,0x18,0x00,0x00,0x18,0x00,0x00,0x18,0x10,0x3f,0xff,0xf8,0x00,0x00,0x00,0x00,0x00,0x00 } },
  { 0x7ea7, { 0x00,0x00,0x00,0x02,0x00,0x00,0x07,0x00,0x00,0x06,0x3f,0xf0,0x0c,0x2c,0x30,0x0c,0x0c,0x60,0x18,0xec,0x60,0x10,0xcc,0xc0,0x7f,0x8c,0xc8,0x7f,0x0d,0xfc,0x02,0x0c,0x98,0x06,0x0c,0x18,0x0c,0x1a,0x10,0x18,0x1a,0x30,0x3f,0x9b,0x30,0x3c,0x11,0x60,0x20,0x31,0xc0,0x00,0xe1,0xc0,0x1f,0x63,0xe0,0x78,0xc7,0x38,0x21,0x1c,0x1c,0x02,0x70,0x08,0x00,0x00,0x00,0x00,0x00,0x00 } },
  { 0x5373, { 0x00,0x00,0x00,0x3f,0xc0,0x10,0x30,0xcf,0xf8,0x30,0xcc,0x30,0x30,0xcc,0x30,0x3f,0xcc,0x30,0x30,0xcc,0x30,0x30,0xcc,0x30,0x30,0xcc,0x30,0x30,0xcc,0x30,0x3f,0xcc,0x30,0x30,0xcc,0x30,0x30,0x0c,0x30,0x33,0x0c,0x30,0x31,0x8c,0x30,0x30,0xcd,0xf0,0x33,0xec,0xf0,0x3e,0x6c,0x60,0x38,0x2c,0x00,0x00,0x0c,0x00,0x00,0x0c,0x00,0x00,0x0c,0x00,0x00,0x00,0x00,0x00,0x00,0x00 } },
  { 0x6781, { 0x00,0x00,0x00,0x06,0x00,0x00,0x06,0x00,0x10,0x06,0x7f,0xf8,0x06,0x0c,0x30,0x06,0x8c,0x30,0x3f,0xcc,0x60,0x06,0x0c,0x60,0x0e,0x1c,0xc8,0x0e,0x1d,0xfc,0x0f,0x9c,0x8c,0x0f,0xdc,0x18,0x1e,0xde,0x18,0x16,0xda,0x30,0x36,0x1b,0x30,0x26,0x13,0x60,0x66,0x11,0xe0,0x46,0x30,0xc0,0x06,0x21,0xe0,0x06,0x63,0x78,0x06,0x46,0x3e,0x06,0x98,0x0c,0x07,0x20,0x00,0x00,0x00,0x00 } },
  { 0x96c6, { 0x00,0x00,0x00,0x01,0x18,0x00,0x03,0x8c,0x00,0x03,0x0c,0x10,0x07,0xff,0xf8,0x06,0x0c,0x00,0x0e,0x0c,0x20,0x1f,0xff,0xf0,0x36,0x0c,0x00,0x46,0x0c,0x20,0x07,0xff,0xf0,0x06,0x0c,0x10,0x07,0xff,0xf8,0x06,0x18,0x00,0x04,0x18,0x04,0x7f,0xff,0xfe,0x00,0x7c,0x00,0x00,0xfb,0x00,0x01,0xd9,0x80,0x03,0x18,0xe0,0x0e,0x18,0x7e,0x38,0x18,0x1e,0x40,0x18,0x00,0x00,0x00,0x00 } },
  { 0x8f91, { 0x00,0x00,0x00,0x06,0x00,0x00,0x06,0x1f,0xf0,0x0c,0x18,0x30,0x0c,0x98,0x30,0x7f,0xd8,0x30,0x18,0x1f,0xf0,0x18,0x18,0x30,0x1f,0x10,0x04,0x33,0x7f,0xfe,0x33,0x58,0x30,0x7f,0xdf,0xf0,0x23,0x18,0x30,0x03,0x18,0x30,0x03,0x1f,0xf0,0x03,0xd8,0x30,0x1f,0x18,0x30,0x7b,0x19,0xf4,0x23,0xff,0xfe,0x03,0xc0,0x30,0x07,0x00,0x30,0x07,0x00,0x30,0x06,0x00,0x30,0x00,0x00,0x00 } },
  { 0x51e0, { 0x00,0x00,0x00,0x01,0xff,0x80,0x01,0x81,0x80,0x01,0x81,0x80,0x01,0x81,0x80,0x01,0x81,0x80,0x01,0x81,0x80,0x01,0x81,0x80,0x01,0x81,0x80,0x01,0x81,0x80,0x01,0x81,0x80,0x01,0x81,0x80,0x01,0x81,0x80,0x03,0x01,0x80,0x03,0x01,0x84,0x03,0x01,0x84,0x02,0x01,0x84,0x06,0x01,0x84,0x0c,0x01,0x84,0x08,0x01,0xfe,0x30,0x00,0xfc,0x60,0x00,0x00,0x00,0x00,0x00,0x00,0x00,0x00 } },
  { 0x5df1, { 0x00,0x00,0x00,0x00,0x00,0x00,0x00,0x00,0x80,0x3f,0xff,0xc0,0x20,0x01,0x80,0x00,0x01,0x80,0x00,0x01,0x80,0x00,0x01,0x80,0x00,0x01,0x80,0x3f,0xff,0x80,0x30,0x01,0x80,0x30,0x01,0x00,0x30,0x00,0x00,0x30,0x00,0x00,0x30,0x00,0x00,0x30,0x00,0x30,0x30,0x00,0x30,0x30,0x00,0x30,0x30,0x00,0x30,0x3f,0xff,0xf8,0x1f,0xff,0xf0,0x00,0x00,0x00,0x00,0x00,0x00,0x00,0x00,0x00 } },
  { 0x8ba1, { 0x00,0x00,0x00,0x08,0x03,0x00,0x06,0x03,0x00,0x07,0x03,0x00,0x02,0x03,0x00,0x00,0x03,0x00,0x00,0x03,0x00,0x04,0x03,0x00,0x7e,0x03,0x04,0x06,0xff,0xfe,0x06,0x03,0x00,0x06,0x03,0x00,0x06,0x03,0x00,0x06,0x03,0x00,0x06,0x03,0x00,0x06,0x43,0x00,0x06,0x83,0x00,0x07,0x83,0x00,0x07,0x03,0x00,0x06,0x03,0x00,0x04,0x03,0x00,0x00,0x03,0x00,0x00,0x00,0x00,0x00,0x00,0x00 } },
  { 0x8bb0, { 0x00,0x00,0x00,0x00,0x00,0x00,0x0c,0x00,0x10,0x06,0x3f,0xf8,0x07,0x00,0x38,0x02,0x00,0x38,0x00,0x00,0x38,0x00,0x00,0x38,0x00,0x00,0x38,0x7e,0x00,0x38,0x06,0x00,0x38,0x06,0x1f,0xf8,0x06,0x18,0x30,0x06,0x18,0x00,0x06,0x18,0x00,0x06,0x18,0x00,0x06,0x58,0x04,0x06,0x98,0x04,0x07,0x98,0x04,0x07,0x18,0x0c,0x06,0x1f,0xfe,0x06,0x1f,0xfc,0x00,0x00,0x00,0x00,0x00,0x00 } },
  { 0x9645, { 0x00,0x00,0x00,0x7f,0x00,0x20,0x63,0x3f,0xf0,0x63,0x00,0x00,0x66,0x00,0x00,0x66,0x00,0x00,0x64,0x00,0x08,0x6c,0xff,0xfc,0x64,0x03,0x00,0x66,0x03,0x00,0x62,0x23,0x00,0x63,0x33,0x40,0x63,0x33,0x60,0x73,0x63,0x30,0x7f,0x63,0x30,0x6e,0xc3,0x18,0x60,0x83,0x18,0x61,0x83,0x08,0x63,0x03,0x08,0x62,0x3f,0x00,0x60,0x1e,0x00,0x60,0x0c,0x00,0x00,0x00,0x00,0x00,0x00,0x00 } },
  { 0x65e2, { 0x00,0x00,0x00,0x00,0x80,0x18,0x7f,0xdf,0xf8,0x61,0x81,0x80,0x61,0x99,0x80,0x61,0x99,0x80,0x7f,0x99,0x80,0x61,0x99,0x80,0x61,0x93,0x00,0x61,0xb3,0x08,0x7f,0xbf,0xfc,0x61,0x93,0x00,0x60,0x03,0x80,0x60,0x03,0x80,0x63,0x07,0x80,0x61,0x85,0x80,0x63,0xcd,0x88,0x6e,0xc9,0x88,0x78,0x91,0x88,0x70,0x21,0x8c,0x00,0xc0,0xfc,0x01,0x00,0x00,0x00,0x00,0x00,0x00,0x00,0x00 } },
  { 0x7ee7, { 0x00,0x00,0x00,0x04,0x20,0x80,0x06,0x30,0xc0,0x0c,0x30,0x80,0x0c,0x38,0x98,0x08,0x3c,0x98,0x18,0xf6,0xb0,0x11,0xb2,0xa0,0x21,0xb0,0x88,0x7f,0x3f,0xfc,0x26,0x31,0x80,0x04,0x31,0x80,0x0c,0x33,0xe0,0x18,0xb3,0xb0,0x3f,0x36,0x98,0x38,0x34,0x98,0x00,0x38,0x80,0x01,0xb0,0x80,0x0f,0x30,0x80,0x3c,0x31,0x84,0x30,0x7f,0xfe,0x00,0x20,0x00,0x00,0x00,0x00,0x00,0x00,0x00 } },
  { 0x52a0, { 0x00,0x00,0x00,0x06,0x00,0x00,0x07,0x00,0x00,0x06,0x00,0x00,0x06,0x00,0x00,0x06,0x00,0x00,0x3f,0xf3,0xfc,0x06,0x33,0x0c,0x06,0x33,0x0c,0x06,0x33,0x0c,0x06,0x33,0x0c,0x06,0x33,0x0c,0x06,0x33,0x0c,0x06,0x33,0x0c,0x06,0x33,0x0c,0x04,0x33,0x0c,0x0c,0x33,0x0c,0x0c,0x23,0x0c,0x18,0x63,0x0c,0x17,0xe3,0xfc,0x33,0xe3,0x0c,0x20,0xc3,0x0c,0x40,0x02,0x08,0x00,0x00,0x00 } },
  { 0x5047, { 0x00,0x00,0x00,0x06,0x00,0x00,0x07,0xfe,0xfc,0x06,0xc6,0x0c,0x04,0xc6,0x0c,0x0c,0xc6,0x0c,0x0c,0xc6,0x0c,0x0c,0xfe,0xfc,0x1c,0xc4,0x08,0x1c,0xc0,0x00,0x3c,0xc8,0x08,0x2c,0xff,0xfc,0x4c,0xc1,0x18,0x0c,0xc1,0x18,0x0c,0xc1,0x18,0x0c,0xfc,0xb0,0x0c,0xc0,0xb0,0x0c,0xc0,0xe0,0x0c,0xc0,0xe0,0x0c,0xc1,0xf0,0x0c,0xc3,0x1c,0x0c,0xce,0x0e,0x0c,0x98,0x04,0x00,0x00,0x00 } },
  { 0x95f4, { 0x00,0x00,0x00,0x0c,0x00,0x00,0x06,0x00,0x08,0x03,0x7f,0xfc,0x13,0x00,0x18,0x38,0x00,0x18,0x18,0x00,0x18,0x18,0xff,0x18,0x18,0xc3,0x18,0x18,0xc3,0x18,0x18,0xc3,0x18,0x18,0xc3,0x18,0x18,0xff,0x18,0x18,0xc3,0x18,0x18,0xc3,0x18,0x18,0xc3,0x18,0x18,0xff,0x18,0x18,0xc3,0x18,0x18,0x82,0x18,0x18,0x00,0x18,0x18,0x00,0xf8,0x38,0x00,0x78,0x30,0x00,0x30,0x00,0x00,0x00 } },
  { 0x517c, { 0x00,0x00,0x00,0x01,0x81,0x00,0x00,0xc3,0x80,0x00,0xc3,0x00,0x00,0x46,0x08,0x3f,0xff,0xfc,0x00,0x66,0x00,0x00,0x66,0x20,0x0f,0xff,0xf0,0x00,0x66,0x60,0x00,0x66,0x64,0x3f,0xff,0xfe,0x00,0x66,0x60,0x00,0x66,0x60,0x0f,0xff,0xe0,0x01,0xe7,0x60,0x03,0x67,0x80,0x03,0x66,0x80,0x06,0x66,0xc0,0x0c,0x66,0x70,0x18,0x66,0x3c,0x30,0xe6,0x1c,0x40,0xc6,0x00,0x00,0x00,0x00 } },
  { 0x76d1, { 0x00,0x00,0x00,0x00,0x00,0x00,0x00,0xc3,0x00,0x08,0xc7,0x00,0x1c,0xc6,0x08,0x18,0xc7,0xfc,0x18,0xc4,0x00,0x18,0xcd,0x00,0x18,0xc8,0xc0,0x18,0xd8,0x60,0x18,0xd0,0x60,0x18,0xe0,0x30,0x00,0xc0,0x20,0x00,0xc0,0x20,0x0f,0xff,0xf0,0x0c,0xc6,0x30,0x0c,0xc6,0x30,0x0c,0xc6,0x30,0x0c,0xc6,0x30,0x0c,0xc6,0x30,0x0c,0xc6,0x34,0x7f,0xff,0xfe,0x00,0x00,0x00,0x00,0x00,0x00 } },
  { 0x68c0, { 0x00,0x00,0x00,0x06,0x02,0x00,0x0e,0x07,0x00,0x0e,0x07,0x00,0x0e,0x07,0x80,0x0e,0x8c,0x80,0x7f,0xd8,0xe0,0x0e,0x18,0x70,0x0e,0x30,0x3e,0x0e,0x60,0x1c,0x0f,0x9f,0xe0,0x1f,0x80,0x00,0x1e,0x84,0x30,0x1e,0x06,0x30,0x3e,0x22,0x30,0x2e,0x33,0x20,0x4e,0x33,0x60,0x0e,0x1b,0x60,0x0e,0x19,0x40,0x0e,0x10,0x40,0x0e,0x00,0xcc,0x0e,0xff,0xfe,0x0c,0x00,0x00,0x00,0x00,0x00 } },
  { 0x7b80, { 0x04,0x02,0x00,0x06,0x03,0x00,0x0e,0x26,0x08,0x0f,0xf7,0xfc,0x19,0x8c,0x80,0x31,0x98,0xc0,0x26,0x90,0x40,0x03,0x3f,0xf8,0x13,0x00,0x18,0x1d,0x00,0x18,0x18,0xff,0x18,0x18,0xc6,0x18,0x18,0xc6,0x18,0x18,0xc6,0x18,0x18,0xfe,0x18,0x18,0xc6,0x18,0x18,0xc6,0x18,0x18,0xfe,0x18,0x18,0xc6,0x18,0x18,0x00,0x18,0x18,0x01,0xf8,0x18,0x00,0x70,0x18,0x00,0x30,0x00,0x00,0x00 } },
  { 0x89c1, { 0x00,0x00,0x00,0x00,0x00,0x40,0x03,0xff,0xe0,0x03,0x00,0xc0,0x03,0x00,0xc0,0x03,0x38,0xc0,0x03,0x30,0xc0,0x03,0x30,0xc0,0x03,0x30,0xc0,0x03,0x30,0xc0,0x03,0x38,0xc0,0x03,0x3e,0xc0,0x03,0x3c,0xc0,0x03,0x3c,0xc0,0x02,0x6c,0x40,0x00,0x6c,0x04,0x00,0xcc,0x04,0x01,0xcc,0x04,0x03,0x8c,0x0c,0x06,0x0f,0xfe,0x1c,0x07,0xfc,0x70,0x00,0x00,0x00,0x00,0x00,0x00,0x00,0x00 } },
  { 0x4ef6, { 0x00,0x00,0x00,0x01,0x03,0x80,0x03,0x83,0x80,0x03,0x11,0x80,0x07,0x39,0x80,0x06,0x31,0x80,0x04,0x31,0x88,0x0e,0x3f,0xfc,0x0e,0x61,0x80,0x1e,0x41,0x80,0x36,0x41,0x80,0x26,0x81,0x80,0x46,0x01,0x84,0x46,0xff,0xfe,0x06,0x01,0x80,0x06,0x01,0x80,0x06,0x01,0x80,0x06,0x01,0x80,0x06,0x01,0x80,0x06,0x01,0x80,0x06,0x03,0x80,0x06,0x03,0x80,0x04,0x03,0x00,0x00,0x00,0x00 } },
  { 0x5efa, { 0x00,0x00,0x00,0x00,0x06,0x00,0x00,0x07,0x00,0x00,0x06,0x00,0x3f,0x3f,0xf0,0x03,0x06,0x30,0x06,0x06,0x34,0x04,0xff,0xfc,0x0c,0x06,0x30,0x18,0x06,0x30,0x3f,0xff,0xf0,0x11,0x86,0x30,0x01,0x06,0x20,0x03,0x7f,0xf0,0x13,0x06,0x00,0x1b,0x06,0x08,0x0a,0xff,0xfc,0x0e,0x06,0x00,0x06,0x06,0x00,0x0f,0x06,0x00,0x1f,0x82,0x00,0x39,0xff,0xfe,0x60,0x3f,0xfc,0x00,0x00,0x00 } },
  { 0x9274, { 0x00,0x00,0x00,0x00,0x83,0x00,0x00,0xc3,0x00,0x1c,0xc6,0x08,0x18,0xc7,0xfc,0x18,0xcc,0x80,0x18,0xc8,0xc0,0x18,0xd0,0x60,0x18,0xd8,0x70,0x08,0xb8,0x20,0x00,0x66,0x00,0x00,0xc3,0x00,0x03,0x81,0xc0,0x07,0xff,0xfc,0x18,0x98,0x3c,0x60,0x18,0x00,0x07,0xff,0xe0,0x02,0x18,0x80,0x03,0x18,0xc0,0x01,0x99,0x80,0x00,0x99,0x08,0x1f,0xff,0xfc,0x10,0x00,0x00,0x00,0x00,0x00 } },
  { 0x952e, { 0x00,0x00,0x00,0x0c,0x00,0xc0,0x0c,0x00,0xc0,0x18,0x00,0xc0,0x18,0xfb,0xf8,0x1f,0x92,0xd8,0x30,0x37,0xfe,0x32,0x30,0xd8,0x7f,0x60,0xd8,0x4c,0x63,0xf8,0x0c,0xfc,0xd8,0x0c,0x48,0xc8,0x0c,0x1f,0xfc,0x7f,0x98,0xc0,0x0c,0xd8,0xc0,0x0c,0x58,0xc0,0x0c,0x5f,0xfc,0x0c,0x74,0xc0,0x0f,0x30,0xc0,0x0e,0x78,0xc0,0x0c,0xcf,0xfe,0x09,0x83,0xfc,0x06,0x00,0x00,0x00,0x00,0x00 } },
  { 0x5c06, { 0x00,0x00,0x00,0x02,0x04,0x00,0x03,0x0e,0x00,0x03,0x0c,0x00,0x03,0x1f,0xf8,0x03,0x10,0x38,0x33,0x38,0x30,0x3b,0x6c,0x60,0x1b,0xcc,0xc0,0x1b,0x01,0xc0,0x03,0x07,0x70,0x03,0x1c,0x60,0x07,0x70,0x64,0x0f,0xff,0xfe,0x1b,0x00,0x60,0x33,0x10,0x60,0x63,0x18,0x60,0x63,0x0c,0x60,0x03,0x0c,0x60,0x03,0x00,0x60,0x03,0x07,0xe0,0x03,0x01,0xe0,0x02,0x00,0xc0,0x00,0x00,0x00 } },
  { 0x8bb2, { 0x00,0x00,0x00,0x00,0x18,0x60,0x18,0x18,0x60,0x0c,0x18,0x60,0x0e,0x18,0x60,0x04,0x18,0x60,0x00,0xff,0xfc,0x00,0x18,0x60,0x00,0x18,0x60,0x7c,0x18,0x60,0x0c,0x18,0x60,0x0c,0x18,0x60,0x0c,0x18,0x64,0x0c,0xff,0xfe,0x0c,0x18,0x60,0x0c,0x18,0x60,0x0c,0x98,0x60,0x0d,0x98,0x60,0x0f,0x30,0x60,0x0e,0x20,0x60,0x0c,0x40,0x60,0x01,0x80,0x60,0x03,0x00,0x40,0x00,0x00,0x00 } },
  { 0x4ea4, { 0x00,0x00,0x00,0x00,0x30,0x00,0x00,0x38,0x00,0x00,0x18,0x00,0x00,0x08,0x08,0x3f,0xff,0xfc,0x20,0x00,0x00,0x01,0x83,0x80,0x03,0x80,0xe0,0x07,0x00,0x70,0x0c,0x83,0xb8,0x18,0x83,0x98,0x20,0x83,0x00,0x00,0x46,0x00,0x00,0x66,0x00,0x00,0x2c,0x00,0x00,0x3c,0x00,0x00,0x18,0x00,0x00,0x7c,0x00,0x00,0xe7,0x00,0x03,0x83,0xfe,0x0e,0x00,0xfe,0x70,0x00,0x1c,0x00,0x00,0x00 } },
  { 0x89d2, { 0x00,0x60,0x00,0x00,0x70,0x00,0x00,0xe0,0x80,0x00,0xff,0xc0,0x01,0x81,0x80,0x01,0x83,0x08,0x03,0xff,0xfc,0x07,0x86,0x1c,0x0d,0x86,0x1c,0x19,0x86,0x1c,0x01,0xff,0xfc,0x01,0x86,0x1c,0x01,0x86,0x1c,0x01,0x86,0x1c,0x01,0xff,0xfc,0x03,0x06,0x1c,0x03,0x06,0x1c,0x03,0x06,0x1c,0x02,0x06,0x1c,0x06,0x06,0x1c,0x0c,0x06,0xfc,0x18,0x04,0x78,0x30,0x00,0x18,0x00,0x00,0x00 } },
  { 0x811a, { 0x00,0x18,0x00,0x1f,0x98,0x00,0x1b,0x18,0xfe,0x1b,0x18,0xcc,0x1b,0x1a,0xcc,0x1b,0x7f,0xcc,0x1b,0x18,0xcc,0x1f,0x18,0xcc,0x1b,0x18,0xcc,0x1b,0x18,0xcc,0x1b,0x7f,0xcc,0x1b,0x58,0xcc,0x1f,0x18,0xcc,0x1b,0x30,0xcc,0x13,0x34,0xcc,0x13,0x26,0xec,0x33,0x43,0xfc,0x33,0xff,0xdc,0x33,0x61,0xc8,0x23,0x00,0xc0,0x2b,0x00,0xc0,0x4f,0x00,0xc0,0x42,0x00,0xc0,0x00,0x00,0x00 } },
  { 0x53eb, { 0x00,0x00,0x00,0x00,0x00,0x18,0x00,0x00,0x18,0x00,0x00,0x18,0x3f,0xce,0x18,0x38,0xcc,0x18,0x38,0xcc,0x18,0x38,0xcc,0x18,0x38,0xcc,0x18,0x38,0xcc,0x18,0x38,0xcc,0x18,0x38,0xcc,0x18,0x38,0xcc,0x18,0x38,0xcc,0x78,0x38,0xcf,0xd8,0x3f,0xcf,0x18,0x38,0xc4,0x18,0x38,0xc0,0x18,0x30,0x00,0x18,0x00,0x00,0x18,0x00,0x00,0x18,0x00,0x00,0x18,0x00,0x00,0x18,0x00,0x00,0x00 } },
  { 0x6559, { 0x00,0x00,0x00,0x03,0x00,0xc0,0x03,0x01,0xc0,0x03,0x01,0x80,0x03,0x19,0x80,0x1f,0xf9,0x84,0x03,0x31,0xfe,0x03,0x6b,0x18,0x3f,0xff,0x18,0x00,0xc3,0x18,0x01,0x87,0x10,0x1f,0xf5,0x30,0x06,0x79,0x30,0x0c,0xc1,0xb0,0x19,0x80,0xa0,0x61,0x98,0xe0,0x07,0xf0,0xe0,0x3f,0x80,0xe0,0x31,0x81,0xe0,0x01,0x83,0x30,0x01,0x86,0x1c,0x0f,0x98,0x0e,0x03,0x20,0x00,0x00,0x00,0x00 } },
  { 0x9636, { 0x00,0x00,0x00,0x00,0x04,0x00,0x00,0x0e,0x00,0x7f,0x0e,0x00,0x66,0x1a,0x00,0x66,0x19,0x00,0x64,0x31,0x80,0x64,0x60,0xe0,0x68,0xc0,0x78,0x69,0x80,0x3c,0x6d,0x31,0x88,0x66,0x31,0x80,0x62,0x31,0x80,0x63,0x31,0x80,0x63,0x31,0x80,0x63,0x31,0x80,0x7e,0x31,0x80,0x6c,0x31,0x80,0x60,0x21,0x80,0x60,0x61,0x80,0x60,0xc1,0x80,0x61,0x81,0x80,0x43,0x01,0x00,0x00,0x00,0x00 } },
  { 0x63a5, { 0x00,0x00,0x00,0x06,0x06,0x00,0x06,0x03,0x00,0x06,0x03,0x08,0x06,0x3f,0xfc,0x06,0x90,0x40,0x7f,0xc8,0x60,0x06,0x0c,0xc0,0x06,0x04,0xc4,0x06,0xff,0xfe,0x06,0x86,0x00,0x07,0x86,0x00,0x0e,0x06,0x00,0x7e,0x0c,0x04,0x67,0xff,0xfe,0x06,0x18,0x60,0x06,0x18,0x60,0x06,0x30,0xc0,0x06,0x1f,0x80,0x06,0x03,0xe0,0x3e,0x06,0x38,0x1c,0x3c,0x1c,0x09,0xe0,0x0c,0x00,0x00,0x00 } },
  { 0x8282, { 0x00,0x00,0x00,0x00,0xc3,0x80,0x00,0xc1,0x80,0x00,0xc1,0x8c,0x7f,0xff,0xfe,0x00,0xc1,0x80,0x00,0xc1,0x80,0x00,0xc1,0x00,0x00,0x00,0x20,0x1f,0xff,0xf0,0x00,0x30,0x30,0x00,0x30,0x30,0x00,0x30,0x30,0x00,0x30,0x30,0x00,0x30,0x30,0x00,0x30,0x30,0x00,0x30,0x30,0x00,0x33,0xf0,0x00,0x30,0xe0,0x00,0x30,0x40,0x00,0x30,0x00,0x00,0x20,0x00,0x00,0x00,0x00,0x00,0x00,0x00 } },
  { 0x7ed3, { 0x00,0x00,0x00,0x00,0x01,0x00,0x07,0x01,0x80,0x06,0x01,0x80,0x0c,0x01,0x80,0x0c,0x01,0x80,0x08,0xbf,0xfc,0x18,0xc1,0x80,0x11,0x81,0x80,0x3f,0x81,0x80,0x3f,0x1f,0xf8,0x26,0x00,0x00,0x04,0x00,0x00,0x08,0x00,0x00,0x1f,0xdf,0xf8,0x3e,0x18,0x18,0x30,0x18,0x18,0x00,0x18,0x18,0x01,0xd8,0x18,0x3f,0x18,0x18,0x78,0x1f,0xf8,0x20,0x18,0x18,0x00,0x18,0x10,0x00,0x00,0x00 } },
  { 0x622a, { 0x00,0x00,0x00,0x00,0x83,0x80,0x00,0xc3,0xa0,0x00,0xcb,0xb8,0x1f,0xff,0x98,0x00,0xc3,0x88,0x00,0xc1,0x84,0x7f,0xff,0xfe,0x02,0x81,0x80,0x07,0x41,0x80,0x0e,0x61,0x88,0x0f,0xfd,0x9c,0x1c,0xc1,0x98,0x1c,0xc9,0x98,0x2f,0xfc,0xb0,0x4c,0xc0,0xf0,0x0c,0xc8,0xe0,0x0f,0xfc,0xe4,0x0c,0xc4,0xe4,0x0f,0xff,0xf4,0x0c,0x03,0x3e,0x0c,0x0e,0x1e,0x08,0x18,0x06,0x00,0x00,0x00 } },
  { 0x89e3, { 0x00,0x00,0x00,0x06,0x00,0x00,0x06,0x0f,0xfc,0x0c,0x01,0x8c,0x0f,0xc1,0x0c,0x08,0xc3,0x0c,0x19,0x83,0x08,0x1f,0xe6,0x78,0x3b,0x6c,0x10,0x5b,0x72,0xc0,0x1b,0x67,0xc0,0x1f,0xe6,0xc8,0x1b,0x67,0xfc,0x1b,0x6c,0xc0,0x1b,0x68,0xc0,0x1f,0xf0,0xc4,0x1b,0x7f,0xfe,0x13,0x60,0xc0,0x33,0x60,0xc0,0x33,0x60,0xc0,0x23,0x60,0xc0,0x63,0xe0,0xc0,0x40,0x40,0xc0,0x00,0x00,0x00 } },
  { 0x754c, { 0x00,0x00,0x00,0x0f,0xff,0xc0,0x0c,0x30,0xe0,0x0c,0x30,0xc0,0x0c,0x30,0xc0,0x0f,0xff,0xc0,0x0c,0x30,0xc0,0x0c,0x30,0xc0,0x0f,0xff,0xc0,0x0c,0x64,0x40,0x00,0xc6,0x00,0x01,0x83,0x00,0x03,0x81,0xc0,0x0e,0xc7,0xfc,0x39,0x83,0x38,0x61,0x83,0x00,0x01,0x83,0x00,0x01,0x83,0x00,0x03,0x03,0x00,0x06,0x03,0x00,0x1c,0x07,0x00,0x70,0x06,0x00,0x00,0x00,0x00,0x00,0x00,0x00 } },
  { 0x501f, { 0x02,0x18,0xc0,0x03,0x18,0xc0,0x03,0x18,0xc0,0x06,0x18,0xc0,0x06,0xff,0xfc,0x06,0x18,0xc0,0x0c,0x18,0xc0,0x0c,0x18,0xc0,0x1c,0x18,0xc4,0x1d,0xff,0xfe,0x2c,0x00,0x00,0x6c,0x00,0x00,0x4c,0x7f,0xf0,0x0c,0x60,0x30,0x0c,0x60,0x30,0x0c,0x60,0x30,0x0c,0x7f,0xf0,0x0c,0x60,0x30,0x0c,0x60,0x30,0x0c,0x60,0x30,0x0c,0x7f,0xf0,0x0c,0x60,0x30,0x0c,0x60,0x20,0x00,0x00,0x00 } },
  { 0x4eca, { 0x00,0x00,0x00,0x00,0x10,0x00,0x00,0x38,0x00,0x00,0x38,0x00,0x00,0x6c,0x00,0x00,0xe6,0x00,0x00,0xc2,0x00,0x01,0x81,0x80,0x03,0x21,0xc0,0x06,0x30,0xf0,0x0c,0x18,0x3e,0x18,0x1c,0x1e,0x60,0x08,0x00,0x40,0x00,0x40,0x07,0xff,0xe0,0x00,0x00,0xe0,0x00,0x01,0xc0,0x00,0x01,0x80,0x00,0x03,0x00,0x00,0x06,0x00,0x00,0x06,0x00,0x00,0x0c,0x00,0x00,0x18,0x00,0x00,0x00,0x00 } },
  { 0x7d27, { 0x00,0x00,0x00,0x06,0x00,0x20,0x06,0x7f,0xf0,0x76,0x20,0x60,0x66,0x10,0xc0,0x66,0x0b,0x80,0x66,0x0f,0x00,0x66,0x1f,0x80,0x66,0xf1,0xfc,0x67,0xe0,0x38,0x06,0xe2,0x00,0x03,0x87,0x00,0x07,0xfe,0x00,0x07,0xf2,0x00,0x01,0xc1,0xc0,0x0f,0xff,0xe0,0x1f,0xfe,0x70,0x08,0x30,0x20,0x03,0x33,0x80,0x0f,0x30,0xe0,0x1c,0x30,0x70,0x70,0xf0,0x30,0x00,0x60,0x10,0x00,0x00,0x00 } },
  { 0x8fd1, { 0x00,0x00,0x00,0x00,0x00,0x00,0x10,0x00,0x30,0x0c,0x23,0xf0,0x0c,0x3f,0x80,0x06,0x30,0x00,0x04,0x30,0x00,0x00,0x30,0x00,0x04,0x30,0x08,0x7e,0x3f,0xfc,0x0c,0x30,0xc0,0x0c,0x30,0xc0,0x0c,0x30,0xc0,0x0c,0x20,0xc0,0x0c,0x60,0xc0,0x0c,0x60,0xc0,0x0c,0x40,0xc0,0x0c,0xc0,0xc0,0x1f,0x80,0xc0,0x31,0x80,0xc0,0x60,0xff,0xfe,0x20,0x3f,0xfc,0x00,0x00,0x00,0x00,0x00,0x00 } },
  { 0x8fdb, { 0x00,0x00,0x00,0x00,0x18,0xc0,0x18,0x1c,0xe0,0x0c,0x18,0xc0,0x06,0x18,0xc0,0x06,0x18,0xc8,0x00,0xff,0xfc,0x00,0x18,0xc0,0x04,0x18,0xc0,0x7e,0x18,0xc0,0x0c,0x18,0xc4,0x0d,0xff,0xfc,0x0c,0x18,0xc0,0x0c,0x18,0xc0,0x0c,0x18,0xc0,0x0c,0x30,0xc0,0x0c,0x20,0xc0,0x0c,0x40,0xc0,0x1e,0x80,0xc0,0x31,0x80,0x00,0x60,0xff,0xfe,0x20,0x3f,0xf8,0x00,0x00,0x00,0x00,0x00,0x00 } },
  { 0x7ecf, { 0x00,0x00,0x00,0x00,0x00,0x00,0x06,0x00,0x00,0x07,0x3f,0xe0,0x06,0x00,0x60,0x0c,0x00,0xc0,0x08,0x41,0x80,0x18,0xe1,0x80,0x31,0xc3,0xc0,0x7f,0x86,0x70,0x7f,0x1c,0x38,0x22,0x30,0x0c,0x04,0x40,0x04,0x0c,0x00,0x10,0x19,0xdf,0xf8,0x3f,0x03,0x00,0x38,0x03,0x00,0x00,0x03,0x00,0x00,0xc3,0x00,0x0f,0x83,0x00,0x7c,0x03,0x04,0x30,0xff,0xfe,0x00,0x00,0x00,0x00,0x00,0x00 } },
  { 0x6676, { 0x00,0x00,0x00,0x03,0xff,0x80,0x03,0x01,0xc0,0x03,0x01,0x80,0x03,0xff,0x80,0x03,0x01,0x80,0x03,0x01,0x80,0x03,0x01,0x80,0x03,0xff,0x80,0x03,0x01,0x80,0x02,0x00,0x10,0x3f,0xcf,0xf8,0x30,0xcc,0x18,0x30,0xcc,0x18,0x30,0xcc,0x18,0x3f,0xcf,0xf8,0x30,0xcc,0x18,0x30,0xcc,0x18,0x30,0xcc,0x18,0x3f,0xcf,0xf8,0x30,0xcc,0x18,0x20,0x8c,0x10,0x00,0x00,0x00,0x00,0x00,0x00 } },
  { 0x7cbe, { 0x04,0x01,0x80,0x06,0x01,0x80,0x06,0x01,0x88,0x26,0xdf,0xfc,0x36,0xc1,0x80,0x1f,0x81,0x80,0x17,0x0f,0xf8,0x06,0x09,0x80,0x7f,0xc1,0x84,0x06,0x3f,0xfe,0x0e,0x10,0x00,0x0f,0x1f,0xf8,0x0f,0xcc,0x18,0x1e,0xcc,0x18,0x1e,0xcf,0xf8,0x16,0x0c,0x18,0x36,0x0c,0x18,0x66,0x0f,0xf8,0x46,0x0c,0x18,0x06,0x0c,0x18,0x06,0x0c,0x18,0x06,0x1c,0xf8,0x04,0x18,0x30,0x00,0x00,0x00 } },
  { 0x8b66, { 0x00,0x00,0x00,0x0c,0x83,0x00,0x0c,0xc3,0x00,0x7f,0xf6,0x08,0x1c,0x87,0xf8,0x3f,0xf6,0x60,0x30,0x6e,0x60,0x7f,0x6b,0xc0,0x5b,0x61,0xc0,0x1f,0x61,0xc0,0x13,0xe3,0x78,0x01,0xec,0x3c,0x00,0x30,0x10,0x7f,0xff,0xf8,0x0f,0xff,0x80,0x00,0x00,0x00,0x07,0xff,0x80,0x00,0x00,0x00,0x0f,0xff,0x80,0x0c,0x01,0x80,0x0c,0x01,0x80,0x0f,0xff,0x80,0x0c,0x01,0x80,0x00,0x00,0x00 } },
  { 0x51c0, { 0x00,0x00,0x00,0x00,0x0c,0x00,0x10,0x0c,0x00,0x18,0x18,0x40,0x0c,0x1f,0xe0,0x0c,0x30,0xc0,0x05,0x61,0x10,0x01,0x7f,0xf8,0x01,0x03,0x18,0x02,0x03,0x18,0x02,0x03,0x1c,0x06,0xff,0xfe,0x04,0x03,0x18,0x0c,0x03,0x18,0x7c,0x03,0x18,0x38,0x7f,0xf8,0x18,0x03,0x10,0x18,0x03,0x00,0x18,0x03,0x00,0x1c,0x03,0x00,0x1c,0x1f,0x00,0x08,0x1e,0x00,0x00,0x06,0x00,0x00,0x00,0x00 } },
  { 0x5f84, { 0x00,0x00,0x00,0x03,0x00,0x00,0x03,0x3f,0xe0,0x06,0x00,0x60,0x0c,0x00,0xc0,0x08,0x01,0x80,0x11,0x83,0x80,0x21,0x87,0xe0,0x03,0x0c,0x38,0x07,0x18,0x1c,0x06,0x30,0x0e,0x0e,0xc0,0x14,0x1e,0x3f,0xf8,0x16,0x03,0x00,0x26,0x03,0x00,0x46,0x03,0x00,0x06,0x03,0x00,0x06,0x03,0x00,0x06,0x03,0x00,0x06,0x03,0x0c,0x06,0xff,0xfe,0x06,0x00,0x00,0x06,0x00,0x00,0x00,0x00,0x00 } },
  { 0x9759, { 0x02,0x02,0x00,0x03,0x03,0x00,0x03,0x26,0x20,0x3f,0xf7,0xf0,0x03,0x0c,0x60,0x3f,0xe8,0x40,0x03,0x10,0xc0,0x03,0x2f,0xf8,0x7f,0xf1,0x98,0x00,0x01,0x98,0x00,0x01,0x9c,0x3f,0xff,0xfe,0x30,0xc1,0x98,0x3f,0xc1,0x98,0x30,0xc1,0x98,0x30,0xcf,0xf8,0x3f,0xc9,0x98,0x30,0xc1,0x80,0x30,0xc1,0x80,0x30,0xc1,0x80,0x32,0xc1,0x80,0x33,0xcf,0x80,0x11,0x83,0x00,0x00,0x00,0x00 } },
  { 0x4e45, { 0x00,0x00,0x00,0x00,0x60,0x00,0x00,0x60,0x00,0x00,0xe0,0x00,0x00,0xc0,0x00,0x00,0xc2,0x00,0x01,0xff,0x00,0x01,0x86,0x00,0x03,0x06,0x00,0x03,0x0e,0x00,0x06,0x0c,0x00,0x04,0x0e,0x00,0x08,0x1a,0x00,0x10,0x3b,0x00,0x00,0x31,0x00,0x00,0x61,0x80,0x00,0xe1,0x80,0x00,0xc0,0xc0,0x01,0x80,0x60,0x03,0x00,0x78,0x0c,0x00,0x3e,0x18,0x00,0x1c,0x60,0x00,0x00,0x00,0x00,0x00 } },
  { 0x65e7, { 0x00,0x00,0x00,0x00,0x00,0x00,0x18,0x7f,0xf8,0x1c,0x60,0x18,0x18,0x60,0x18,0x18,0x60,0x18,0x18,0x60,0x18,0x18,0x60,0x18,0x18,0x60,0x18,0x18,0x60,0x18,0x18,0x7f,0xf8,0x18,0x60,0x18,0x18,0x60,0x18,0x18,0x60,0x18,0x18,0x60,0x18,0x18,0x60,0x18,0x18,0x60,0x18,0x18,0x7f,0xf8,0x18,0x60,0x18,0x1c,0x60,0x18,0x08,0x60,0x10,0x00,0x00,0x00,0x00,0x00,0x00,0x00,0x00,0x00 } },
  { 0x6551, { 0x00,0x00,0x00,0x03,0x01,0x80,0x03,0xe1,0x80,0x03,0x31,0x80,0x03,0x11,0x00,0x03,0x13,0x04,0x3f,0xfb,0xfe,0x03,0x02,0x18,0x23,0x06,0x18,0x1b,0x36,0x10,0x1b,0x67,0x30,0x0f,0xcb,0x30,0x0b,0x89,0x30,0x03,0x01,0x30,0x07,0xc1,0xe0,0x1b,0x71,0xe0,0x73,0x18,0xc0,0x23,0x08,0xc0,0x03,0x01,0xe0,0x03,0x03,0x38,0x03,0x0c,0x1c,0x0f,0x18,0x0e,0x06,0x20,0x00,0x00,0x00,0x00 } },
  { 0x5c31, { 0x00,0x00,0x00,0x02,0x03,0x00,0x03,0x83,0x40,0x01,0x93,0x30,0x3f,0xfb,0x18,0x00,0x03,0x10,0x00,0x03,0x04,0x1f,0xff,0xfe,0x18,0x63,0xc0,0x18,0x63,0xc0,0x18,0x63,0xc0,0x1f,0xe3,0xc0,0x19,0x63,0xc0,0x01,0x03,0xc0,0x0d,0x42,0xc0,0x19,0x36,0xc0,0x11,0x36,0xc4,0x31,0x3c,0xc4,0x21,0x08,0xc4,0x4f,0x18,0x66,0x07,0x30,0x7e,0x02,0x60,0x00,0x00,0x00,0x00,0x00,0x00,0x00 } },
  { 0x5c40, { 0x00,0x00,0x00,0x00,0x00,0x30,0x0f,0xff,0xf0,0x0c,0x00,0x30,0x0c,0x00,0x30,0x0f,0xff,0xf0,0x0c,0x00,0x30,0x0c,0x00,0x00,0x0c,0x00,0x00,0x0f,0xff,0xfc,0x0c,0x00,0x18,0x0c,0x00,0x18,0x0c,0xff,0x18,0x0c,0xc3,0x18,0x0c,0xc3,0x18,0x0c,0xc3,0x18,0x08,0xff,0x18,0x18,0xc3,0x18,0x10,0xc0,0x18,0x30,0x01,0xf8,0x20,0x00,0x78,0x40,0x00,0x30,0x00,0x00,0x00,0x00,0x00,0x00 } },
  { 0x77e9, { 0x00,0x00,0x00,0x0c,0x00,0x00,0x0c,0x00,0x08,0x18,0x1f,0xfc,0x18,0x58,0x00,0x1f,0xf8,0x00,0x36,0x18,0x00,0x26,0x18,0x00,0x46,0x1f,0xf8,0x06,0x18,0x18,0x06,0x18,0x18,0x7f,0xf8,0x18,0x06,0x18,0x18,0x06,0x18,0x18,0x06,0x1f,0xf8,0x07,0x98,0x10,0x04,0xd8,0x00,0x0c,0xd8,0x00,0x0c,0x78,0x00,0x18,0x58,0x00,0x10,0x18,0x04,0x20,0x1f,0xfe,0x40,0x08,0x00,0x00,0x00,0x00 } },
  { 0x53e5, { 0x00,0x00,0x00,0x01,0x80,0x00,0x03,0x80,0x00,0x03,0x00,0x08,0x07,0xff,0xfc,0x06,0x00,0x0c,0x0c,0x00,0x0c,0x18,0x00,0x0c,0x10,0x00,0x0c,0x20,0x00,0x0c,0x47,0xfe,0x0c,0x06,0x06,0x0c,0x06,0x06,0x0c,0x06,0x06,0x0c,0x06,0x06,0x0c,0x07,0xfe,0x0c,0x06,0x06,0x0c,0x06,0x00,0x18,0x00,0x00,0x18,0x00,0x00,0x18,0x00,0x03,0xf8,0x00,0x00,0xf0,0x00,0x00,0x60,0x00,0x00,0x00 } },
  { 0x5177, { 0x00,0x00,0x00,0x03,0xff,0xc0,0x03,0x00,0xc0,0x03,0x00,0xc0,0x03,0x00,0xc0,0x03,0xff,0xc0,0x03,0x00,0xc0,0x03,0x00,0xc0,0x03,0xff,0xc0,0x03,0x00,0xc0,0x03,0x00,0xc0,0x03,0xff,0xc0,0x03,0x00,0xc0,0x03,0x00,0xc0,0x03,0x00,0xc8,0x3f,0xff,0xfc,0x20,0x80,0x00,0x01,0xc1,0x80,0x03,0x80,0xe0,0x0e,0x00,0x38,0x18,0x00,0x18,0x60,0x00,0x08,0x00,0x00,0x00,0x00,0x00,0x00 } },
  { 0x636e, { 0x00,0x00,0x00,0x04,0x00,0x00,0x06,0x3f,0xf8,0x06,0x30,0x18,0x06,0x30,0x18,0x06,0xb0,0x18,0x7f,0xff,0xf8,0x06,0x31,0x98,0x06,0x31,0x80,0x06,0x71,0x80,0x07,0xbf,0xfc,0x07,0x31,0x80,0x1e,0x21,0x80,0x7e,0x61,0x80,0x66,0x7f,0xf8,0x06,0x58,0x18,0x06,0xd8,0x18,0x06,0xd8,0x18,0x06,0x98,0x18,0x07,0x1f,0xf8,0x3f,0x18,0x18,0x0e,0x18,0x18,0x00,0x00,0x00,0x00,0x00,0x00 } },
  { 0x8ddd, { 0x00,0x00,0x00,0x00,0x00,0x00,0x00,0x40,0x08,0x3f,0xdf,0xfc,0x10,0xcc,0x00,0x10,0xcc,0x00,0x10,0xcc,0x00,0x10,0xcc,0x00,0x1f,0xcf,0xf8,0x36,0xcc,0x18,0x06,0x0c,0x18,0x26,0x0c,0x18,0x36,0x0c,0x18,0x37,0xcc,0x18,0x36,0x0f,0xf8,0x36,0x0c,0x18,0x36,0x0c,0x00,0x36,0x2c,0x00,0x37,0xcc,0x00,0x3f,0x0c,0x04,0x78,0x1f,0xfe,0x60,0x08,0x00,0x00,0x00,0x00,0x00,0x00,0x00 } },
  { 0x51b3, { 0x00,0x00,0x00,0x00,0x0c,0x00,0x00,0x0c,0x00,0x30,0x0c,0x00,0x18,0x0c,0x00,0x1d,0x0c,0x00,0x09,0x7f,0xe0,0x02,0x0c,0x60,0x02,0x0c,0x60,0x06,0x0c,0x60,0x04,0x0c,0x60,0x0c,0x08,0x60,0x0c,0x18,0x68,0x0b,0xff,0xfc,0x78,0x1a,0x00,0x18,0x1a,0x00,0x18,0x13,0x00,0x18,0x31,0x00,0x18,0x61,0x80,0x38,0x40,0xc0,0x19,0x80,0xf0,0x03,0x00,0x78,0x04,0x00,0x10,0x00,0x00,0x00 } },
  { 0x7edd, { 0x00,0x00,0x00,0x02,0x03,0x00,0x03,0x03,0x00,0x06,0x06,0x00,0x06,0x07,0xf0,0x0c,0x4c,0x38,0x18,0xec,0x60,0x10,0xd8,0x40,0x31,0x90,0x40,0x7f,0x3f,0xfc,0x73,0x59,0x98,0x06,0x19,0x98,0x04,0x19,0x98,0x08,0x19,0x98,0x1b,0xdf,0xfc,0x3f,0x18,0x18,0x30,0x18,0x00,0x00,0x18,0x00,0x01,0xd8,0x04,0x0f,0x18,0x04,0x3c,0x18,0x04,0x30,0x1f,0xfe,0x00,0x0f,0xfe,0x00,0x00,0x00 } },
  { 0x5361, { 0x00,0x00,0x00,0x00,0x60,0x00,0x00,0x60,0x00,0x00,0x60,0x00,0x00,0x60,0x40,0x00,0x7f,0xe0,0x00,0x60,0x00,0x00,0x60,0x00,0x00,0x60,0x00,0x00,0x60,0x18,0x7f,0xff,0xfc,0x00,0x60,0x00,0x00,0x60,0x00,0x00,0x60,0x00,0x00,0x7e,0x00,0x00,0x67,0xc0,0x00,0x61,0xe0,0x00,0x60,0x60,0x00,0x60,0x00,0x00,0x60,0x00,0x00,0x60,0x00,0x00,0x60,0x00,0x00,0x60,0x00,0x00,0x00,0x00 } },
  { 0x5f00, { 0x00,0x00,0x00,0x00,0x00,0x18,0x1f,0xff,0xfc,0x11,0xc1,0x80,0x01,0xc1,0x80,0x01,0xc1,0x80,0x01,0xc1,0x80,0x01,0xc1,0x80,0x01,0xc1,0x80,0x01,0xc1,0x8c,0x7f,0xff,0xfe,0x01,0xc1,0x80,0x01,0x81,0x80,0x01,0x81,0x80,0x01,0x81,0x80,0x01,0x81,0x80,0x03,0x01,0x80,0x03,0x01,0x80,0x06,0x01,0x80,0x0c,0x01,0x80,0x18,0x01,0x80,0x60,0x01,0x00,0x00,0x00,0x00,0x00,0x00,0x00 } },
  { 0x770b, { 0x00,0x00,0x00,0x00,0x00,0x60,0x00,0x0f,0xf0,0x1f,0xff,0x00,0x18,0x30,0x00,0x00,0x30,0x20,0x0f,0xff,0xf0,0x00,0x60,0x00,0x00,0x60,0x04,0x7f,0xff,0xfe,0x00,0xc0,0x00,0x01,0x80,0x40,0x03,0xff,0xe0,0x03,0x80,0x60,0x05,0x80,0x60,0x09,0xff,0xe0,0x11,0x80,0x60,0x61,0x80,0x60,0x01,0xff,0xe0,0x01,0x80,0x60,0x01,0x80,0x60,0x01,0xff,0xe0,0x01,0x80,0x40,0x00,0x00,0x00 } },
  { 0x9760, { 0x00,0x00,0x00,0x02,0x18,0x00,0x03,0x18,0x40,0x07,0xff,0xe0,0x04,0x18,0x00,0x08,0x18,0x0c,0x7f,0xff,0xfe,0x00,0x00,0x00,0x07,0xff,0xe0,0x06,0x00,0xc0,0x07,0xff,0xc0,0x06,0x04,0xc0,0x00,0xe6,0x08,0x3f,0xc7,0xfc,0x00,0xc6,0x00,0x00,0xc6,0x10,0x1f,0xc7,0xf8,0x00,0xc6,0x00,0x00,0xc6,0x04,0x7f,0xc7,0xfe,0x00,0xc6,0x00,0x00,0xc6,0x00,0x00,0x46,0x00,0x00,0x00,0x00 } },
  { 0x53ef, { 0x00,0x00,0x00,0x00,0x00,0x0c,0x7f,0xff,0xfe,0x00,0x00,0x60,0x00,0x00,0x60,0x00,0x00,0x60,0x00,0x00,0x60,0x0f,0xf8,0x60,0x0c,0x18,0x60,0x0c,0x18,0x60,0x0c,0x18,0x60,0x0c,0x18,0x60,0x0c,0x18,0x60,0x0c,0x18,0x60,0x0f,0xf8,0x60,0x0c,0x18,0x60,0x0c,0x10,0x60,0x0c,0x00,0x60,0x00,0x00,0x60,0x00,0x07,0xe0,0x00,0x03,0xc0,0x00,0x00,0xc0,0x00,0x00,0x00,0x00,0x00,0x00 } },
  { 0x523b, { 0x00,0x00,0x00,0x03,0x00,0x0c,0x01,0x80,0x0c,0x01,0xc0,0x0c,0x00,0x84,0x0c,0x3f,0xfe,0xcc,0x01,0x80,0xcc,0x03,0x10,0xcc,0x06,0x38,0xcc,0x0c,0x30,0xcc,0x1f,0xe0,0xcc,0x1e,0x68,0xcc,0x00,0xcc,0xcc,0x01,0x9c,0xcc,0x03,0x38,0xcc,0x0e,0x30,0xcc,0x18,0x60,0xcc,0x70,0xf0,0x0c,0x01,0x98,0x0c,0x07,0x1c,0x0c,0x0c,0x0c,0x7c,0x30,0x00,0x3c,0x40,0x00,0x18,0x00,0x00,0x00 } },
  { 0x5ba2, { 0x00,0x00,0x00,0x00,0x30,0x00,0x00,0x18,0x00,0x10,0x18,0x08,0x1f,0xff,0xfc,0x10,0xc0,0x1c,0x30,0xe0,0x10,0x31,0xff,0xa0,0x01,0xc1,0xc0,0x03,0x63,0x00,0x06,0x36,0x00,0x0c,0x1c,0x00,0x10,0x3c,0x00,0x00,0x77,0x00,0x01,0xe3,0xf0,0x07,0x80,0xfe,0x3f,0xff,0xfc,0x43,0x00,0xc0,0x03,0x00,0xc0,0x03,0x00,0xc0,0x03,0x00,0xc0,0x03,0xff,0xc0,0x03,0x00,0xc0,0x00,0x00,0x00 } },
  { 0x542d, { 0x00,0x00,0x00,0x00,0x18,0x00,0x00,0x0c,0x00,0x00,0x0c,0x00,0x7e,0x04,0x20,0x67,0xff,0xf0,0x66,0x00,0x00,0x66,0x00,0x00,0x66,0x01,0x00,0x66,0x7f,0x80,0x66,0x61,0x80,0x66,0x61,0x80,0x66,0x61,0x80,0x7e,0x61,0x80,0x66,0x61,0x80,0x66,0x61,0x88,0x60,0x61,0x88,0x40,0xc1,0x88,0x00,0xc1,0x88,0x01,0x81,0xfc,0x07,0x01,0xf8,0x0c,0x00,0x00,0x00,0x00,0x00,0x00,0x00,0x00 } },
  { 0x5751, { 0x00,0x00,0x00,0x0c,0x08,0x00,0x0c,0x06,0x00,0x0c,0x07,0x00,0x0c,0x03,0x00,0x0c,0x00,0x08,0x0c,0xff,0xfc,0x7f,0xc0,0x00,0x0c,0x00,0x00,0x0c,0x1f,0xc0,0x0c,0x18,0xc0,0x0c,0x18,0xc0,0x0c,0x18,0xc0,0x0c,0x18,0xc0,0x0d,0xd8,0xc0,0x0f,0x30,0xc4,0x7c,0x30,0xc4,0x70,0x30,0xc4,0x00,0x60,0xc4,0x00,0xc0,0xde,0x01,0x80,0xfc,0x06,0x00,0x00,0x00,0x00,0x00,0x00,0x00,0x00 } },
  { 0x7a7a, { 0x00,0x00,0x00,0x00,0x00,0x00,0x00,0x30,0x00,0x00,0x18,0x00,0x08,0x18,0x08,0x1f,0xff,0xfc,0x18,0x00,0x0c,0x38,0xc2,0x18,0x31,0xc1,0xd0,0x03,0x80,0xf0,0x07,0x00,0x78,0x0c,0x00,0x18,0x18,0x00,0x48,0x27,0xff,0xe0,0x00,0x18,0x00,0x00,0x18,0x00,0x00,0x18,0x00,0x00,0x18,0x00,0x00,0x18,0x00,0x00,0x18,0x00,0x00,0x18,0x08,0x3f,0xff,0xfc,0x00,0x00,0x00,0x00,0x00,0x00 } },
  { 0x63a7, { 0x00,0x00,0x00,0x0c,0x04,0x00,0x0e,0x03,0x00,0x0e,0x03,0x80,0x0e,0x21,0x80,0x0e,0x3f,0xfc,0x7f,0xe0,0x0c,0x0e,0x64,0x08,0x0e,0x06,0xc0,0x0e,0x0c,0x70,0x0e,0x98,0x18,0x0f,0xb0,0x1c,0x1e,0x40,0x18,0x7e,0x3f,0xf8,0x6e,0x03,0x00,0x0e,0x03,0x00,0x0e,0x03,0x00,0x0e,0x03,0x00,0x0e,0x03,0x00,0x0e,0x03,0x04,0x0e,0xff,0xfe,0x3c,0x00,0x00,0x08,0x00,0x00,0x00,0x00,0x00 } },
  { 0x53e3, { 0x00,0x00,0x00,0x00,0x00,0x00,0x00,0x00,0x00,0x00,0x00,0x30,0x0f,0xff,0xf0,0x0c,0x00,0x30,0x0c,0x00,0x30,0x0c,0x00,0x30,0x0c,0x00,0x30,0x0c,0x00,0x30,0x0c,0x00,0x30,0x0c,0x00,0x30,0x0c,0x00,0x30,0x0c,0x00,0x30,0x0c,0x00,0x30,0x0c,0x00,0x30,0x0f,0xff,0xf0,0x0c,0x00,0x30,0x0c,0x00,0x30,0x0c,0x00,0x00,0x00,0x00,0x00,0x00,0x00,0x00,0x00,0x00,0x00,0x00,0x00,0x00 } },
  { 0x5e93, { 0x00,0x00,0x00,0x00,0x18,0x00,0x00,0x0c,0x00,0x00,0x0c,0x08,0x1f,0xff,0xfc,0x1c,0x18,0x00,0x1c,0x18,0x00,0x1c,0x30,0x10,0x1f,0xff,0xf8,0x18,0x20,0x00,0x18,0x66,0x00,0x18,0x46,0x00,0x18,0xc6,0x20,0x18,0xff,0xf0,0x18,0x86,0x00,0x18,0x06,0x00,0x18,0x06,0x08,0x13,0xff,0xfc,0x10,0x06,0x00,0x30,0x06,0x00,0x20,0x06,0x00,0x60,0x06,0x00,0x40,0x06,0x00,0x00,0x00,0x00 } },
  { 0x8de8, { 0x00,0x00,0x00,0x00,0x03,0x00,0x00,0x83,0x00,0x3f,0xc3,0x08,0x31,0xbf,0xfc,0x31,0x86,0x80,0x31,0x84,0x40,0x31,0x8c,0x60,0x3f,0x98,0x60,0x36,0xbf,0xf8,0x06,0x60,0x1e,0x06,0xc0,0x1c,0x36,0xbf,0xf8,0x37,0xc4,0x00,0x36,0x0c,0x00,0x36,0x0c,0x00,0x36,0x0f,0xf8,0x36,0x08,0x30,0x37,0xc0,0x30,0x3f,0x00,0x20,0x78,0x04,0x60,0x60,0x03,0xe0,0x00,0x01,0xc0,0x00,0x00,0x00 } },
  { 0x5757, { 0x00,0x00,0x00,0x04,0x06,0x00,0x0e,0x06,0x00,0x0c,0x06,0x00,0x0c,0x06,0x00,0x0c,0x06,0x00,0x0c,0x7f,0xf8,0x0c,0x86,0x30,0x7f,0xc6,0x30,0x0c,0x06,0x30,0x0c,0x06,0x30,0x0c,0x06,0x30,0x0c,0x06,0x34,0x0c,0xff,0xfe,0x0c,0x0d,0x00,0x0c,0x0d,0x00,0x0f,0xcd,0x80,0x7e,0x18,0x80,0x78,0x18,0xc0,0x20,0x30,0x70,0x00,0xe0,0x38,0x01,0x80,0x1e,0x06,0x00,0x08,0x00,0x00,0x00 } },
  { 0x5feb, { 0x00,0x00,0x00,0x0c,0x06,0x00,0x0c,0x06,0x00,0x0c,0x06,0x00,0x0c,0x06,0x10,0x0c,0x7f,0xf8,0x0e,0x06,0x30,0x0f,0x86,0x30,0x3d,0x86,0x30,0x3c,0x86,0x30,0x7c,0x06,0x30,0x6c,0x06,0x34,0x0d,0xff,0xfe,0x0c,0x0f,0x00,0x0c,0x0d,0x00,0x0c,0x0d,0x80,0x0c,0x19,0x80,0x0c,0x18,0xc0,0x0c,0x30,0xe0,0x0c,0x30,0x70,0x0c,0x60,0x3c,0x0c,0x80,0x1e,0x0f,0x00,0x08,0x00,0x00,0x00 } },
  { 0x5bbd, { 0x00,0x00,0x00,0x00,0x30,0x00,0x00,0x18,0x00,0x00,0x18,0x00,0x1f,0xff,0xf8,0x18,0x00,0x1c,0x38,0xc3,0x10,0x30,0xc3,0x10,0x1f,0xff,0xf8,0x00,0xc3,0x00,0x00,0xc2,0x00,0x03,0xff,0xc0,0x03,0x00,0xc0,0x03,0x18,0xc0,0x03,0x18,0xc0,0x03,0x3e,0xc0,0x03,0x3c,0xc0,0x03,0x3c,0xc8,0x02,0x6c,0x08,0x00,0x6c,0x08,0x01,0xcc,0x0c,0x07,0x07,0xfc,0x3c,0x00,0x00,0x00,0x00,0x00 } },
  { 0x6846, { 0x00,0x00,0x00,0x0e,0x00,0x04,0x0e,0x3f,0xfe,0x0c,0x30,0x00,0x0c,0x30,0x00,0x0c,0xb0,0x00,0x7f,0xff,0xf8,0x0c,0x30,0xc0,0x0c,0x30,0xc0,0x0e,0x30,0xc0,0x0f,0x30,0xc0,0x1d,0xb7,0xf8,0x1c,0xb0,0xc0,0x1c,0x30,0xc0,0x3c,0x30,0xc0,0x2c,0x30,0xc8,0x4c,0x3f,0xfc,0x0c,0x30,0x00,0x0c,0x30,0x00,0x0c,0x30,0x04,0x0e,0x3f,0xfe,0x0e,0x20,0x00,0x0c,0x00,0x00,0x00,0x00,0x00 } },
  { 0x51b5, { 0x00,0x00,0x00,0x00,0x00,0x00,0x20,0x7f,0xf0,0x18,0x60,0x30,0x19,0x60,0x30,0x09,0x60,0x30,0x02,0x60,0x30,0x02,0x60,0x30,0x06,0x60,0x30,0x04,0x7f,0xf0,0x0c,0x6d,0xb0,0x0c,0x59,0x80,0x18,0x19,0x80,0x78,0x19,0x80,0x18,0x19,0x80,0x18,0x19,0x84,0x38,0x11,0x84,0x38,0x31,0x84,0x38,0x61,0x84,0x00,0xc1,0xfe,0x03,0x81,0xfe,0x0e,0x00,0x00,0x00,0x00,0x00,0x00,0x00,0x00 } },
  { 0x6e83, { 0x00,0x00,0x00,0x00,0x07,0x00,0x18,0x06,0x00,0x0c,0x7f,0xf8,0x06,0x66,0x30,0x06,0x66,0x30,0x01,0x66,0x30,0x02,0x7f,0xf0,0x62,0x66,0x14,0x33,0xff,0xfe,0x1a,0x00,0x00,0x14,0x00,0x00,0x04,0x7f,0xf0,0x04,0x60,0x30,0x0c,0x67,0x30,0x0c,0x67,0x30,0x78,0x66,0x30,0x18,0x66,0x30,0x18,0x67,0x20,0x18,0x0c,0xf0,0x18,0x1c,0x38,0x18,0x78,0x1c,0x0b,0xc0,0x0c,0x00,0x00,0x00 } },
  { 0x9988, { 0x00,0x00,0x00,0x08,0x01,0x80,0x0c,0x01,0x80,0x0c,0x3f,0xf8,0x0c,0x31,0x98,0x18,0x31,0x98,0x1f,0xff,0xf8,0x10,0xf1,0x98,0x31,0x81,0x84,0x2d,0x7f,0xfe,0x6c,0x00,0x00,0x4c,0x3f,0xf8,0x0c,0x30,0x18,0x0c,0x31,0x18,0x0c,0x33,0x98,0x0c,0x33,0x18,0x0c,0xf3,0x18,0x0d,0xb3,0x18,0x0f,0x02,0xe0,0x0e,0x06,0x38,0x0c,0x0c,0x1c,0x04,0x38,0x0e,0x00,0xe0,0x04,0x00,0x00,0x00 } },
  { 0x6269, { 0x00,0x00,0x00,0x06,0x01,0x00,0x06,0x01,0x80,0x06,0x00,0xc0,0x06,0x00,0xc4,0x06,0x1f,0xfe,0x7f,0xd8,0x00,0x06,0x18,0x00,0x06,0x18,0x00,0x06,0x18,0x00,0x06,0xd8,0x00,0x07,0x98,0x00,0x3e,0x18,0x00,0x7e,0x18,0x00,0x26,0x10,0x00,0x06,0x30,0x00,0x06,0x30,0x00,0x06,0x30,0x00,0x06,0x20,0x00,0x06,0x60,0x00,0x3e,0x40,0x00,0x1e,0x80,0x00,0x0d,0x00,0x00,0x00,0x00,0x00 } },
  { 0x62c9, { 0x00,0x00,0x00,0x06,0x00,0x00,0x07,0x02,0x00,0x06,0x03,0x00,0x06,0x01,0x80,0x06,0x01,0x80,0x3f,0xc0,0x08,0x06,0x1f,0xfc,0x06,0x00,0x00,0x06,0x00,0x00,0x06,0xc0,0x30,0x07,0x88,0x30,0x0e,0x08,0x30,0x3e,0x0c,0x60,0x76,0x0c,0x60,0x26,0x0e,0x60,0x06,0x06,0x40,0x06,0x06,0xc0,0x06,0x04,0xc0,0x06,0x00,0x80,0x3e,0x00,0x84,0x1e,0x7f,0xfe,0x04,0x40,0x00,0x00,0x00,0x00 } },
  { 0x6765, { 0x00,0x00,0x00,0x00,0x18,0x00,0x00,0x18,0x00,0x00,0x18,0x00,0x00,0x18,0x10,0x1f,0xff,0xf8,0x00,0x18,0x60,0x06,0x18,0x60,0x03,0x98,0xc0,0x01,0x99,0x80,0x01,0x99,0x0c,0x7f,0xff,0xfe,0x00,0x3c,0x00,0x00,0x7e,0x00,0x00,0xfa,0x00,0x00,0xd9,0x00,0x01,0x99,0x80,0x03,0x18,0xe0,0x06,0x18,0x78,0x0c,0x18,0x3e,0x18,0x18,0x1c,0x60,0x18,0x00,0x00,0x18,0x00,0x00,0x00,0x00 } },
  { 0x8d56, { 0x00,0x00,0x00,0x03,0x01,0x00,0x03,0x01,0x80,0x03,0x03,0x00,0x7f,0xf3,0xf8,0x03,0x06,0x38,0x03,0x06,0x20,0x03,0x0c,0x60,0x3f,0xef,0xfc,0x33,0x76,0x0c,0x33,0x76,0x4c,0x33,0x66,0xec,0x3f,0xe6,0xcc,0x37,0x66,0xcc,0x07,0x06,0xcc,0x0f,0xc6,0xcc,0x0b,0x66,0xcc,0x1b,0x34,0xc0,0x33,0x21,0xb0,0x23,0x03,0x1c,0x43,0x06,0x0e,0x03,0x1c,0x06,0x03,0x70,0x02,0x00,0x00,0x00 } },
  { 0x62e6, { 0x00,0x00,0x00,0x06,0x00,0x30,0x06,0x18,0x38,0x06,0x0c,0x30,0x06,0x0e,0x20,0x06,0x46,0x60,0x7f,0xe4,0x40,0x06,0x00,0xc8,0x06,0x7f,0xfc,0x06,0x00,0x00,0x06,0xe0,0x00,0x07,0x80,0x00,0x1e,0x00,0x00,0x7e,0x00,0x10,0x66,0x1f,0xf8,0x06,0x00,0x00,0x06,0x00,0x00,0x06,0x00,0x00,0x06,0x00,0x00,0x06,0x00,0x00,0x3e,0x00,0x0c,0x1e,0xff,0xfe,0x04,0x00,0x00,0x00,0x00,0x00 } },
  { 0x89c8, { 0x00,0x00,0x00,0x00,0xc3,0x00,0x08,0xc3,0x00,0x1c,0xc7,0x08,0x18,0xc7,0xfc,0x18,0xc6,0x00,0x18,0xcd,0xc0,0x18,0xc8,0x60,0x18,0xd0,0x30,0x00,0xa0,0x10,0x07,0xff,0xe0,0x06,0x00,0x60,0x06,0x10,0x60,0x06,0x18,0x60,0x06,0x18,0x60,0x06,0x3c,0x60,0x06,0x3c,0x60,0x06,0x3c,0x44,0x00,0x6c,0x04,0x00,0x6c,0x04,0x01,0xcc,0x0e,0x07,0x87,0xfe,0x7c,0x00,0x00,0x00,0x00,0x00 } },
  { 0x52b3, { 0x00,0x00,0x00,0x00,0xc3,0x80,0x00,0xc1,0x80,0x00,0xc1,0x88,0x3f,0xff,0xfc,0x00,0xc1,0x80,0x00,0xc1,0x80,0x00,0xc1,0x00,0x08,0x00,0x08,0x0f,0xff,0xfc,0x18,0x30,0x1c,0x38,0x30,0x10,0x30,0x30,0x00,0x0f,0xff,0xe0,0x08,0x30,0x60,0x00,0x30,0x60,0x00,0x60,0x60,0x00,0x60,0x60,0x00,0xc0,0xe0,0x01,0x80,0xc0,0x03,0x0f,0xc0,0x0e,0x03,0xc0,0x30,0x01,0x00,0x00,0x00,0x00 } },
  { 0x8001, { 0x00,0x00,0x00,0x00,0x30,0x00,0x00,0x30,0x00,0x00,0x30,0x30,0x00,0x31,0x70,0x0f,0xff,0xe0,0x04,0x30,0xc0,0x00,0x31,0xc0,0x00,0x31,0x8c,0x3f,0xff,0xfe,0x00,0x06,0x00,0x00,0x0c,0x00,0x00,0x38,0x00,0x00,0xf0,0xc0,0x00,0xe1,0xe0,0x03,0xc3,0x80,0x06,0xce,0x00,0x1c,0xf8,0x10,0x60,0xe0,0x10,0x00,0xc0,0x10,0x00,0xc0,0x10,0x00,0xff,0xf8,0x00,0xff,0xf8,0x00,0x00,0x00 } },
  { 0x4e86, { 0x00,0x00,0x00,0x1f,0xff,0xf0,0x00,0x00,0x78,0x00,0x00,0xf0,0x00,0x01,0xc0,0x00,0x03,0x00,0x00,0x1e,0x00,0x00,0x1c,0x00,0x00,0x18,0x00,0x00,0x18,0x00,0x00,0x18,0x00,0x00,0x18,0x00,0x00,0x18,0x00,0x00,0x18,0x00,0x00,0x18,0x00,0x00,0x18,0x00,0x00,0x18,0x00,0x00,0x18,0x00,0x00,0x18,0x00,0x01,0xf8,0x00,0x00,0x78,0x00,0x00,0x30,0x00,0x00,0x00,0x00,0x00,0x00,0x00 } },
  { 0x6cea, { 0x00,0x00,0x00,0x0c,0x00,0x08,0x06,0x3f,0xfc,0x06,0x30,0x0c,0x02,0xb0,0x0c,0x00,0xb0,0x0c,0x60,0xb0,0x0c,0x31,0x3f,0xfc,0x19,0x30,0x0c,0x1b,0x30,0x0c,0x02,0x30,0x0c,0x02,0x30,0x0c,0x06,0x30,0x0c,0x06,0x3f,0xfc,0x04,0x30,0x0c,0x3c,0x30,0x0c,0x1c,0x30,0x0c,0x0c,0x30,0x0c,0x0c,0x30,0x0c,0x1c,0x3f,0xfc,0x1c,0x30,0x0c,0x08,0x20,0x08,0x00,0x00,0x00,0x00,0x00,0x00 } },
  { 0x7c7b, { 0x00,0x00,0x00,0x00,0x18,0x00,0x06,0x18,0x60,0x03,0x98,0xe0,0x01,0x98,0xc0,0x00,0x99,0x04,0x3f,0xff,0xfe,0x00,0x7c,0x00,0x00,0x7f,0x80,0x01,0xd8,0xf0,0x03,0x18,0x38,0x0e,0x18,0x1c,0x38,0x00,0x08,0x20,0x38,0x00,0x00,0x30,0x04,0x7f,0xff,0xfe,0x00,0x34,0x00,0x00,0x66,0x00,0x00,0x63,0x00,0x00,0xc1,0xc0,0x03,0x80,0xf8,0x0f,0x00,0x3e,0x78,0x00,0x08,0x00,0x00,0x00 } },
  { 0x7d2f, { 0x00,0x00,0x00,0x07,0xff,0xf0,0x06,0x18,0x30,0x06,0x18,0x30,0x07,0xff,0xf0,0x06,0x18,0x30,0x06,0x18,0x30,0x07,0xff,0xf0,0x06,0x18,0x30,0x00,0x79,0x00,0x01,0xc3,0x80,0x07,0xff,0x00,0x07,0xdc,0x80,0x00,0xf0,0x60,0x07,0x8f,0xf0,0x0f,0xff,0x38,0x06,0x8c,0x10,0x01,0x8d,0xc0,0x03,0xcc,0x70,0x06,0x4c,0x38,0x1c,0x78,0x1c,0x20,0x18,0x08,0x00,0x00,0x00,0x00,0x00,0x00 } },
  { 0x79bb, { 0x00,0x00,0x00,0x00,0x30,0x00,0x00,0x18,0x00,0x00,0x18,0x08,0x3f,0xff,0xfc,0x04,0x02,0x00,0x06,0xc6,0x60,0x06,0x3c,0x60,0x06,0x1e,0x60,0x06,0x67,0x60,0x07,0x83,0x60,0x07,0xff,0xe0,0x06,0x18,0x60,0x1f,0xff,0xf8,0x18,0x20,0x18,0x18,0x66,0x18,0x18,0xc3,0x18,0x19,0xff,0x98,0x19,0xf9,0x98,0x18,0x00,0x98,0x18,0x00,0xf8,0x18,0x00,0x78,0x18,0x00,0x30,0x00,0x00,0x00 } },
  { 0x91cc, { 0x00,0x00,0x00,0x00,0x00,0x00,0x0f,0xff,0xc0,0x0c,0x30,0xe0,0x0c,0x30,0xc0,0x0c,0x30,0xc0,0x0c,0x30,0xc0,0x0f,0xff,0xc0,0x0c,0x30,0xc0,0x0c,0x30,0xc0,0x0c,0x30,0xc0,0x0c,0x30,0xc0,0x0f,0xff,0xc0,0x0c,0x30,0xc0,0x08,0x30,0x00,0x00,0x30,0x60,0x1f,0xff,0xf0,0x10,0x30,0x00,0x00,0x30,0x00,0x00,0x30,0x00,0x00,0x30,0x18,0x7f,0xff,0xfc,0x00,0x00,0x00,0x00,0x00,0x00 } },
  { 0x7406, { 0x00,0x00,0x00,0x00,0x00,0x00,0x00,0xbf,0xf8,0x3f,0xf1,0x98,0x06,0x31,0x98,0x06,0x31,0x98,0x06,0x31,0x98,0x06,0x3f,0xf8,0x06,0x31,0x98,0x06,0xb1,0x98,0x3f,0xf1,0x98,0x06,0x3f,0xf8,0x06,0x31,0x98,0x06,0x01,0x80,0x06,0x01,0x80,0x06,0x01,0x88,0x07,0xff,0xfc,0x0f,0x01,0x80,0x78,0x01,0x80,0x20,0x01,0x84,0x00,0xff,0xfe,0x00,0x00,0x00,0x00,0x00,0x00,0x00,0x00,0x00 } },
  { 0x5386, { 0x00,0x00,0x00,0x00,0x00,0x08,0x0f,0xff,0xfc,0x0c,0x0c,0x00,0x0c,0x0e,0x00,0x0c,0x0c,0x00,0x0c,0x0c,0x00,0x0c,0x0c,0x08,0x0d,0xff,0xfc,0x0c,0x0c,0x18,0x0c,0x0c,0x18,0x0c,0x0c,0x18,0x0c,0x18,0x18,0x0c,0x18,0x18,0x0c,0x18,0x18,0x08,0x10,0x18,0x18,0x30,0x18,0x18,0x60,0x10,0x10,0x40,0x30,0x30,0x83,0xf0,0x23,0x00,0xe0,0x46,0x00,0xc0,0x00,0x00,0x00,0x00,0x00,0x00 } },
  { 0x7acb, { 0x00,0x00,0x00,0x00,0x00,0x00,0x00,0x20,0x00,0x00,0x38,0x00,0x00,0x18,0x00,0x00,0x18,0x00,0x00,0x08,0x18,0x1f,0xff,0xfc,0x10,0x00,0x00,0x00,0x01,0x80,0x02,0x01,0xc0,0x01,0x01,0x80,0x01,0x81,0x80,0x01,0x81,0x80,0x00,0xc1,0x00,0x00,0xc3,0x00,0x00,0xc3,0x00,0x00,0xe2,0x00,0x00,0xc6,0x00,0x00,0x06,0x00,0x00,0x04,0x0c,0x7f,0xff,0xfe,0x00,0x00,0x00,0x00,0x00,0x00 } },
  { 0x4f8b, { 0x00,0x00,0x00,0x06,0x00,0x08,0x06,0x00,0x0c,0x06,0x02,0x0c,0x0d,0xff,0x0c,0x0c,0x30,0x0c,0x0c,0x60,0xcc,0x1c,0x60,0xcc,0x1c,0x7e,0xcc,0x3c,0x46,0xcc,0x2c,0xc6,0xcc,0x6c,0xcc,0xcc,0x4d,0xec,0xcc,0x0d,0x2c,0xcc,0x0e,0x38,0xcc,0x0c,0x18,0xcc,0x0c,0x30,0xcc,0x0c,0x30,0xcc,0x0c,0x60,0x0c,0x0c,0xc0,0x0c,0x0d,0x80,0x0c,0x0f,0x00,0x78,0x0c,0x00,0x18,0x00,0x00,0x00 } },
  { 0x8fde, { 0x00,0x00,0x00,0x00,0x06,0x00,0x10,0x07,0x00,0x18,0x06,0x00,0x0c,0x0c,0x08,0x0c,0xff,0xfc,0x00,0x18,0x00,0x00,0x1b,0x00,0x04,0x33,0x00,0x7e,0x63,0x10,0x0c,0xff,0xf8,0x0c,0x43,0x00,0x0c,0x03,0x00,0x0c,0x03,0x0c,0x0d,0xff,0xfe,0x0c,0x03,0x00,0x0c,0x03,0x00,0x0c,0x03,0x00,0x1f,0x03,0x00,0x71,0x82,0x00,0x20,0xff,0xfe,0x00,0x3f,0xfc,0x00,0x00,0x00,0x00,0x00,0x00 } },
  { 0x8054, { 0x00,0x00,0x00,0x00,0x08,0x30,0x00,0x2c,0x38,0x7f,0xf6,0x30,0x19,0x86,0x60,0x19,0x86,0x60,0x19,0x80,0x48,0x19,0xbf,0xfc,0x1f,0x81,0x80,0x19,0x81,0x80,0x19,0x81,0x80,0x19,0x81,0x84,0x1f,0xbf,0xfe,0x19,0x81,0x80,0x19,0x81,0xc0,0x19,0xa1,0x40,0x1b,0xc3,0x60,0x3f,0x83,0x60,0x79,0x86,0x30,0x21,0x84,0x38,0x01,0x8c,0x1c,0x01,0x90,0x0e,0x01,0xe0,0x00,0x00,0x00,0x00 } },
  { 0x94fe, { 0x00,0x00,0x00,0x08,0x01,0x80,0x0c,0x01,0xc0,0x0c,0x01,0x80,0x19,0x41,0x88,0x1f,0xef,0xfc,0x10,0x33,0x00,0x30,0x33,0xc0,0x21,0x06,0xc0,0x7f,0x86,0xc8,0x4c,0x2f,0xfc,0x0c,0xf4,0xc0,0x0d,0xb0,0xc0,0x7f,0xb0,0xc0,0x0c,0x30,0xc4,0x0c,0x3f,0xfc,0x0c,0x30,0xc0,0x0c,0x30,0xc0,0x0d,0xb0,0xc0,0x0f,0x30,0xc0,0x0c,0xd8,0xc0,0x0d,0x8f,0xfe,0x00,0x83,0xfc,0x00,0x00,0x00 } },
  { 0x826f, { 0x00,0x00,0x00,0x00,0xc0,0x00,0x00,0xe0,0x00,0x00,0x60,0x00,0x1f,0xff,0x00,0x18,0x03,0x00,0x18,0x03,0x00,0x18,0x03,0x00,0x1f,0xff,0x00,0x18,0x03,0x00,0x18,0x03,0x00,0x18,0x03,0x00,0x1f,0xff,0x00,0x19,0x83,0x80,0x18,0x81,0xc0,0x18,0xc7,0x80,0x18,0x5c,0x00,0x18,0x70,0x00,0x18,0x78,0x00,0x19,0x9c,0x00,0x1f,0x0f,0xf0,0x1c,0x03,0xf0,0x18,0x00,0xe0,0x00,0x00,0x00 } },
  { 0x4e24, { 0x00,0x00,0x00,0x00,0x00,0x0c,0x7f,0xff,0xfe,0x00,0xc6,0x00,0x00,0xc6,0x00,0x00,0xc6,0x00,0x00,0xc6,0x00,0x1f,0xff,0xf8,0x18,0xc6,0x18,0x18,0xc6,0x18,0x18,0xc6,0x18,0x18,0xe6,0x18,0x19,0xb7,0x98,0x19,0xb4,0xd8,0x1b,0x1c,0xf8,0x1a,0x18,0x58,0x1c,0x10,0x18,0x18,0x20,0x18,0x18,0x00,0x18,0x18,0x01,0xf8,0x18,0x00,0x70,0x10,0x00,0x30,0x00,0x00,0x00,0x00,0x00,0x00 } },
  { 0x4eae, { 0x00,0x00,0x00,0x00,0x30,0x00,0x00,0x18,0x00,0x00,0x18,0x08,0x3f,0xff,0xfc,0x00,0x00,0x00,0x03,0xff,0xc0,0x03,0x00,0xc0,0x03,0x00,0xc0,0x03,0xff,0xc0,0x03,0x00,0xc0,0x10,0x00,0x00,0x1f,0xff,0xfc,0x30,0x00,0x0c,0x70,0x00,0x10,0x61,0xff,0x00,0x01,0x83,0x00,0x01,0x83,0x04,0x01,0x83,0x04,0x01,0x83,0x04,0x03,0x03,0x06,0x0e,0x03,0xfe,0x78,0x00,0x00,0x00,0x00,0x00 } },
  { 0x91cf, { 0x00,0x00,0x00,0x00,0x00,0x00,0x07,0xff,0xe0,0x06,0x00,0x60,0x07,0xff,0xe0,0x06,0x00,0x60,0x06,0x00,0x60,0x07,0xff,0xe0,0x06,0x00,0x44,0x7f,0xff,0xfe,0x00,0x00,0x00,0x07,0xff,0xe0,0x06,0x18,0x60,0x07,0xff,0xe0,0x06,0x18,0x60,0x06,0x18,0x60,0x07,0xff,0xe0,0x06,0x18,0x60,0x0f,0xff,0xf0,0x08,0x18,0x00,0x00,0x18,0x04,0x3f,0xff,0xfe,0x00,0x00,0x00,0x00,0x00,0x00 } },
  { 0x6599, { 0x00,0x00,0x00,0x06,0x00,0x70,0x07,0x00,0x70,0x07,0x00,0x70,0x33,0x66,0x70,0x1b,0x67,0x70,0x1b,0xc3,0x30,0x1b,0x83,0x30,0x03,0x20,0x30,0x3f,0xf0,0x30,0x07,0x0c,0x30,0x07,0x06,0x30,0x0f,0xc3,0x30,0x0f,0xe3,0x34,0x1b,0x60,0x3e,0x1b,0x01,0xf8,0x33,0x3f,0x30,0x23,0x20,0x30,0x43,0x00,0x30,0x07,0x00,0x30,0x07,0x00,0x70,0x07,0x00,0x70,0x06,0x00,0x60,0x00,0x00,0x00 } },
  { 0x5217, { 0x00,0x00,0x00,0x00,0x00,0x0c,0x00,0x04,0x0c,0x3f,0xfe,0x0c,0x01,0x80,0x0c,0x03,0x01,0x8c,0x03,0x01,0x8c,0x03,0xf9,0x8c,0x06,0x19,0x8c,0x06,0x31,0x8c,0x0e,0x31,0x8c,0x0b,0x31,0x8c,0x13,0x61,0x8c,0x31,0x61,0x8c,0x21,0xe1,0x8c,0x00,0xc1,0x8c,0x01,0x81,0x8c,0x03,0x00,0x0c,0x06,0x00,0x0c,0x0c,0x00,0xfc,0x38,0x00,0x78,0x20,0x00,0x30,0x00,0x00,0x00,0x00,0x00,0x00 } },
  { 0x4e34, { 0x00,0x00,0x00,0x03,0x06,0x00,0x03,0x0e,0x00,0x03,0x0c,0x00,0x23,0x0c,0x08,0x33,0x1f,0xfc,0x33,0x18,0x00,0x33,0x36,0x00,0x33,0x23,0x80,0x33,0x61,0xc0,0x33,0xc0,0xc0,0x33,0x00,0x48,0x33,0x3f,0xfc,0x33,0x31,0x98,0x33,0x31,0x98,0x33,0x31,0x98,0x33,0x31,0x98,0x33,0x31,0x98,0x23,0x31,0x98,0x03,0x3f,0xf8,0x03,0x30,0x1c,0x03,0x30,0x1c,0x03,0x30,0x08,0x00,0x00,0x00 } },
  { 0x7075, { 0x00,0x00,0x00,0x0f,0xff,0xe0,0x00,0x00,0x70,0x00,0x00,0x70,0x00,0x00,0x70,0x03,0xff,0xf0,0x02,0x00,0x70,0x00,0x00,0x70,0x0f,0xff,0xf0,0x00,0x30,0x20,0x00,0x38,0x40,0x02,0x30,0x60,0x06,0x38,0xc0,0x06,0x7b,0x80,0x0c,0x6e,0x00,0x0c,0x64,0x00,0x00,0xc6,0x00,0x00,0xc3,0x80,0x01,0x81,0xc0,0x07,0x00,0xf8,0x0c,0x00,0x7e,0x70,0x00,0x18,0x00,0x00,0x00,0x00,0x00,0x00 } },
  { 0x96f6, { 0x00,0x00,0x00,0x00,0x00,0x20,0x07,0xff,0xf0,0x00,0x18,0x00,0x1f,0xff,0xfc,0x18,0x18,0x0c,0x37,0xdb,0xf8,0x30,0x18,0x10,0x00,0x10,0x00,0x07,0xfb,0xe0,0x00,0x78,0x00,0x00,0xe6,0x00,0x03,0x83,0x80,0x0f,0x18,0xfe,0x38,0x18,0x3c,0x47,0xff,0xc0,0x00,0x01,0xc0,0x00,0x06,0x00,0x00,0xfc,0x00,0x00,0x3e,0x00,0x00,0x0f,0x00,0x00,0x03,0x00,0x00,0x00,0x00,0x00,0x00,0x00 } },
  { 0x4ee4, { 0x00,0x18,0x00,0x00,0x38,0x00,0x00,0x38,0x00,0x00,0x74,0x00,0x00,0x66,0x00,0x00,0xc3,0x00,0x01,0xc1,0x00,0x01,0xb1,0xc0,0x03,0x18,0xe0,0x06,0x1c,0x78,0x18,0x0c,0x3e,0x30,0x08,0x48,0x47,0xff,0xe0,0x00,0x00,0xe0,0x00,0x01,0x80,0x00,0x03,0x00,0x01,0x02,0x00,0x00,0xc6,0x00,0x00,0x7c,0x00,0x00,0x1c,0x00,0x00,0x0e,0x00,0x00,0x07,0x00,0x00,0x02,0x00,0x00,0x00,0x00 } },
  { 0x6d4f, { 0x00,0x00,0x00,0x08,0x20,0x0c,0x0c,0x30,0x0c,0x06,0x38,0x0c,0x06,0x12,0x0c,0x00,0xff,0xcc,0x41,0x0c,0xcc,0x33,0x0c,0xcc,0x3a,0x8c,0xcc,0x1a,0xcc,0xcc,0x16,0x6c,0xcc,0x04,0x38,0xcc,0x04,0x38,0xcc,0x0c,0x38,0xcc,0x0c,0x38,0xcc,0x78,0x6c,0xcc,0x18,0x4c,0xcc,0x18,0x86,0x0c,0x19,0x06,0x0c,0x1a,0x00,0xfc,0x18,0x00,0x7c,0x08,0x00,0x18,0x00,0x00,0x00,0x00,0x00,0x00 } },
  { 0x6d41, { 0x00,0x00,0x00,0x00,0x0c,0x00,0x18,0x06,0x00,0x0c,0x06,0x08,0x0e,0xff,0xfc,0x06,0x06,0x00,0x04,0x8c,0x00,0x01,0x18,0x40,0x61,0x10,0x30,0x31,0x7f,0xf0,0x1a,0x7f,0x18,0x12,0x00,0x50,0x06,0x66,0x60,0x04,0x66,0x60,0x0c,0x66,0x60,0x0c,0x66,0x60,0x78,0x66,0x60,0x18,0x66,0x64,0x18,0x46,0x64,0x18,0xc6,0x64,0x19,0x86,0x66,0x1b,0x06,0x7e,0x0e,0x04,0x00,0x00,0x00,0x00 } },
  { 0x7559, { 0x00,0x00,0x00,0x00,0xc0,0x00,0x07,0xe0,0x10,0x3e,0x3f,0xf8,0x30,0x06,0x30,0x31,0x06,0x30,0x31,0xc4,0x30,0x30,0xec,0x30,0x37,0x6c,0x30,0x3c,0x19,0xf0,0x30,0x30,0xe0,0x00,0xc0,0x40,0x1f,0xff,0xe0,0x18,0x30,0x60,0x18,0x30,0x60,0x18,0x30,0x60,0x1f,0xff,0xe0,0x18,0x30,0x60,0x18,0x30,0x60,0x18,0x30,0x60,0x1f,0xff,0xe0,0x18,0x00,0x60,0x18,0x00,0x40,0x00,0x00,0x00 } },
  { 0x6f0f, { 0x00,0x00,0x00,0x10,0xff,0xf8,0x1c,0xc0,0x18,0x0c,0xc0,0x18,0x05,0xc0,0x18,0x05,0xff,0xf8,0x02,0xc0,0x18,0x62,0xc0,0x00,0x32,0xff,0xfc,0x1c,0xc3,0x00,0x14,0xc3,0x00,0x04,0xff,0xfc,0x0c,0xf3,0x0c,0x08,0xbf,0x6c,0x19,0xb7,0x3c,0x79,0xb3,0x0c,0x19,0xbb,0x4c,0x19,0x3f,0x6c,0x3b,0x37,0x2c,0x3a,0x33,0x0c,0x1e,0x33,0x38,0x0c,0x20,0x18,0x00,0x00,0x00,0x00,0x00,0x00 } },
  { 0x5f55, { 0x00,0x00,0x00,0x0f,0xff,0xc0,0x00,0x00,0xc0,0x00,0x00,0xc0,0x00,0x00,0xc0,0x03,0xff,0xc0,0x00,0x00,0xc0,0x00,0x00,0xcc,0x7f,0xff,0xfe,0x00,0x18,0x00,0x0c,0x18,0x20,0x07,0x1c,0x70,0x03,0x1c,0xe0,0x03,0x1b,0x80,0x01,0x3b,0x00,0x00,0xf9,0x80,0x03,0x98,0xc0,0x1e,0x18,0xe0,0x78,0x18,0x7c,0x30,0xf8,0x3e,0x00,0x78,0x08,0x00,0x30,0x00,0x00,0x00,0x00,0x00,0x00,0x00 } },
  { 0x8def, { 0x00,0x00,0x00,0x00,0x06,0x00,0x00,0x07,0x00,0x3f,0xc6,0x10,0x30,0xc7,0xf8,0x30,0xcc,0x30,0x30,0xcc,0x30,0x30,0xda,0x60,0x3f,0xd3,0x60,0x36,0xa1,0xc0,0x06,0x01,0xc0,0x06,0x03,0xe0,0x37,0xc6,0x38,0x36,0x0c,0x1e,0x36,0x3f,0xfc,0x36,0x4c,0x30,0x36,0x0c,0x30,0x36,0xcc,0x30,0x3f,0x8c,0x30,0x7c,0x0c,0x30,0x60,0x0f,0xf0,0x00,0x0c,0x30,0x00,0x0c,0x10,0x00,0x00,0x00 } },
  { 0x5f8b, { 0x00,0x00,0x00,0x04,0x06,0x00,0x0e,0x06,0x00,0x0c,0x06,0x10,0x18,0x7f,0xf8,0x32,0x46,0x30,0x27,0x06,0x34,0x47,0xff,0xfe,0x06,0x86,0x30,0x0c,0x06,0x30,0x1c,0x7f,0xf0,0x1c,0x06,0x10,0x3c,0x06,0x00,0x6c,0x06,0x10,0x4c,0xff,0xf8,0x0c,0x06,0x00,0x0c,0x06,0x08,0x0d,0xff,0xfc,0x0c,0x06,0x00,0x0c,0x06,0x00,0x0c,0x06,0x00,0x0c,0x06,0x00,0x0c,0x06,0x00,0x00,0x00,0x00 } },
  { 0x7387, { 0x00,0x00,0x00,0x00,0x30,0x00,0x00,0x18,0x00,0x00,0x18,0x00,0x1f,0xff,0xf8,0x10,0x30,0x00,0x00,0x32,0x30,0x0c,0x67,0x30,0x06,0xfe,0x40,0x01,0xfc,0x80,0x00,0x18,0x00,0x03,0x26,0xe0,0x0c,0xc7,0x38,0x39,0xff,0x18,0x10,0x99,0x00,0x00,0x18,0x04,0x7f,0xff,0xfe,0x00,0x18,0x00,0x00,0x18,0x00,0x00,0x18,0x00,0x00,0x18,0x00,0x00,0x18,0x00,0x00,0x18,0x00,0x00,0x00,0x00 } },
  { 0x4e71, { 0x00,0x00,0x00,0x00,0x01,0x80,0x00,0x71,0x80,0x1f,0xf1,0x80,0x39,0x81,0x80,0x01,0x81,0x80,0x01,0x81,0x80,0x01,0x89,0x80,0x7f,0xfd,0x80,0x01,0x81,0x80,0x01,0x81,0x80,0x01,0x81,0x80,0x01,0x81,0x80,0x1f,0xf9,0x80,0x18,0x31,0x80,0x18,0x31,0x80,0x18,0x31,0x84,0x18,0x31,0x84,0x18,0x31,0x84,0x1f,0xf1,0x84,0x18,0x31,0xbe,0x18,0x21,0xfc,0x00,0x00,0x00,0x00,0x00,0x00 } },
  { 0x7565, { 0x00,0x00,0x00,0x00,0x0c,0x00,0x00,0x0c,0x00,0x00,0x18,0x00,0x7f,0x9f,0xf0,0x6d,0x98,0x60,0x6d,0xbc,0xe0,0x6d,0xa4,0xc0,0x6d,0xc7,0x80,0x6d,0x83,0x80,0x7f,0x83,0x00,0x6d,0x87,0xc0,0x6d,0x9c,0xf0,0x6d,0xb8,0x7c,0x6d,0xe0,0x38,0x6d,0xbf,0xf0,0x6d,0xb0,0x60,0x7f,0xb0,0x60,0x61,0xb0,0x60,0x40,0x30,0x60,0x00,0x3f,0xe0,0x00,0x30,0x60,0x00,0x30,0x20,0x00,0x00,0x00 } },
  { 0x8f6e, { 0x00,0x00,0x00,0x06,0x01,0x00,0x07,0x03,0x80,0x06,0x03,0x80,0x0c,0x43,0x80,0x7f,0xe6,0xc0,0x0c,0x06,0x60,0x1a,0x0c,0x30,0x1b,0x08,0x38,0x1b,0x10,0x1e,0x33,0x6e,0x0c,0x3f,0xec,0x30,0x03,0x0c,0x70,0x03,0x0c,0xe0,0x03,0x6d,0x80,0x03,0xcf,0x00,0x3f,0x0c,0x00,0x7b,0x0c,0x18,0x23,0x0c,0x18,0x03,0x0c,0x18,0x03,0x0e,0xfc,0x03,0x07,0xf8,0x02,0x00,0x00,0x00,0x00,0x00 } },
  { 0x8bba, { 0x00,0x00,0x00,0x00,0x02,0x00,0x0c,0x07,0x00,0x0e,0x07,0x00,0x06,0x0f,0x80,0x06,0x0c,0x80,0x00,0x1c,0xc0,0x00,0x18,0x60,0x04,0x30,0x30,0x7e,0x60,0x3c,0x0c,0xd8,0x1e,0x0d,0x98,0x68,0x0c,0x18,0x70,0x0c,0x18,0xc0,0x0c,0x19,0x80,0x0c,0x3e,0x00,0x0c,0x5c,0x00,0x0d,0x98,0x18,0x0f,0x18,0x18,0x0f,0x18,0x18,0x0e,0x1d,0xdc,0x04,0x0f,0xf8,0x00,0x00,0x00,0x00,0x00,0x00 } },
  { 0x903b, { 0x00,0x00,0x00,0x10,0xff,0xfc,0x18,0xcc,0xcc,0x0c,0xcc,0xcc,0x0c,0xcc,0xcc,0x00,0xcc,0xcc,0x00,0xff,0xfc,0x00,0xc6,0x0c,0x04,0x0e,0x00,0x7e,0x0c,0x10,0x0c,0x1f,0xf8,0x0c,0x30,0x30,0x0c,0x78,0x70,0x0c,0xdc,0x60,0x0c,0x0c,0xc0,0x0c,0x09,0x80,0x0c,0x07,0x00,0x0c,0x0c,0x00,0x1e,0x78,0x00,0x71,0xc0,0x00,0x60,0xff,0xfe,0x00,0x1f,0xfc,0x00,0x00,0x00,0x00,0x00,0x00 } },
  { 0x7edc, { 0x00,0x00,0x00,0x06,0x0c,0x00,0x06,0x0e,0x00,0x0c,0x0c,0x00,0x08,0x0f,0xf0,0x18,0x18,0x30,0x11,0x94,0x60,0x23,0xb4,0x60,0x7f,0x26,0xc0,0x26,0x43,0x80,0x04,0x03,0x80,0x0c,0x03,0xe0,0x18,0x0c,0x78,0x3f,0x98,0x1e,0x3c,0x7f,0xf0,0x00,0x98,0x30,0x00,0x18,0x30,0x01,0x98,0x30,0x1e,0x18,0x30,0x78,0x18,0x30,0x60,0x1f,0xf0,0x00,0x18,0x30,0x00,0x18,0x30,0x00,0x00,0x00 } },
  { 0x843d, { 0x00,0x00,0x00,0x00,0x83,0x00,0x01,0x83,0x0c,0x7f,0xff,0xfe,0x01,0x83,0x00,0x11,0x82,0x00,0x18,0x0c,0x00,0x0c,0x98,0x00,0x0d,0x1f,0xe0,0x05,0x38,0xe0,0x61,0x2c,0xc0,0x32,0x65,0x80,0x12,0x43,0x00,0x16,0x07,0x80,0x04,0x0c,0xf0,0x0c,0x30,0x7e,0x3c,0xff,0xfc,0x3d,0x30,0x60,0x18,0x30,0x60,0x18,0x30,0x60,0x18,0x3f,0xe0,0x1c,0x30,0x60,0x00,0x30,0x60,0x00,0x00,0x00 } },
  { 0x9a6c, { 0x00,0x00,0x00,0x0f,0xff,0xc0,0x00,0x00,0xc0,0x01,0x80,0xc0,0x01,0x81,0x80,0x01,0x81,0x80,0x03,0x81,0x80,0x03,0x01,0x80,0x03,0x01,0x80,0x03,0x01,0x88,0x03,0xff,0xfc,0x02,0x00,0x18,0x00,0x00,0x18,0x00,0x00,0x18,0x00,0x00,0x98,0x3f,0xff,0xd8,0x00,0x00,0x18,0x00,0x00,0x30,0x00,0x00,0x30,0x00,0x07,0xf0,0x00,0x01,0xe0,0x00,0x00,0xc0,0x00,0x00,0x00,0x00,0x00,0x00 } },
  { 0x7801, { 0x00,0x00,0x00,0x00,0xc0,0x10,0x7f,0xff,0xf8,0x0c,0x00,0x30,0x0c,0x0c,0x30,0x0c,0x0c,0x30,0x08,0x0c,0x30,0x18,0x0c,0x30,0x1f,0x8c,0x30,0x19,0x88,0x30,0x39,0x88,0x20,0x39,0x9f,0xfe,0x59,0x88,0x04,0x19,0x80,0x0c,0x19,0x80,0x0c,0x19,0xbf,0xec,0x1f,0x80,0x0c,0x19,0x80,0x0c,0x19,0x00,0x0c,0x18,0x01,0xf8,0x00,0x00,0x78,0x00,0x00,0x30,0x00,0x00,0x00,0x00,0x00,0x00 } },
  { 0x5417, { 0x00,0x00,0x00,0x00,0x00,0x00,0x00,0x3f,0xf0,0x00,0x00,0x30,0x3f,0x80,0x30,0x31,0x9c,0x30,0x31,0x98,0x70,0x31,0x98,0x60,0x31,0x98,0x60,0x31,0x98,0x60,0x31,0x98,0x60,0x31,0xbf,0xfc,0x31,0x90,0x0c,0x3f,0x80,0x0c,0x31,0x80,0x4c,0x31,0xff,0xec,0x00,0x00,0x0c,0x00,0x00,0x08,0x00,0x00,0x18,0x00,0x01,0xf8,0x00,0x00,0xf8,0x00,0x00,0x30,0x00,0x00,0x00,0x00,0x00,0x00 } },
  { 0x57cb, { 0x00,0x00,0x00,0x00,0x00,0x00,0x0c,0x00,0x00,0x0e,0x3f,0xfc,0x0c,0x31,0x98,0x0c,0x31,0x98,0x0c,0x31,0x98,0x0c,0xb1,0x98,0x7f,0xff,0xf8,0x0c,0x31,0x98,0x0c,0x31,0x98,0x0c,0x31,0x98,0x0c,0x3f,0xf8,0x0c,0x31,0x98,0x0c,0x01,0x80,0x0c,0x41,0x88,0x0f,0xbf,0xfc,0x1e,0x21,0x80,0x78,0x01,0x80,0x20,0x01,0x80,0x00,0x01,0x8c,0x00,0xff,0xfe,0x00,0x00,0x00,0x00,0x00,0x00 } },
  { 0x6ee1, { 0x00,0x00,0x00,0x00,0x18,0xc0,0x18,0x18,0xc0,0x0c,0x18,0xc8,0x0e,0xff,0xfc,0x04,0x18,0xc0,0x00,0x18,0x80,0x62,0x00,0x04,0x33,0xff,0xfe,0x3a,0x0d,0x80,0x14,0x0d,0x88,0x04,0xff,0xfc,0x04,0xcd,0x8c,0x0c,0xcd,0x8c,0x0c,0xcd,0x8c,0x18,0xdf,0xcc,0x78,0xdb,0xec,0x18,0xf3,0x3c,0x18,0xe2,0x0c,0x18,0xc4,0x0c,0x18,0xc0,0x7c,0x18,0xc0,0x38,0x00,0x80,0x10,0x00,0x00,0x00 } },
  { 0x5192, { 0x00,0x00,0x00,0x1f,0xff,0xf8,0x18,0x00,0x18,0x18,0x00,0x98,0x1b,0xff,0xd8,0x18,0x00,0x18,0x18,0x00,0x98,0x1b,0xff,0xd8,0x18,0x00,0x10,0x00,0x00,0x00,0x07,0xff,0xe0,0x06,0x00,0x60,0x06,0x00,0x60,0x07,0xff,0xe0,0x06,0x00,0x60,0x06,0x00,0x60,0x07,0xff,0xe0,0x06,0x00,0x60,0x06,0x00,0x60,0x07,0xff,0xe0,0x06,0x00,0x60,0x04,0x00,0x40,0x00,0x00,0x00,0x00,0x00,0x00 } },
  { 0x4e48, { 0x00,0x00,0x00,0x00,0x00,0x00,0x00,0x0c,0x00,0x00,0x0e,0x00,0x00,0x1c,0x00,0x00,0x18,0x00,0x00,0x30,0x00,0x00,0x70,0x80,0x00,0x61,0xc0,0x00,0xc1,0x80,0x01,0x83,0x00,0x03,0x06,0x00,0x06,0x06,0x00,0x08,0x0c,0x00,0x30,0x18,0x80,0x00,0x30,0x60,0x00,0x60,0x30,0x00,0xc0,0x38,0x01,0x87,0xfc,0x03,0xff,0xdc,0x03,0xc0,0x0c,0x00,0x00,0x0c,0x00,0x00,0x00,0x00,0x00,0x00 } },
  { 0x6ca1, { 0x00,0x00,0x00,0x0c,0x1f,0xc0,0x0e,0x18,0xe0,0x06,0x18,0xc0,0x06,0x98,0xc0,0x40,0x98,0xc0,0x31,0x30,0xc0,0x39,0x30,0xfc,0x19,0x60,0x7e,0x1a,0xc0,0x20,0x02,0xbf,0xf0,0x02,0x10,0x70,0x06,0x18,0x60,0x04,0x08,0xc0,0x2c,0x0c,0xc0,0x3c,0x05,0x80,0x1c,0x07,0x80,0x1c,0x07,0x00,0x1c,0x0f,0xc0,0x1c,0x38,0xf0,0x1c,0xf0,0x7e,0x03,0x80,0x18,0x00,0x00,0x00,0x00,0x00,0x00 } },
  { 0x6bcf, { 0x00,0x00,0x00,0x03,0x00,0x00,0x03,0x80,0x00,0x03,0x00,0x10,0x07,0xff,0xf8,0x06,0x00,0x00,0x0c,0x00,0x00,0x1b,0xff,0xf0,0x33,0x20,0x60,0x63,0x18,0x60,0x06,0x1c,0x60,0x06,0x0c,0x6c,0x7f,0xff,0xfe,0x06,0x20,0x60,0x06,0x30,0x60,0x06,0x18,0x60,0x06,0x1c,0x60,0x06,0x08,0x68,0x0f,0xff,0xfc,0x04,0x00,0xc0,0x00,0x00,0xc0,0x00,0x07,0xc0,0x00,0x01,0x80,0x00,0x00,0x00 } },
  { 0x4eec, { 0x00,0x00,0x00,0x02,0x00,0x00,0x07,0x18,0x00,0x06,0x1c,0x00,0x06,0x0d,0xfc,0x0c,0x48,0x0c,0x0c,0x60,0x0c,0x1e,0x60,0x0c,0x1c,0x60,0x0c,0x3c,0x60,0x0c,0x2c,0x60,0x0c,0x6c,0x60,0x0c,0x4c,0x60,0x0c,0x0c,0x60,0x0c,0x0c,0x60,0x0c,0x0c,0x60,0x0c,0x0c,0x60,0x0c,0x0c,0x60,0x0c,0x0c,0x60,0x0c,0x0c,0x60,0xcc,0x0c,0x60,0x78,0x0c,0x40,0x18,0x00,0x00,0x00,0x00,0x00,0x00 } },
  { 0x7c73, { 0x00,0x00,0x00,0x00,0x18,0x00,0x00,0x18,0x60,0x0c,0x18,0x70,0x06,0x18,0xe0,0x03,0x18,0xc0,0x03,0x99,0x80,0x03,0x19,0x00,0x01,0x1a,0x08,0x3f,0xff,0xfc,0x20,0x7c,0x00,0x00,0x7e,0x00,0x00,0xfa,0x00,0x00,0xdb,0x00,0x01,0x99,0x80,0x03,0x19,0xc0,0x06,0x18,0xe0,0x0c,0x18,0x78,0x18,0x18,0x3e,0x30,0x18,0x1c,0x40,0x18,0x00,0x00,0x18,0x00,0x00,0x18,0x00,0x00,0x00,0x00 } },
  { 0x5bc6, { 0x00,0x00,0x00,0x00,0x30,0x00,0x00,0x18,0x00,0x10,0x18,0x00,0x1f,0xff,0xfc,0x10,0x20,0x1c,0x30,0x31,0x90,0x31,0xbb,0xc0,0x01,0xd7,0x00,0x0d,0x8e,0x30,0x0d,0x98,0x98,0x19,0xf0,0x9c,0x01,0xc1,0x88,0x0f,0xff,0x80,0x78,0x00,0x00,0x00,0x10,0x00,0x08,0x18,0x20,0x0e,0x18,0x70,0x0c,0x18,0x60,0x0c,0x18,0x60,0x0c,0x18,0x60,0x0f,0xff,0xe0,0x04,0x00,0x60,0x00,0x00,0x00 } },
  { 0x5e42, { 0x00,0x00,0x00,0x10,0x00,0x0c,0x3f,0xff,0xfc,0x30,0x00,0x4c,0x37,0xff,0xf0,0x66,0x00,0xc0,0x07,0xff,0xc0,0x06,0x00,0xc0,0x06,0x00,0xc0,0x07,0xff,0xc0,0x06,0x60,0x48,0x3f,0xff,0xfc,0x20,0xd3,0x00,0x01,0x99,0x80,0x03,0xff,0xe0,0x0f,0x18,0xfc,0x1b,0x18,0xde,0x63,0x18,0xc4,0x03,0x18,0xc0,0x03,0x1b,0xc0,0x02,0x18,0x80,0x00,0x18,0x00,0x00,0x00,0x00,0x00,0x00,0x00 } },
  { 0x514d, { 0x00,0x00,0x00,0x01,0x80,0x00,0x01,0x80,0x00,0x03,0x04,0x00,0x03,0xfe,0x00,0x06,0x0e,0x00,0x0c,0x0c,0x00,0x08,0x18,0x00,0x1f,0xff,0xe0,0x3c,0x30,0x60,0x6c,0x30,0x60,0x0c,0x30,0x60,0x0c,0x30,0x60,0x0f,0xff,0xe0,0x0c,0x3c,0x60,0x00,0x6c,0x00,0x00,0x6c,0x08,0x00,0xec,0x08,0x00,0xcc,0x08,0x01,0x8c,0x08,0x07,0x0d,0xfc,0x1c,0x0f,0xf8,0x70,0x00,0x00,0x00,0x00,0x00 } },
  { 0x9762, { 0x00,0x00,0x00,0x00,0x00,0x0c,0x7f,0xff,0xfe,0x00,0x30,0x00,0x00,0x20,0x00,0x00,0x60,0x00,0x1f,0xff,0xf8,0x18,0xc6,0x18,0x18,0xc6,0x18,0x18,0xc6,0x18,0x18,0xfe,0x18,0x18,0xc6,0x18,0x18,0xc6,0x18,0x18,0xc6,0x18,0x18,0xc6,0x18,0x18,0xfe,0x18,0x18,0xc6,0x18,0x18,0xc6,0x18,0x18,0xc6,0x18,0x1f,0xff,0xf8,0x18,0x00,0x18,0x18,0x00,0x10,0x00,0x00,0x00,0x00,0x00,0x00 } },
  { 0x55b5, { 0x00,0x00,0x00,0x00,0x18,0xc0,0x00,0x18,0xc0,0x00,0x18,0xc0,0x7e,0x18,0xc8,0x67,0xff,0xfc,0x66,0x18,0xc0,0x66,0x18,0xc0,0x66,0x18,0xc0,0x66,0x00,0x00,0x66,0x7f,0xf8,0x66,0x63,0x38,0x66,0x63,0x38,0x7e,0x63,0x38,0x66,0x7f,0xf8,0x64,0x63,0x38,0x40,0x63,0x38,0x00,0x63,0x38,0x00,0x63,0x38,0x00,0x7f,0xf8,0x00,0x60,0x38,0x00,0xc0,0x10,0x00,0x00,0x00,0x00,0x00,0x00 } },
  { 0x63cf, { 0x00,0x00,0x00,0x06,0x0c,0x40,0x06,0x0e,0x60,0x06,0x0c,0x60,0x06,0x0c,0x60,0x06,0x7f,0xfc,0x06,0x8c,0x60,0x7f,0xcc,0x60,0x06,0x0c,0x60,0x06,0x08,0x08,0x06,0x3f,0xfc,0x06,0xf1,0x8c,0x07,0x31,0x8c,0x1e,0x31,0x8c,0x7e,0x31,0x8c,0x26,0x3f,0xfc,0x06,0x31,0x8c,0x06,0x31,0x8c,0x06,0x31,0x8c,0x06,0x31,0x8c,0x26,0x3f,0xfc,0x3e,0x30,0x0c,0x0c,0x20,0x08,0x00,0x00,0x00 } },
  { 0x79d2, { 0x00,0x00,0x00,0x00,0x01,0x80,0x01,0xc1,0x80,0x0f,0xc1,0x80,0x3e,0x01,0x80,0x06,0x01,0x80,0x06,0x0d,0x90,0x06,0x4d,0x9c,0x7f,0xed,0x8e,0x06,0x19,0x86,0x06,0x19,0x84,0x0f,0x91,0x80,0x0e,0xd1,0x88,0x1e,0xe1,0x9c,0x16,0x21,0xb8,0x36,0x01,0xb0,0x66,0x00,0x60,0x46,0x00,0xc0,0x06,0x01,0x80,0x06,0x07,0x00,0x06,0x1c,0x00,0x06,0x70,0x00,0x06,0x80,0x00,0x00,0x00,0x00 } },
  { 0x706d, { 0x00,0x00,0x00,0x00,0x00,0x00,0x00,0x00,0x18,0x3f,0xff,0xfc,0x00,0x18,0x00,0x00,0x18,0x00,0x00,0x18,0x00,0x00,0x18,0x20,0x02,0x18,0x70,0x06,0x18,0xe0,0x06,0x38,0xc0,0x0e,0x3d,0x80,0x0c,0x36,0x00,0x00,0x36,0x00,0x00,0x66,0x00,0x00,0x63,0x00,0x00,0xc1,0x80,0x01,0xc0,0xc0,0x03,0x80,0x70,0x06,0x00,0x3e,0x1c,0x00,0x1c,0x70,0x00,0x00,0x00,0x00,0x00,0x00,0x00,0x00 } },
  { 0x654f, { 0x00,0x00,0x00,0x0c,0x01,0x80,0x0e,0x01,0xc0,0x0c,0x09,0x80,0x1f,0xfd,0x80,0x18,0x01,0x80,0x30,0x03,0x04,0x2f,0xfb,0xfe,0x4c,0x1b,0x18,0x09,0x9f,0x18,0x19,0x95,0x18,0x18,0xb5,0x18,0x7f,0xff,0x90,0x18,0x30,0xb0,0x1b,0x30,0xb0,0x19,0xb0,0xb0,0x19,0xb0,0xe0,0x31,0x30,0x60,0x3f,0xfc,0xe0,0x10,0x31,0xb8,0x02,0x33,0x1c,0x01,0xe6,0x0e,0x00,0xd8,0x00,0x00,0x00,0x00 } },
  { 0x540d, { 0x00,0x00,0x00,0x00,0x60,0x00,0x00,0x70,0x00,0x00,0x60,0x20,0x00,0xff,0xf0,0x01,0x80,0x70,0x01,0x80,0xe0,0x03,0x80,0xc0,0x06,0xc1,0x80,0x0c,0x63,0x00,0x10,0x66,0x00,0x00,0x0c,0x00,0x00,0x18,0x00,0x00,0xf0,0x10,0x00,0xff,0xf8,0x03,0xc0,0x38,0x0e,0xc0,0x38,0x38,0xc0,0x38,0x00,0xc0,0x38,0x00,0xc0,0x38,0x00,0xff,0xf8,0x00,0xc0,0x38,0x00,0x80,0x10,0x00,0x00,0x00 } },
  { 0x660e, { 0x00,0x00,0x00,0x00,0x0f,0xf8,0x00,0x0c,0x18,0x1f,0xcc,0x18,0x18,0xcc,0x18,0x18,0xcc,0x18,0x18,0xcc,0x18,0x18,0xcf,0xf8,0x1f,0xcc,0x18,0x18,0xcc,0x18,0x18,0xcc,0x18,0x18,0xcc,0x18,0x18,0xcf,0xf8,0x1f,0xcc,0x18,0x18,0xcc,0x18,0x18,0xcc,0x18,0x10,0x18,0x18,0x00,0x18,0x18,0x00,0x30,0x18,0x00,0x61,0xf8,0x00,0xc0,0x78,0x01,0x00,0x30,0x00,0x00,0x00,0x00,0x00,0x00 } },
  { 0x547d, { 0x00,0x00,0x00,0x00,0x10,0x00,0x00,0x38,0x00,0x00,0x38,0x00,0x00,0x6c,0x00,0x00,0xc6,0x00,0x01,0x83,0x00,0x03,0x03,0xc0,0x07,0xff,0xf8,0x0c,0x00,0x3e,0x30,0x00,0x18,0x40,0x00,0x00,0x0f,0xe7,0xf0,0x0c,0x66,0x30,0x0c,0x66,0x30,0x0c,0x66,0x30,0x0c,0x66,0x30,0x0c,0x66,0x30,0x0f,0xe6,0x30,0x0c,0x67,0xf0,0x0c,0x46,0xe0,0x08,0x06,0x40,0x00,0x0c,0x00,0x00,0x00,0x00 } },
  { 0x6478, { 0x00,0x00,0x00,0x06,0x0c,0xe0,0x06,0x0c,0xc0,0x06,0x0c,0xc8,0x06,0x7f,0xfc,0x06,0x0c,0xc0,0x7f,0x8c,0xc0,0x06,0x3f,0xf8,0x06,0x30,0x18,0x06,0x30,0x18,0x07,0xbf,0xf8,0x07,0x30,0x18,0x1e,0x30,0x18,0x76,0x3f,0xf8,0x26,0x27,0x10,0x06,0x06,0x04,0x07,0xff,0xfe,0x06,0x07,0x00,0x06,0x0c,0x80,0x06,0x0c,0xc0,0x3e,0x18,0x70,0x1c,0x70,0x3e,0x0b,0x80,0x08,0x00,0x00,0x00 } },
  { 0x6a21, { 0x00,0x00,0x00,0x04,0x0c,0xc0,0x0e,0x0c,0xe0,0x0c,0x0c,0xc0,0x0c,0x7f,0xfc,0x0c,0x8c,0xc0,0x7f,0xcc,0xc0,0x0c,0x3f,0xf8,0x0c,0x30,0x30,0x0e,0x30,0x30,0x0f,0xbf,0xf0,0x1d,0xb0,0x30,0x1c,0xb0,0x30,0x3c,0xbf,0xf0,0x2c,0x33,0x30,0x6c,0x03,0x04,0x4c,0xff,0xfe,0x0c,0x06,0x80,0x0c,0x06,0xc0,0x0e,0x0c,0x60,0x0e,0x18,0x38,0x0e,0x30,0x1e,0x05,0xc0,0x08,0x00,0x00,0x00 } },
  { 0x672b, { 0x00,0x00,0x00,0x00,0x18,0x00,0x00,0x1c,0x00,0x00,0x18,0x00,0x00,0x18,0x08,0x3f,0xff,0xfc,0x00,0x18,0x00,0x00,0x18,0x00,0x00,0x18,0x00,0x00,0x18,0x20,0x0f,0xff,0xf0,0x00,0x3c,0x00,0x00,0x7e,0x00,0x00,0xfa,0x00,0x00,0xdb,0x00,0x01,0x99,0x80,0x03,0x18,0xe0,0x06,0x18,0x70,0x0c,0x18,0x3e,0x30,0x18,0x1c,0x60,0x18,0x00,0x00,0x18,0x00,0x00,0x18,0x00,0x00,0x00,0x00 } },
  { 0x9ed8, { 0x00,0x01,0x80,0x00,0x01,0x80,0x3f,0xe1,0xa0,0x36,0x61,0xb8,0x3e,0xe1,0x98,0x3f,0xe1,0x88,0x3e,0x61,0x84,0x3f,0xff,0xfe,0x36,0x61,0xc0,0x06,0x01,0xc0,0x06,0x01,0xc0,0x3f,0xe1,0xc0,0x06,0x03,0x40,0x06,0x03,0x40,0x07,0xe3,0x60,0x3f,0x03,0x60,0x78,0x36,0x30,0x01,0xb6,0x30,0x34,0xdc,0x18,0x36,0xc8,0x18,0x36,0x10,0x0e,0x60,0x20,0x0e,0x00,0x40,0x00,0x00,0x00,0x00 } },
  { 0x67d0, { 0x00,0x00,0x00,0x01,0x81,0x80,0x01,0x81,0x80,0x01,0x81,0x88,0x3f,0xff,0xfc,0x01,0x81,0x80,0x01,0x81,0x80,0x01,0xff,0x80,0x01,0x81,0x80,0x01,0x81,0x80,0x01,0x81,0x80,0x01,0xff,0x80,0x01,0x99,0x80,0x00,0x18,0x08,0x7f,0xff,0xfe,0x00,0x7c,0x00,0x00,0xde,0x00,0x00,0x9b,0x00,0x03,0x19,0x80,0x06,0x18,0xe0,0x0c,0x18,0x7e,0x30,0x18,0x1c,0x40,0x18,0x00,0x00,0x00,0x00 } },
  { 0x76ee, { 0x00,0x00,0x00,0x04,0x00,0x60,0x07,0xff,0xe0,0x06,0x00,0x60,0x06,0x00,0x60,0x06,0x00,0x60,0x06,0x00,0x60,0x07,0xff,0xe0,0x06,0x00,0x60,0x06,0x00,0x60,0x06,0x00,0x60,0x06,0x00,0x60,0x07,0xff,0xe0,0x06,0x00,0x60,0x06,0x00,0x60,0x06,0x00,0x60,0x06,0x00,0x60,0x06,0x00,0x60,0x07,0xff,0xe0,0x06,0x00,0x60,0x06,0x00,0x60,0x06,0x00,0x40,0x00,0x00,0x00,0x00,0x00,0x00 } },
  { 0x5e55, { 0x00,0xc7,0x00,0x00,0xc6,0x08,0x3f,0xff,0xfc,0x00,0xc6,0x00,0x07,0xff,0xe0,0x06,0x00,0xc0,0x06,0x00,0xc0,0x07,0xff,0xc0,0x06,0x00,0xc0,0x07,0xff,0xc0,0x06,0x70,0x40,0x00,0x70,0x0c,0x3f,0xff,0xfe,0x01,0x99,0x00,0x03,0x18,0xc0,0x0f,0xff,0xfe,0x3b,0x18,0xde,0x43,0x18,0xc0,0x03,0x18,0xc0,0x03,0x1b,0xc0,0x03,0x19,0x80,0x00,0x18,0x00,0x00,0x10,0x00,0x00,0x00,0x00 } },
  { 0x62ff, { 0x00,0x00,0x00,0x00,0x18,0x00,0x00,0x38,0x00,0x00,0x74,0x00,0x00,0xc3,0x00,0x03,0x83,0xc0,0x0e,0xff,0xfe,0x38,0x00,0x3c,0x43,0xff,0xc0,0x03,0x01,0x80,0x03,0xff,0x80,0x03,0x00,0x80,0x00,0x00,0xc0,0x00,0xff,0xe0,0x1f,0xfe,0x00,0x00,0x18,0x40,0x0f,0xff,0xe0,0x00,0x18,0x08,0x7f,0xff,0xfc,0x00,0x18,0x00,0x00,0x18,0x00,0x00,0xf8,0x00,0x00,0x30,0x00,0x00,0x00,0x00 } },
  { 0x54ea, { 0x00,0x00,0x00,0x00,0x00,0x00,0x01,0xfe,0xfc,0x00,0x26,0xcc,0x7e,0x26,0xc8,0x66,0x26,0xd8,0x66,0x26,0xd0,0x66,0xfe,0xd0,0x66,0x26,0xf0,0x66,0x26,0xd0,0x66,0x26,0xd8,0x66,0x66,0xc8,0x66,0xfe,0xcc,0x7e,0x66,0xc4,0x66,0x66,0xc4,0x66,0x46,0xc4,0x60,0xc6,0xfc,0x00,0x86,0xd8,0x01,0xec,0xc0,0x03,0x3c,0xc0,0x06,0x18,0xc0,0x0c,0x00,0x80,0x00,0x00,0x00,0x00,0x00,0x00 } },
  { 0x90a3, { 0x00,0x00,0x00,0x00,0x12,0x08,0x3f,0xfb,0xfc,0x03,0x33,0x0c,0x03,0x33,0x18,0x03,0x33,0x18,0x03,0x33,0x10,0x1f,0xf3,0x30,0x13,0x33,0x20,0x03,0x33,0x20,0x03,0x33,0x10,0x03,0x33,0x18,0x3f,0xf3,0x08,0x03,0x33,0x0c,0x02,0x33,0x0c,0x06,0x33,0x0c,0x04,0x13,0xfc,0x0c,0x13,0x78,0x09,0xf3,0x10,0x11,0xf3,0x00,0x20,0x63,0x00,0x40,0x03,0x00,0x00,0x00,0x00,0x00,0x00,0x00 } },
  { 0x8111, { 0x00,0x00,0x00,0x00,0x06,0x00,0x00,0x03,0x00,0x3f,0x81,0x80,0x31,0x81,0x04,0x31,0xff,0xfe,0x31,0x80,0x00,0x31,0x80,0x60,0x3f,0x84,0xe0,0x31,0xb4,0xdc,0x31,0xb2,0xd8,0x31,0xb3,0x98,0x31,0xb1,0x98,0x3f,0xb3,0x98,0x31,0xb3,0xd8,0x31,0xb6,0xd8,0x31,0xb4,0x78,0x31,0xbc,0x58,0x31,0xb8,0x18,0x21,0xb0,0x18,0x29,0xff,0xf8,0x4f,0x20,0x18,0x43,0x00,0x08,0x00,0x00,0x00 } },
  { 0x5185, { 0x00,0x00,0x00,0x00,0x30,0x00,0x00,0x30,0x00,0x00,0x30,0x00,0x00,0x30,0x00,0x00,0x30,0x20,0x1f,0xff,0xf0,0x18,0x30,0x60,0x18,0x30,0x60,0x18,0x30,0x60,0x18,0x70,0x60,0x18,0x78,0x60,0x18,0xce,0x60,0x18,0xc7,0x60,0x19,0x83,0xe0,0x1b,0x03,0xe0,0x1c,0x01,0x60,0x18,0x00,0x60,0x18,0x00,0x60,0x18,0x00,0x60,0x18,0x07,0xe0,0x18,0x01,0xe0,0x10,0x00,0xc0,0x00,0x00,0x00 } },
  { 0x80fd, { 0x00,0x00,0x00,0x06,0x00,0x00,0x06,0x0e,0x00,0x0c,0x0c,0x20,0x18,0x8c,0x70,0x30,0x6c,0xc0,0x7f,0xef,0x00,0x7f,0x3c,0x18,0x00,0x2c,0x18,0x3f,0xc6,0x18,0x30,0xc7,0xf8,0x30,0xc0,0x00,0x3f,0xcc,0x00,0x30,0xce,0x30,0x30,0xcc,0x70,0x30,0xcd,0xc0,0x3f,0xcf,0x00,0x30,0xcc,0x08,0x30,0xcc,0x08,0x30,0xcc,0x08,0x30,0xce,0xfc,0x37,0xc7,0xf8,0x21,0x80,0x00,0x00,0x00,0x00 } },
  { 0x4f60, { 0x00,0x00,0x00,0x01,0x08,0x00,0x03,0x8e,0x00,0x03,0x0c,0x00,0x03,0x1c,0x00,0x06,0x18,0x08,0x06,0x1f,0xfc,0x0c,0x30,0x0c,0x0e,0x23,0x18,0x1e,0x63,0x10,0x16,0xc3,0x00,0x26,0x93,0x00,0x66,0x1b,0x20,0x06,0x33,0x30,0x06,0x33,0x18,0x06,0x23,0x0c,0x06,0x63,0x0e,0x06,0x43,0x06,0x06,0x83,0x06,0x07,0x03,0x00,0x06,0x1f,0x00,0x06,0x0f,0x00,0x04,0x02,0x00,0x00,0x00,0x00 } },
  { 0x5b81, { 0x00,0x00,0x00,0x00,0x30,0x00,0x00,0x18,0x00,0x00,0x18,0x00,0x00,0x18,0x08,0x1f,0xff,0xfc,0x18,0x00,0x1c,0x38,0x00,0x30,0x30,0x00,0x20,0x00,0x00,0x18,0x3f,0xff,0xfc,0x00,0x18,0x00,0x00,0x18,0x00,0x00,0x18,0x00,0x00,0x18,0x00,0x00,0x18,0x00,0x00,0x18,0x00,0x00,0x18,0x00,0x00,0x18,0x00,0x00,0x18,0x00,0x01,0xf8,0x00,0x00,0x78,0x00,0x00,0x30,0x00,0x00,0x00,0x00 } },
  { 0x94ae, { 0x00,0x00,0x00,0x00,0x00,0x00,0x04,0x00,0x00,0x0e,0x1f,0xf8,0x0c,0x06,0x18,0x0c,0x46,0x18,0x1f,0xc6,0x18,0x18,0x06,0x18,0x30,0x86,0x18,0x3f,0xc6,0x18,0x6e,0x06,0x18,0x4e,0x06,0x18,0x0e,0x7f,0xf8,0x7f,0xec,0x30,0x0e,0x0c,0x30,0x0e,0x0c,0x30,0x0e,0x0c,0x30,0x0e,0x4c,0x30,0x0f,0x8c,0x30,0x0f,0x0c,0x30,0x0e,0x0c,0x34,0x04,0xff,0xfe,0x00,0x00,0x00,0x00,0x00,0x00 } },
  { 0x632a, { 0x00,0x00,0x00,0x0c,0x00,0x00,0x0c,0x00,0x00,0x0c,0xfe,0xfe,0x0c,0x36,0xce,0x0d,0x36,0xcc,0x7f,0xb6,0xc8,0x0c,0x36,0xc8,0x0c,0xfe,0xd8,0x0c,0x36,0xd0,0x0d,0xb6,0xd0,0x0e,0x36,0xd8,0x1c,0x36,0xc8,0x7c,0xfe,0xcc,0x6c,0x36,0xc6,0x0c,0x26,0xc6,0x0c,0x66,0xc6,0x0c,0x66,0xfe,0x0c,0x46,0xdc,0x0c,0xde,0xc8,0x3d,0x9c,0xc0,0x1d,0x08,0xc0,0x0a,0x00,0xc0,0x00,0x00,0x00 } },
  { 0x5076, { 0x03,0x00,0x00,0x03,0x7f,0xf8,0x07,0x63,0x18,0x06,0x63,0x18,0x06,0x63,0x18,0x0c,0x7f,0xf8,0x0c,0x63,0x18,0x1c,0x63,0x18,0x1c,0x7f,0xf8,0x3c,0x63,0x10,0x2c,0x03,0x00,0x4c,0x03,0x00,0x0c,0xff,0xfc,0x0c,0xc3,0x0c,0x0c,0xc3,0x4c,0x0c,0xc3,0x6c,0x0c,0xc7,0xfc,0x0c,0xff,0x3c,0x0c,0xd8,0x2c,0x0c,0xc0,0x0c,0x0c,0xc0,0x7c,0x0c,0xc0,0x3c,0x0c,0x80,0x18,0x00,0x00,0x00 } },
  { 0x8026, { 0x00,0x00,0x00,0x06,0x00,0x08,0x06,0x1f,0xf8,0x06,0x19,0x98,0x3f,0xd9,0x98,0x06,0x1f,0xf8,0x06,0x19,0x98,0x1f,0xd9,0x98,0x06,0x19,0x98,0x06,0x5f,0xf8,0x7f,0xf9,0x98,0x06,0x01,0x84,0x06,0x3f,0xfe,0x0f,0xb1,0x8c,0x0e,0xf1,0xcc,0x1e,0xf1,0xac,0x16,0x3f,0xfc,0x26,0x36,0x1c,0x46,0x30,0x0c,0x06,0x30,0x0c,0x06,0x30,0x7c,0x06,0x30,0x1c,0x06,0x30,0x08,0x00,0x00,0x00 } },
  { 0x6015, { 0x00,0x00,0x00,0x03,0x00,0x80,0x03,0x01,0xc0,0x03,0x01,0x80,0x03,0x01,0x80,0x03,0x01,0x00,0x03,0x1f,0xfc,0x03,0xd8,0x0c,0x0b,0xd8,0x0c,0x0b,0x58,0x0c,0x1b,0x18,0x0c,0x3b,0x18,0x0c,0x03,0x1f,0xfc,0x03,0x18,0x0c,0x03,0x18,0x0c,0x03,0x18,0x0c,0x03,0x18,0x0c,0x03,0x18,0x0c,0x03,0x18,0x0c,0x03,0x1f,0xfc,0x03,0x18,0x0c,0x03,0x18,0x0c,0x03,0x18,0x0c,0x00,0x00,0x00 } },
  { 0x6392, { 0x00,0x00,0x00,0x06,0x04,0xc0,0x06,0x0e,0xe0,0x06,0x0c,0xc0,0x06,0x0c,0xc0,0x06,0x0c,0xc4,0x7f,0xfc,0xfe,0x06,0x0c,0xc0,0x06,0x0c,0xc0,0x06,0x0c,0xc0,0x07,0xbc,0xfc,0x0e,0x0c,0xc0,0x3e,0x0c,0xc0,0x76,0x0c,0xc0,0x26,0x0c,0xc4,0x06,0xfc,0xfe,0x06,0x0c,0xc0,0x06,0x0c,0xc0,0x06,0x0c,0xc0,0x06,0x0c,0xc0,0x3c,0x0c,0xc0,0x3c,0x0c,0xc0,0x08,0x0c,0xc0,0x00,0x00,0x00 } },
  { 0x76d8, { 0x00,0x00,0x00,0x00,0x30,0x00,0x00,0x30,0x40,0x03,0xff,0xe0,0x03,0x10,0x60,0x03,0x18,0x60,0x03,0x1c,0x60,0x03,0x08,0x64,0x3f,0xff,0xfe,0x03,0x00,0x60,0x03,0x30,0x60,0x06,0x18,0x60,0x06,0x1b,0xc0,0x0c,0x01,0xc0,0x18,0x00,0x00,0x27,0xff,0xf0,0x06,0x66,0x60,0x06,0x66,0x60,0x06,0x66,0x60,0x06,0x66,0x60,0x06,0x66,0x64,0x7f,0xff,0xfe,0x00,0x00,0x00,0x00,0x00,0x00 } },
  { 0x5224, { 0x00,0x00,0x00,0x01,0x80,0x0c,0x01,0x80,0x0c,0x11,0x88,0x0c,0x19,0x9c,0x0c,0x0d,0x98,0xcc,0x0d,0xb0,0xcc,0x0d,0xa0,0xcc,0x01,0x88,0xcc,0x1f,0xfc,0xcc,0x11,0x80,0xcc,0x01,0x80,0xcc,0x01,0x80,0xcc,0x01,0x84,0xcc,0x3f,0xfe,0xcc,0x01,0x80,0xcc,0x03,0x00,0xcc,0x03,0x00,0x8c,0x06,0x00,0x0c,0x04,0x00,0x0c,0x08,0x00,0xfc,0x30,0x00,0x38,0x60,0x00,0x18,0x00,0x00,0x00 } },
  { 0x65c1, { 0x00,0x00,0x00,0x00,0x30,0x00,0x00,0x38,0x00,0x00,0x18,0x30,0x0f,0xff,0xf8,0x01,0x03,0x80,0x00,0xc3,0x00,0x00,0xc2,0x08,0x1f,0xff,0xfc,0x18,0x30,0x1c,0x30,0x18,0x30,0x00,0x1c,0x08,0x3f,0xff,0xfc,0x00,0x60,0x00,0x00,0x60,0x00,0x00,0x7f,0xe0,0x00,0xc0,0x60,0x00,0xc0,0xe0,0x01,0x80,0xc0,0x01,0x80,0xc0,0x07,0x0f,0xc0,0x0c,0x03,0x80,0x70,0x01,0x00,0x00,0x00,0x00 } },
  { 0x8dd1, { 0x00,0x00,0x00,0x00,0x06,0x00,0x00,0x06,0x00,0x3f,0xcc,0x00,0x10,0xcf,0xfc,0x10,0xc8,0x18,0x10,0xd8,0x18,0x10,0xd0,0x18,0x1f,0xff,0xd8,0x36,0xb8,0xd8,0x06,0x78,0xd8,0x06,0x18,0xd8,0x3e,0x18,0xd8,0x37,0xdf,0xd8,0x36,0x18,0x98,0x36,0x19,0xf0,0x36,0x18,0x70,0x36,0x18,0x24,0x36,0x58,0x04,0x3f,0x98,0x04,0x7c,0x18,0x0e,0x30,0x0f,0xfc,0x00,0x00,0x00,0x00,0x00,0x00 } },
  { 0x914d, { 0x00,0x00,0x00,0x00,0x10,0x08,0x7f,0xff,0xfc,0x07,0x80,0x18,0x07,0x80,0x18,0x3f,0xf0,0x18,0x37,0xb0,0x18,0x37,0xb0,0x18,0x35,0xb0,0x18,0x35,0xb7,0xfc,0x3d,0xb6,0x18,0x39,0xb6,0x00,0x38,0xf6,0x00,0x30,0x36,0x00,0x3f,0xf6,0x00,0x30,0x36,0x04,0x30,0x36,0x04,0x30,0x36,0x04,0x30,0x36,0x04,0x3f,0xf6,0x06,0x30,0x33,0xfe,0x30,0x30,0x00,0x00,0x00,0x00,0x00,0x00,0x00 } },
  { 0x78b0, { 0x00,0x00,0x00,0x00,0x08,0x10,0x00,0x4c,0x38,0x3f,0xe6,0x30,0x06,0x06,0x20,0x04,0x06,0x44,0x0c,0x3f,0xfc,0x0c,0x06,0xc0,0x08,0x86,0xc0,0x1f,0xc6,0xc0,0x19,0xa6,0xcc,0x39,0xa6,0xce,0x39,0xb6,0xcc,0x79,0x96,0xd8,0x59,0x9e,0xd0,0x19,0x9e,0xf0,0x19,0x9e,0xe0,0x1f,0x86,0xc0,0x19,0x86,0xc0,0x18,0x06,0xc4,0x18,0x7f,0xfe,0x00,0x40,0x00,0x00,0x00,0x00,0x00,0x00,0x00 } },
  { 0x5339, { 0x00,0x00,0x00,0x00,0x00,0x18,0x3f,0xff,0xf8,0x30,0xc6,0x00,0x30,0xc6,0x00,0x30,0xc6,0x00,0x30,0xc6,0x00,0x30,0xc6,0x00,0x30,0xc6,0x00,0x30,0xc6,0x00,0x30,0xc6,0x00,0x30,0x86,0x00,0x31,0x86,0x18,0x31,0x86,0x18,0x31,0x06,0x18,0x33,0x03,0x1c,0x32,0x03,0xf8,0x34,0x00,0x00,0x30,0x00,0x00,0x30,0x00,0x08,0x3f,0xff,0xfc,0x10,0x00,0x00,0x00,0x00,0x00,0x00,0x00,0x00 } },
  { 0x504f, { 0x00,0x00,0x00,0x02,0x06,0x00,0x03,0x03,0x00,0x03,0x03,0x00,0x06,0x7f,0xf8,0x06,0x60,0x18,0x0c,0x60,0x18,0x0c,0x7f,0xf8,0x1c,0x60,0x18,0x1c,0x60,0x00,0x3c,0x60,0x00,0x2c,0x7f,0xfe,0x4c,0x7b,0x6c,0x0c,0x7b,0x6c,0x0c,0x5b,0x6c,0x0c,0xdf,0xfc,0x0c,0xdb,0x6c,0x0c,0x9b,0x6c,0x0d,0x9b,0x6c,0x0d,0x1b,0x6c,0x0f,0x1a,0x3c,0x0c,0x18,0x1c,0x0c,0x00,0x08,0x00,0x00,0x00 } },
  { 0x7247, { 0x00,0x00,0x00,0x00,0x06,0x00,0x02,0x07,0x00,0x03,0x06,0x00,0x03,0x06,0x00,0x03,0x06,0x00,0x03,0x06,0x00,0x03,0x06,0x08,0x03,0xff,0xfc,0x03,0x00,0x00,0x03,0x00,0x00,0x03,0x01,0x00,0x03,0xff,0x80,0x06,0x01,0x80,0x06,0x01,0x80,0x06,0x01,0x80,0x06,0x01,0x80,0x04,0x01,0x80,0x0c,0x01,0x80,0x18,0x01,0x80,0x10,0x01,0x80,0x20,0x01,0x80,0x00,0x01,0x80,0x00,0x00,0x00 } },
  { 0x62fc, { 0x00,0x00,0x00,0x04,0x10,0x30,0x0e,0x18,0x38,0x0e,0x0c,0x30,0x0e,0x0c,0x60,0x0e,0x84,0x48,0x7f,0xff,0xfc,0x0e,0x0c,0x60,0x0e,0x0c,0x60,0x0e,0x0c,0x60,0x0f,0x8c,0x60,0x0f,0x0c,0x64,0x1e,0xff,0xfe,0x7e,0x0c,0x60,0x6e,0x0c,0x60,0x0e,0x18,0x60,0x0e,0x18,0x60,0x0e,0x18,0x60,0x0e,0x10,0x60,0x0e,0x30,0x60,0x3e,0x60,0x60,0x3c,0x40,0x60,0x08,0x80,0x60,0x00,0x00,0x00 } },
  { 0x5e73, { 0x00,0x00,0x00,0x00,0x00,0x10,0x1f,0xff,0xf8,0x00,0x18,0x00,0x00,0x18,0x60,0x06,0x18,0x70,0x03,0x18,0xc0,0x03,0x98,0x80,0x01,0x99,0x00,0x01,0x18,0x0c,0x7f,0xff,0xfe,0x00,0x18,0x00,0x00,0x18,0x00,0x00,0x18,0x00,0x00,0x18,0x00,0x00,0x18,0x00,0x00,0x18,0x00,0x00,0x18,0x00,0x00,0x18,0x00,0x00,0x18,0x00,0x00,0x18,0x00,0x00,0x18,0x00,0x00,0x00,0x00,0x00,0x00,0x00 } },
  { 0x51ed, { 0x00,0x00,0x00,0x02,0x00,0x40,0x07,0x03,0xe0,0x06,0xff,0xe0,0x04,0x06,0x00,0x0c,0x06,0x00,0x0e,0x06,0x08,0x1f,0xff,0xfc,0x36,0x06,0x00,0x26,0x06,0x00,0x06,0x06,0x00,0x06,0x06,0x10,0x06,0x7f,0xf8,0x06,0x40,0x00,0x00,0x00,0x00,0x01,0xff,0x00,0x01,0x83,0x00,0x01,0x83,0x04,0x01,0x83,0x04,0x03,0x83,0x04,0x03,0x03,0x7e,0x0e,0x03,0xfc,0x70,0x00,0x00,0x00,0x00,0x00 } },
  { 0x5c4f, { 0x00,0x00,0x00,0x0f,0xff,0xf8,0x0c,0x00,0x18,0x0c,0x00,0x18,0x0c,0x00,0x18,0x0f,0xff,0xf8,0x0c,0x00,0x18,0x0c,0x30,0xc0,0x0c,0x31,0x80,0x0c,0x11,0x10,0x0d,0xff,0xf8,0x0c,0x31,0x80,0x0c,0x31,0x80,0x08,0x31,0x88,0x1b,0xff,0xfc,0x1a,0x31,0x80,0x18,0x31,0x80,0x10,0x61,0x80,0x30,0x61,0x80,0x20,0xc1,0x80,0x61,0x81,0x80,0x46,0x00,0x80,0x00,0x00,0x00,0x00,0x00,0x00 } },
  { 0x7834, { 0x00,0x00,0x00,0x00,0x01,0x80,0x00,0x01,0x80,0x00,0x81,0x80,0x3f,0xc1,0x80,0x06,0x1f,0xfc,0x04,0x19,0x8c,0x0c,0x19,0x98,0x0c,0x19,0x80,0x08,0x19,0x80,0x1f,0x99,0x80,0x19,0x9f,0xf8,0x39,0x9a,0x18,0x39,0x9a,0x30,0x79,0x9a,0x30,0x59,0xb1,0x20,0x19,0xb1,0x60,0x19,0xb1,0xe0,0x1f,0xa0,0xc0,0x19,0xe1,0xe0,0x18,0x47,0x3c,0x18,0x9c,0x1e,0x01,0x30,0x04,0x00,0x00,0x00 } },
  { 0x671f, { 0x00,0x00,0x00,0x0c,0x60,0x00,0x0c,0x73,0xfc,0x0c,0x6b,0x0c,0x3f,0xff,0x0c,0x0c,0x63,0x0c,0x0c,0x63,0x0c,0x0f,0xe3,0xfc,0x0c,0x63,0x0c,0x0c,0x63,0x0c,0x0f,0xe3,0x0c,0x0c,0x63,0x0c,0x0c,0x63,0xfc,0x0c,0x6b,0x0c,0x3f,0xff,0x0c,0x00,0x03,0x0c,0x06,0x66,0x0c,0x0c,0x36,0x0c,0x0c,0x34,0x0c,0x10,0x08,0x7c,0x20,0x10,0x3c,0x40,0x20,0x18,0x00,0x00,0x00,0x00,0x00,0x00 } },
  { 0x9f50, { 0x00,0x00,0x00,0x00,0x30,0x00,0x00,0x18,0x00,0x00,0x18,0x10,0x3f,0xff,0xf8,0x01,0x81,0x80,0x00,0x83,0x00,0x00,0x46,0x00,0x00,0x6c,0x00,0x00,0x38,0x00,0x00,0x3e,0x00,0x00,0xe7,0xc0,0x07,0x81,0xfe,0x7c,0xc1,0xfc,0x40,0xc1,0x80,0x01,0xc1,0x80,0x01,0x81,0x80,0x01,0x81,0x80,0x01,0x81,0x80,0x03,0x01,0x80,0x03,0x01,0x80,0x0e,0x01,0x80,0x18,0x01,0x00,0x00,0x00,0x00 } },
  { 0x5176, { 0x00,0x00,0x00,0x01,0x81,0x80,0x01,0x81,0x80,0x01,0x81,0x98,0x1f,0xff,0xfc,0x01,0x81,0x80,0x01,0x81,0x80,0x01,0x81,0x80,0x01,0xff,0x80,0x01,0x81,0x80,0x01,0x81,0x80,0x01,0xff,0x80,0x01,0x81,0x80,0x01,0x81,0x80,0x01,0x81,0x8c,0x7f,0xff,0xfe,0x00,0x00,0x00,0x00,0xc3,0x80,0x01,0xc0,0xc0,0x03,0x80,0x70,0x06,0x00,0x38,0x1c,0x00,0x38,0x30,0x00,0x18,0x00,0x00,0x00 } },
  { 0x542f, { 0x00,0x00,0x00,0x00,0x08,0x00,0x00,0x0e,0x00,0x02,0x06,0x00,0x03,0xff,0xfc,0x03,0x00,0x18,0x03,0x00,0x18,0x03,0x00,0x18,0x03,0x00,0x18,0x03,0xff,0xf8,0x03,0x00,0x18,0x03,0x00,0x00,0x03,0x40,0x00,0x03,0x7f,0xf8,0x07,0x60,0x18,0x06,0x60,0x18,0x06,0x60,0x18,0x06,0x60,0x18,0x04,0x60,0x18,0x0c,0x60,0x18,0x08,0x7f,0xf8,0x10,0x60,0x18,0x20,0x40,0x18,0x00,0x00,0x00 } },
  { 0x8d77, { 0x00,0x00,0x00,0x01,0x80,0x00,0x01,0x80,0x00,0x01,0x80,0x00,0x01,0x87,0xf8,0x1f,0xf0,0x18,0x01,0x80,0x18,0x01,0x80,0x18,0x01,0x90,0x18,0x3f,0xff,0xf8,0x21,0x86,0x18,0x01,0x86,0x00,0x19,0x86,0x00,0x19,0x96,0x04,0x19,0xfe,0x04,0x19,0x86,0x04,0x19,0x86,0x04,0x19,0x86,0x0e,0x37,0x83,0xfc,0x33,0x80,0x00,0x21,0xf8,0x02,0x60,0x7f,0xfe,0x40,0x0f,0xf8,0x00,0x00,0x00 } },
  { 0x5f03, { 0x00,0x00,0x00,0x00,0x60,0x00,0x00,0x70,0x00,0x00,0x30,0x30,0x7f,0xff,0xf8,0x00,0xe0,0x00,0x00,0xc2,0x00,0x01,0x81,0x80,0x06,0x01,0xc0,0x1f,0xff,0xe0,0x0f,0xe0,0x60,0x01,0x86,0x60,0x01,0x87,0x00,0x01,0x87,0x00,0x01,0x87,0x18,0x7f,0xff,0xfc,0x01,0x87,0x00,0x01,0x07,0x00,0x03,0x07,0x00,0x06,0x07,0x00,0x0c,0x07,0x00,0x18,0x07,0x00,0x60,0x02,0x00,0x00,0x00,0x00 } },
  { 0x5951, { 0x00,0x00,0x00,0x03,0x80,0x00,0x03,0x00,0x00,0x3f,0xff,0xfc,0x03,0x01,0x8c,0x03,0x21,0x8c,0x1f,0xf1,0x8c,0x03,0x01,0x8c,0x03,0x13,0x0c,0x3f,0xfe,0x18,0x03,0x0c,0x98,0x03,0x18,0x78,0x03,0x60,0x30,0x01,0x18,0x00,0x00,0x18,0x08,0x3f,0xff,0xfc,0x00,0x3c,0x00,0x00,0x76,0x00,0x00,0x63,0x00,0x00,0xc1,0xc0,0x03,0x80,0xf8,0x0e,0x00,0x7e,0x70,0x00,0x18,0x00,0x00,0x00 } },
  { 0x5668, { 0x00,0x00,0x00,0x0f,0xe7,0xf0,0x0c,0x66,0x30,0x0c,0x66,0x30,0x0c,0x66,0x30,0x0c,0x66,0x30,0x0f,0xe7,0xf0,0x0c,0x7f,0xb0,0x08,0x30,0xc8,0x3f,0xff,0xfc,0x00,0x62,0x00,0x00,0xc3,0x00,0x03,0x81,0xc0,0x06,0x00,0x7c,0x1f,0xe7,0xfe,0x7c,0x66,0x3c,0x0c,0x66,0x30,0x0c,0x66,0x30,0x0c,0x66,0x30,0x0f,0xe7,0xf0,0x0c,0x66,0x30,0x0c,0x04,0x20,0x00,0x00,0x00,0x00,0x00,0x00 } },
  { 0x5343, { 0x00,0x00,0x00,0x00,0x00,0xc0,0x00,0x0f,0xe0,0x07,0xff,0x00,0x0e,0x18,0x00,0x00,0x18,0x00,0x00,0x18,0x00,0x00,0x18,0x00,0x00,0x18,0x0c,0x7f,0xff,0xfe,0x00,0x18,0x00,0x00,0x18,0x00,0x00,0x18,0x00,0x00,0x18,0x00,0x00,0x18,0x00,0x00,0x18,0x00,0x00,0x18,0x00,0x00,0x18,0x00,0x00,0x18,0x00,0x00,0x18,0x00,0x00,0x18,0x00,0x00,0x18,0x00,0x00,0x00,0x00,0x00,0x00,0x00 } },
  { 0x7b7e, { 0x00,0x00,0x00,0x06,0x01,0x00,0x07,0x03,0x80,0x06,0x03,0x08,0x0f,0xf3,0xfc,0x0d,0x06,0x40,0x19,0x84,0x60,0x31,0xd8,0x30,0x20,0xb8,0x20,0x40,0x7c,0x00,0x00,0xe6,0x00,0x01,0xc3,0x80,0x03,0x81,0xe0,0x0f,0xff,0xfe,0x18,0x00,0x1c,0x60,0x20,0xc0,0x02,0x30,0xc0,0x03,0x19,0x80,0x01,0x99,0x80,0x01,0x99,0x00,0x01,0x82,0x08,0x3f,0xff,0xfc,0x00,0x00,0x00,0x00,0x00,0x00 } },
  { 0x524d, { 0x00,0x00,0x00,0x02,0x03,0x00,0x03,0x03,0x80,0x01,0x86,0x00,0x01,0x84,0x18,0x7f,0xff,0xfc,0x00,0x00,0x00,0x00,0x40,0x40,0x1f,0xe4,0x60,0x18,0xc6,0x60,0x18,0xc6,0x60,0x18,0xc6,0x60,0x1f,0xc6,0x60,0x18,0xc6,0x60,0x18,0xc6,0x60,0x18,0xc6,0x60,0x1f,0xc6,0x60,0x18,0xc6,0x60,0x18,0xc6,0x60,0x18,0xc4,0x60,0x18,0xc7,0xe0,0x1b,0xc3,0xe0,0x30,0x80,0xc0,0x00,0x00,0x00 } },
  { 0x6d45, { 0x00,0x00,0x00,0x00,0x06,0x00,0x0c,0x06,0xc0,0x06,0x06,0x60,0x07,0x06,0x30,0x02,0x86,0x30,0x00,0x86,0x18,0x60,0x87,0xfc,0x31,0x7f,0x80,0x19,0x06,0x00,0x1b,0x06,0x0c,0x02,0x07,0xfc,0x02,0xfe,0x00,0x06,0x02,0x30,0x04,0x03,0x70,0x0c,0x03,0x60,0x7c,0x03,0xc0,0x1c,0x03,0x84,0x1c,0x07,0xc4,0x1c,0x1c,0xe4,0x1c,0x70,0x7c,0x1c,0x80,0x3c,0x08,0x00,0x0c,0x00,0x00,0x00 } },
  { 0x5f3a, { 0x00,0x00,0x00,0x00,0x3f,0xf0,0x7f,0x30,0x30,0x03,0x30,0x30,0x03,0x30,0x30,0x03,0x3f,0xf0,0x03,0x33,0x20,0x3f,0x03,0x00,0x63,0x03,0x00,0x60,0x03,0x00,0x60,0x7f,0xf8,0x62,0x63,0x18,0x7f,0x63,0x18,0x43,0x63,0x18,0x03,0x7f,0xf8,0x02,0x63,0x10,0x06,0x03,0x20,0x06,0x03,0x30,0x06,0x03,0x18,0x26,0x1f,0xfc,0x3c,0xff,0x8c,0x18,0xc0,0x08,0x00,0x00,0x00,0x00,0x00,0x00 } },
  { 0x62a2, { 0x00,0x00,0x00,0x06,0x02,0x00,0x06,0x03,0x00,0x06,0x07,0x00,0x06,0x07,0x80,0x06,0x8e,0x80,0x7f,0xcc,0xc0,0x06,0x18,0x60,0x06,0x10,0x38,0x06,0x30,0x1e,0x06,0xff,0xec,0x07,0xd8,0x60,0x3e,0x18,0x60,0x76,0x18,0x60,0x66,0x18,0x60,0x06,0x18,0x60,0x06,0x19,0xe0,0x06,0x18,0xc8,0x06,0x18,0x0c,0x06,0x18,0x0c,0x3e,0x1f,0xfc,0x3c,0x1f,0xfc,0x0c,0x00,0x00,0x00,0x00,0x00 } },
  { 0x4e14, { 0x00,0x00,0x00,0x00,0x00,0x00,0x00,0x00,0xc0,0x03,0xff,0xc0,0x03,0x00,0xc0,0x03,0x00,0xc0,0x03,0x00,0xc0,0x03,0x00,0xc0,0x03,0x00,0xc0,0x03,0xff,0xc0,0x03,0x00,0xc0,0x03,0x00,0xc0,0x03,0x00,0xc0,0x03,0x00,0xc0,0x03,0x00,0xc0,0x03,0xff,0xc0,0x03,0x00,0xc0,0x03,0x00,0xc0,0x03,0x00,0xc0,0x03,0x00,0xc0,0x03,0x00,0xcc,0x7f,0xff,0xfe,0x00,0x00,0x00,0x00,0x00,0x00 } },
  { 0x5207, { 0x00,0x00,0x00,0x0c,0x00,0x00,0x0e,0x00,0x08,0x0e,0x3f,0xfc,0x0e,0x03,0x0c,0x0e,0x03,0x0c,0x0e,0x23,0x0c,0x0f,0xf3,0x0c,0x7f,0x03,0x0c,0x0e,0x03,0x0c,0x0e,0x03,0x1c,0x0e,0x06,0x1c,0x0e,0x06,0x1c,0x0e,0x16,0x1c,0x0e,0x66,0x18,0x0e,0xcc,0x18,0x0f,0x8c,0x18,0x0f,0x18,0x18,0x06,0x30,0x18,0x00,0x61,0xf8,0x00,0xc0,0xf0,0x01,0x00,0x60,0x00,0x00,0x00,0x00,0x00,0x00 } },
  { 0x6e05, { 0x00,0x00,0x00,0x00,0x07,0x00,0x18,0x07,0x00,0x0c,0x06,0x08,0x0c,0xff,0xfc,0x04,0x06,0x20,0x00,0x7f,0xf0,0x42,0x06,0x00,0x32,0x06,0x04,0x3b,0xff,0xfe,0x1a,0x00,0x00,0x04,0x00,0x10,0x04,0x7f,0xf8,0x04,0x60,0x30,0x0c,0x7f,0xf0,0x08,0x60,0x30,0x78,0x60,0x30,0x38,0x7f,0xf0,0x18,0x60,0x30,0x18,0x60,0x30,0x18,0x60,0x30,0x18,0x60,0xf0,0x00,0x60,0x30,0x00,0x00,0x00 } },
  { 0x60c5, { 0x00,0x00,0x00,0x0c,0x03,0x00,0x0c,0x03,0x00,0x0c,0x03,0x08,0x0c,0x7f,0xfc,0x0e,0x03,0x00,0x2f,0x03,0x10,0x2d,0xbf,0xf8,0x3d,0x03,0x00,0x6c,0x03,0x04,0x6c,0xff,0xfe,0x0c,0x00,0x00,0x0c,0x3f,0xf0,0x0c,0x30,0x30,0x0c,0x3f,0xf0,0x0c,0x30,0x30,0x0c,0x30,0x30,0x0c,0x3f,0xf0,0x0c,0x30,0x30,0x0c,0x30,0x30,0x0c,0x30,0x30,0x0c,0x30,0xf0,0x0c,0x60,0x60,0x00,0x00,0x00 } },
  { 0x8bf7, { 0x00,0x00,0x00,0x00,0x03,0x00,0x18,0x03,0x00,0x0c,0x03,0x08,0x0c,0xff,0xfc,0x0c,0x03,0x10,0x00,0x3f,0xf8,0x00,0x03,0x00,0x00,0x03,0x04,0x7c,0xff,0xfe,0x0c,0x00,0x00,0x0c,0x00,0x00,0x0c,0x3f,0xf0,0x0c,0x30,0x30,0x0c,0x3f,0xf0,0x0c,0x30,0x30,0x0c,0xb0,0x30,0x0d,0x3f,0xf0,0x0f,0x30,0x30,0x0e,0x30,0x30,0x0c,0x30,0x30,0x00,0x30,0xf0,0x00,0x30,0x60,0x00,0x00,0x00 } },
  { 0x6c42, { 0x00,0x00,0x00,0x00,0x10,0x00,0x00,0x19,0x80,0x00,0x18,0xe0,0x00,0x18,0x60,0x00,0x18,0x68,0x3f,0xff,0xfc,0x00,0x18,0x00,0x00,0x18,0x00,0x0c,0x1c,0x30,0x07,0x1c,0x38,0x03,0x1c,0x60,0x03,0x1f,0xc0,0x01,0x1b,0x00,0x00,0x7b,0x00,0x01,0xd9,0x80,0x07,0x19,0xc0,0x1e,0x18,0xe0,0x78,0x18,0x78,0x30,0x18,0x3e,0x01,0xf8,0x18,0x00,0xf0,0x00,0x00,0x30,0x00,0x00,0x00,0x00 } },
  { 0x533a, { 0x00,0x00,0x00,0x00,0x00,0x30,0x3f,0xff,0xf0,0x30,0x00,0x00,0x30,0x00,0x00,0x30,0x01,0x80,0x31,0x03,0xc0,0x30,0x83,0x00,0x30,0x47,0x00,0x30,0x66,0x00,0x30,0x3c,0x00,0x30,0x1c,0x00,0x30,0x3e,0x00,0x30,0x37,0x00,0x30,0x63,0x80,0x30,0xc1,0x80,0x31,0x01,0xc0,0x32,0x00,0x80,0x30,0x00,0x00,0x30,0x00,0x10,0x3f,0xff,0xf8,0x30,0x00,0x00,0x00,0x00,0x00,0x00,0x00,0x00 } },
  { 0x9a71, { 0x00,0x00,0x00,0x00,0x00,0x00,0x3f,0xc0,0x04,0x00,0xcf,0xfe,0x00,0xcc,0x00,0x18,0xcc,0x00,0x18,0x8c,0x08,0x19,0x8e,0x1c,0x19,0x8d,0x18,0x19,0x8c,0x98,0x19,0x8c,0xf0,0x19,0x8c,0x60,0x3f,0xfc,0x70,0x10,0x6c,0x78,0x00,0x6c,0xd8,0x00,0x6d,0x9c,0x0f,0x6d,0x0c,0x78,0x4e,0x00,0x20,0xcc,0x00,0x04,0xcc,0x04,0x07,0xcf,0xfe,0x03,0x88,0x00,0x00,0x00,0x00,0x00,0x00,0x00 } },
  { 0x53d6, { 0x00,0x00,0x00,0x00,0x30,0x00,0x3f,0xf8,0x00,0x18,0x60,0x00,0x18,0x7f,0xf8,0x18,0x64,0x18,0x1f,0xe4,0x38,0x18,0x64,0x30,0x18,0x66,0x30,0x18,0x62,0x30,0x18,0x62,0x60,0x1f,0xe3,0x60,0x18,0x63,0x60,0x18,0x61,0xc0,0x18,0x79,0xc0,0x1b,0xe1,0xc0,0x7e,0x61,0xc0,0x70,0x63,0x70,0x00,0x66,0x38,0x00,0x6c,0x1e,0x00,0x78,0x0c,0x00,0x60,0x00,0x00,0x00,0x00,0x00,0x00,0x00 } },
  { 0x53bb, { 0x00,0x00,0x00,0x00,0x18,0x00,0x00,0x18,0x00,0x00,0x18,0x00,0x00,0x18,0x00,0x00,0x18,0x20,0x0f,0xff,0xf0,0x00,0x18,0x00,0x00,0x18,0x00,0x00,0x18,0x00,0x00,0x18,0x00,0x00,0x18,0x08,0x3f,0xff,0xfc,0x00,0x18,0x00,0x00,0x38,0x00,0x00,0x60,0x00,0x00,0x60,0x00,0x00,0xc1,0x80,0x01,0x80,0xe0,0x03,0x00,0x70,0x0f,0xff,0xf0,0x0f,0xfc,0x38,0x04,0x00,0x10,0x00,0x00,0x00 } },
  { 0x5708, { 0x00,0x00,0x00,0x3f,0xff,0xf8,0x18,0x10,0x18,0x19,0x39,0x18,0x19,0xb3,0x18,0x18,0xb2,0x18,0x1b,0xff,0x98,0x1b,0xff,0x98,0x18,0x60,0xd8,0x1f,0xff,0xf8,0x18,0xc6,0x18,0x19,0xc3,0x18,0x1b,0xff,0x98,0x1e,0xc6,0xf8,0x18,0xc6,0xd8,0x18,0xdc,0x98,0x18,0xcd,0x98,0x18,0xff,0x98,0x18,0x00,0x18,0x1f,0xff,0xf8,0x18,0x00,0x18,0x30,0x00,0x18,0x00,0x00,0x00,0x00,0x00,0x00 } },
  { 0x5168, { 0x00,0x00,0x00,0x00,0x30,0x00,0x00,0x38,0x00,0x00,0x78,0x00,0x00,0x6c,0x00,0x00,0xe6,0x00,0x00,0xc3,0x00,0x01,0x81,0x80,0x03,0x01,0xc0,0x06,0x00,0xf8,0x0f,0xff,0xfe,0x38,0x18,0x1c,0x60,0x18,0x00,0x00,0x18,0x00,0x00,0x18,0x40,0x07,0xff,0xe0,0x00,0x18,0x00,0x00,0x18,0x00,0x00,0x18,0x00,0x00,0x18,0x00,0x00,0x18,0x08,0x3f,0xff,0xfc,0x00,0x00,0x00,0x00,0x00,0x00 } },
  { 0x6743, { 0x00,0x00,0x00,0x06,0x00,0x00,0x06,0x00,0x00,0x06,0x00,0x10,0x06,0x3f,0xf8,0x06,0x48,0x38,0x7f,0xe8,0x30,0x06,0x08,0x30,0x06,0x08,0x30,0x06,0x08,0x30,0x0f,0x8c,0x60,0x0e,0xc4,0x60,0x0e,0x64,0x40,0x1e,0x66,0xc0,0x16,0x02,0xc0,0x36,0x03,0x80,0x26,0x03,0x80,0x46,0x07,0xc0,0x06,0x0c,0xe0,0x06,0x18,0x78,0x06,0x30,0x3e,0x06,0xc0,0x1c,0x07,0x80,0x00,0x00,0x00,0x00 } },
  { 0x7f3a, { 0x00,0x00,0x00,0x0c,0x03,0x00,0x0c,0x03,0x00,0x0c,0x03,0x00,0x18,0x43,0x00,0x1f,0xff,0xf8,0x13,0x0b,0x30,0x33,0x03,0x30,0x23,0x03,0x30,0x03,0x23,0x30,0x7f,0xf3,0x30,0x03,0x03,0x34,0x13,0x5f,0xfe,0x33,0x73,0x80,0x33,0x62,0x80,0x33,0x66,0xc0,0x33,0x66,0x40,0x33,0xe4,0x60,0x3e,0x6c,0x30,0x18,0x58,0x38,0x00,0x30,0x1c,0x00,0x60,0x0e,0x00,0x80,0x00,0x00,0x00,0x00 } },
  { 0x786e, { 0x00,0x00,0x00,0x00,0x06,0x00,0x00,0x07,0x00,0x00,0x4e,0x20,0x3f,0xef,0xf0,0x06,0x1c,0x70,0x0c,0x18,0x40,0x0c,0x30,0x80,0x08,0x7f,0xfc,0x18,0x19,0x8c,0x1f,0xd9,0x8c,0x19,0x9f,0xfc,0x39,0x99,0x8c,0x39,0x99,0x8c,0x59,0x99,0x8c,0x19,0x9f,0xfc,0x19,0x99,0x8c,0x1f,0x91,0x8c,0x19,0xb1,0x8c,0x18,0x31,0x8c,0x18,0x61,0xbc,0x00,0x41,0xbc,0x00,0x80,0x18,0x00,0x00,0x00 } },
  { 0x7136, { 0x00,0x00,0x00,0x02,0x03,0x00,0x07,0x03,0x40,0x06,0x03,0x30,0x06,0x23,0x38,0x0f,0xf3,0x18,0x0c,0x33,0x08,0x0e,0x7f,0xfc,0x1b,0x63,0x80,0x39,0x63,0x80,0x2c,0xc3,0x40,0x46,0xc6,0x40,0x05,0x86,0x60,0x01,0x0c,0x30,0x03,0x18,0x1c,0x06,0x30,0x1e,0x18,0x40,0x00,0x30,0x04,0x20,0x0c,0x86,0x30,0x0c,0xc3,0x18,0x18,0x63,0x1c,0x18,0x63,0x0c,0x38,0x63,0x08,0x00,0x00,0x00 } },
  { 0x67d3, { 0x00,0x00,0x00,0x0c,0x0c,0x00,0x06,0x0c,0x00,0x02,0x8c,0x00,0x30,0xff,0xc0,0x19,0x7c,0xc0,0x09,0x08,0xc0,0x02,0x18,0xc4,0x06,0x18,0xc4,0x1e,0x30,0xc4,0x0c,0x30,0xc6,0x0c,0x78,0xfe,0x0c,0xdc,0x00,0x0d,0x18,0x08,0x3f,0xff,0xfc,0x00,0x7c,0x00,0x00,0x7a,0x00,0x00,0xdb,0x00,0x01,0x99,0xc0,0x03,0x18,0xfc,0x0e,0x18,0x3e,0x38,0x18,0x18,0x40,0x18,0x00,0x00,0x00,0x00 } },
  { 0x8ba9, { 0x00,0x00,0x00,0x00,0x00,0x00,0x00,0x06,0x00,0x0c,0x07,0x00,0x06,0x06,0x00,0x07,0x06,0x00,0x03,0x06,0x00,0x02,0x06,0x00,0x00,0x06,0x00,0x04,0x06,0x08,0x7e,0x07,0xfc,0x06,0x06,0x00,0x06,0x06,0x00,0x06,0x06,0x00,0x06,0x06,0x00,0x06,0x06,0x00,0x06,0x06,0x00,0x06,0x46,0x00,0x07,0x86,0x00,0x07,0x06,0x00,0x07,0x06,0x04,0x06,0xff,0xfe,0x00,0x00,0x00,0x00,0x00,0x00 } },
  { 0x7ed5, { 0x00,0x00,0x00,0x04,0x0c,0x00,0x06,0x0c,0x00,0x0c,0x0c,0x10,0x0c,0x0c,0x78,0x19,0xff,0xc0,0x11,0xc6,0x30,0x33,0x86,0x70,0x7f,0x03,0xe6,0x36,0x03,0x86,0x04,0x0f,0xc6,0x08,0x78,0xfe,0x18,0x00,0x3e,0x3f,0x80,0x10,0x3c,0x7f,0xf8,0x10,0x0d,0x80,0x00,0x0d,0x80,0x00,0x19,0x84,0x1f,0x19,0x84,0x78,0x19,0x84,0x20,0x31,0x86,0x00,0xe0,0xfe,0x03,0x80,0x00,0x00,0x00,0x00 } },
  { 0x70ed, { 0x00,0x00,0x00,0x03,0x06,0x00,0x03,0x07,0x00,0x03,0x06,0x00,0x03,0x06,0x20,0x03,0x4f,0xf0,0x3f,0xfe,0x60,0x03,0x06,0x60,0x03,0x06,0x60,0x03,0x7e,0x60,0x03,0xce,0x60,0x3f,0x0f,0x64,0x7b,0x0f,0xa4,0x23,0x19,0xb4,0x03,0x30,0x9c,0x0f,0x60,0x1c,0x07,0x40,0x04,0x02,0x00,0x00,0x08,0x84,0x20,0x08,0xc6,0x10,0x18,0x63,0x18,0x18,0x63,0x1c,0x30,0x42,0x08,0x00,0x00,0x00 } },
  { 0x4eba, { 0x00,0x00,0x00,0x00,0x30,0x00,0x00,0x38,0x00,0x00,0x38,0x00,0x00,0x38,0x00,0x00,0x38,0x00,0x00,0x38,0x00,0x00,0x38,0x00,0x00,0x3c,0x00,0x00,0x7c,0x00,0x00,0x64,0x00,0x00,0x66,0x00,0x00,0x66,0x00,0x00,0xe3,0x00,0x00,0xc3,0x00,0x01,0xc1,0x80,0x01,0x81,0xc0,0x03,0x00,0xe0,0x06,0x00,0x70,0x0c,0x00,0x3e,0x18,0x00,0x1e,0x60,0x00,0x08,0x00,0x00,0x00,0x00,0x00,0x00 } },
  { 0x8ba4, { 0x00,0x00,0x00,0x08,0x02,0x00,0x0c,0x03,0x00,0x06,0x03,0x00,0x07,0x03,0x00,0x03,0x07,0x00,0x02,0x07,0x00,0x00,0x07,0x00,0x04,0x07,0x00,0x7e,0x07,0x00,0x06,0x07,0x00,0x06,0x07,0x80,0x06,0x06,0x80,0x06,0x0c,0x80,0x06,0x2c,0xc0,0x06,0xcc,0x40,0x07,0x98,0x60,0x07,0x30,0x70,0x07,0x60,0x38,0x06,0xc0,0x1c,0x01,0x80,0x1e,0x02,0x00,0x00,0x00,0x00,0x00,0x00,0x00,0x00 } },
  { 0x4efb, { 0x00,0x00,0x00,0x01,0x00,0x00,0x03,0x80,0x00,0x03,0x00,0x38,0x03,0x03,0xf8,0x06,0x7f,0x80,0x06,0x03,0x00,0x0c,0x03,0x00,0x0e,0x03,0x00,0x1e,0x03,0x00,0x16,0x03,0x00,0x36,0x03,0x08,0x26,0xff,0xfc,0x46,0x03,0x00,0x06,0x03,0x00,0x06,0x03,0x00,0x06,0x03,0x00,0x06,0x03,0x00,0x06,0x03,0x00,0x06,0x03,0x00,0x06,0x03,0x04,0x06,0xff,0xfe,0x04,0x00,0x00,0x00,0x00,0x00 } },
  { 0x4ecd, { 0x00,0x00,0x00,0x03,0x00,0x00,0x03,0x00,0x00,0x03,0x7f,0xf0,0x06,0x5c,0x30,0x06,0x1c,0x30,0x0c,0x18,0x60,0x0e,0x18,0x60,0x0e,0x18,0x60,0x1e,0x18,0x64,0x16,0x18,0xfe,0x26,0x18,0x4c,0x66,0x18,0x0c,0x06,0x18,0x0c,0x06,0x18,0x0c,0x06,0x10,0x0c,0x06,0x30,0x0c,0x06,0x30,0x0c,0x06,0x60,0x18,0x06,0x40,0x18,0x06,0xc1,0xf8,0x07,0x80,0x70,0x07,0x00,0x20,0x00,0x00,0x00 } },
  { 0x65e5, { 0x00,0x00,0x00,0x08,0x00,0x40,0x0f,0xff,0xe0,0x0c,0x00,0xc0,0x0c,0x00,0xc0,0x0c,0x00,0xc0,0x0c,0x00,0xc0,0x0c,0x00,0xc0,0x0c,0x00,0xc0,0x0f,0xff,0xc0,0x0c,0x00,0xc0,0x0c,0x00,0xc0,0x0c,0x00,0xc0,0x0c,0x00,0xc0,0x0c,0x00,0xc0,0x0c,0x00,0xc0,0x0c,0x00,0xc0,0x0c,0x00,0xc0,0x0f,0xff,0xc0,0x0c,0x00,0xc0,0x0c,0x00,0xc0,0x08,0x00,0xc0,0x00,0x00,0x00,0x00,0x00,0x00 } },
  { 0x5bb9, { 0x00,0x00,0x00,0x00,0x30,0x00,0x00,0x18,0x00,0x00,0x18,0x08,0x1f,0xff,0xfc,0x18,0x00,0x1c,0x39,0x82,0x10,0x31,0x81,0xc0,0x03,0x18,0xe0,0x06,0x38,0x70,0x0c,0x3c,0x30,0x30,0x66,0x10,0x00,0xc3,0x00,0x01,0x81,0xc0,0x03,0x00,0xfc,0x0f,0xff,0xfe,0x39,0x81,0xc8,0x61,0x81,0xc0,0x01,0x81,0xc0,0x01,0x81,0xc0,0x01,0x81,0xc0,0x01,0xff,0xc0,0x01,0x01,0x80,0x00,0x00,0x00 } },
  { 0x5982, { 0x00,0x00,0x00,0x03,0x00,0x00,0x03,0x00,0x00,0x07,0x00,0x00,0x06,0x00,0x00,0x06,0x20,0x00,0x3f,0xf7,0xfc,0x26,0x36,0x0c,0x04,0x36,0x0c,0x0c,0x36,0x0c,0x0c,0x66,0x0c,0x0c,0x66,0x0c,0x08,0x66,0x0c,0x08,0x66,0x0c,0x18,0x46,0x0c,0x1e,0xc6,0x0c,0x07,0xc6,0x0c,0x01,0xe6,0x0c,0x01,0xf7,0xfc,0x03,0x1e,0x0c,0x06,0x16,0x0c,0x18,0x06,0x00,0x70,0x00,0x00,0x00,0x00,0x00 } },
  { 0x5165, { 0x00,0x00,0x00,0x01,0xc0,0x00,0x00,0xe0,0x00,0x00,0x30,0x00,0x00,0x18,0x00,0x00,0x18,0x00,0x00,0x18,0x00,0x00,0x3c,0x00,0x00,0x3c,0x00,0x00,0x34,0x00,0x00,0x66,0x00,0x00,0x66,0x00,0x00,0xc3,0x00,0x00,0xc3,0x00,0x01,0x81,0x80,0x03,0x01,0xc0,0x03,0x00,0xe0,0x06,0x00,0x70,0x0c,0x00,0x78,0x18,0x00,0x3e,0x30,0x00,0x1c,0x40,0x00,0x00,0x00,0x00,0x00,0x00,0x00,0x00 } },
  { 0x8f6f, { 0x00,0x00,0x00,0x0c,0x06,0x00,0x0e,0x07,0x00,0x0c,0x06,0x00,0x0c,0x46,0x00,0x7f,0xec,0x00,0x18,0x0f,0xf8,0x1e,0x18,0x18,0x17,0x12,0x30,0x36,0x33,0x20,0x36,0x63,0x00,0x7f,0xe7,0x00,0x26,0x07,0x00,0x06,0x07,0x00,0x06,0x67,0x80,0x07,0x86,0x80,0x7e,0x06,0x80,0x76,0x0c,0xc0,0x46,0x0c,0x60,0x06,0x18,0x60,0x06,0x30,0x38,0x06,0x60,0x3c,0x06,0x80,0x10,0x00,0x00,0x00 } },
  { 0x82e5, { 0x00,0x00,0x00,0x00,0xc3,0x00,0x00,0xc3,0x00,0x00,0xc3,0x08,0x3f,0xff,0xfc,0x00,0xc3,0x00,0x00,0xf3,0x00,0x00,0xbb,0x00,0x00,0x30,0x00,0x00,0x60,0x0c,0x3f,0xff,0xfe,0x00,0xe0,0x00,0x00,0xc0,0x00,0x01,0x80,0x40,0x03,0xff,0xe0,0x03,0x80,0x60,0x0f,0x80,0x60,0x19,0x80,0x60,0x31,0x80,0x60,0x41,0x80,0x60,0x01,0xff,0xe0,0x01,0x80,0x60,0x01,0x80,0x40,0x00,0x00,0x00 } },
  { 0x585e, { 0x00,0x00,0x00,0x00,0x30,0x00,0x00,0x18,0x00,0x08,0x08,0x00,0x0f,0xff,0xf8,0x18,0xc3,0x18,0x18,0xc3,0x30,0x1f,0xff,0xf0,0x00,0xc3,0x00,0x00,0xc3,0x20,0x07,0xff,0xf0,0x04,0xc3,0x00,0x00,0xc3,0x08,0x3f,0xff,0xfc,0x01,0x83,0x00,0x01,0x99,0x80,0x03,0x19,0xe0,0x07,0xff,0xf8,0x1c,0x18,0x1e,0x30,0x18,0x08,0x40,0x18,0x20,0x0f,0xff,0xf0,0x08,0x00,0x00,0x00,0x00,0x00 } },
  { 0x4e09, { 0x00,0x00,0x00,0x00,0x00,0x00,0x00,0x00,0x00,0x00,0x00,0x10,0x1f,0xff,0xf8,0x00,0x00,0x00,0x00,0x00,0x00,0x00,0x00,0x00,0x00,0x00,0x00,0x00,0x00,0x00,0x00,0x00,0x00,0x00,0x00,0x60,0x07,0xff,0xf0,0x00,0x00,0x00,0x00,0x00,0x00,0x00,0x00,0x00,0x00,0x00,0x00,0x00,0x00,0x00,0x00,0x00,0x00,0x00,0x00,0x0c,0x7f,0xff,0xfe,0x00,0x00,0x00,0x00,0x00,0x00,0x00,0x00,0x00 } },
  { 0x6563, { 0x00,0x00,0x00,0x0c,0x81,0x80,0x0c,0xc1,0xc0,0x0c,0xc1,0x80,0x0c,0xd1,0x00,0x3f,0xfb,0x04,0x0c,0xc3,0xfe,0x0c,0xd2,0x38,0x7f,0xfe,0x30,0x00,0x07,0x30,0x00,0x07,0x30,0x1f,0xed,0x30,0x18,0x69,0x30,0x18,0x61,0xb0,0x1f,0xe1,0xe0,0x18,0x60,0xe0,0x18,0x60,0xe0,0x1f,0xe0,0xe0,0x18,0x60,0xf0,0x18,0x61,0x38,0x18,0x66,0x1e,0x19,0xec,0x0e,0x18,0xd0,0x00,0x00,0x00,0x00 } },
  { 0x626b, { 0x00,0x00,0x00,0x06,0x00,0x00,0x07,0x00,0x00,0x06,0x00,0x00,0x06,0x00,0x08,0x06,0x5f,0xfc,0x3f,0xf0,0x0c,0x06,0x00,0x0c,0x06,0x00,0x0c,0x06,0x00,0x0c,0x06,0xe0,0x0c,0x07,0x9f,0xfc,0x1e,0x00,0x0c,0x7e,0x00,0x0c,0x26,0x00,0x0c,0x06,0x00,0x0c,0x06,0x00,0x0c,0x06,0x00,0x0c,0x06,0x00,0x0c,0x06,0x3f,0xfc,0x3e,0x00,0x0c,0x1e,0x00,0x0c,0x0c,0x00,0x08,0x00,0x00,0x00 } },
  { 0x8272, { 0x00,0x00,0x00,0x00,0xc0,0x00,0x00,0xc0,0x00,0x01,0xff,0x00,0x03,0x07,0x80,0x03,0x06,0x00,0x06,0x0c,0x00,0x0c,0x08,0x20,0x1f,0xff,0xf0,0x3c,0x18,0x60,0x6c,0x18,0x60,0x0c,0x18,0x60,0x0c,0x18,0x60,0x0f,0xff,0xe0,0x0c,0x00,0x60,0x0c,0x00,0x00,0x0c,0x00,0x04,0x0c,0x00,0x04,0x0c,0x00,0x04,0x0c,0x00,0x04,0x0f,0xff,0xfe,0x07,0xff,0xfc,0x00,0x00,0x00,0x00,0x00,0x00 } },
  { 0x5220, { 0x00,0x00,0x00,0x00,0x00,0x0c,0x00,0x00,0x0c,0x1f,0x7e,0x0c,0x1b,0x6c,0x4c,0x1b,0x6c,0x6c,0x1b,0x6c,0x4c,0x1b,0x6c,0x4c,0x1b,0x6c,0x4c,0x1b,0x6c,0x4c,0x7f,0xff,0x4c,0x1b,0x6c,0x4c,0x1b,0x6c,0x4c,0x1b,0x6c,0x4c,0x1b,0x6c,0x4c,0x1b,0x6c,0x4c,0x13,0x4c,0x6c,0x33,0x4c,0x4c,0x33,0xcc,0x0c,0x2f,0xcc,0x0c,0x26,0xbc,0x7c,0x41,0x9c,0x3c,0x41,0x08,0x18,0x00,0x00,0x00 } },
  { 0x95ea, { 0x00,0x00,0x00,0x0c,0x00,0x00,0x0e,0x00,0x00,0x06,0x7f,0xf8,0x36,0x00,0x30,0x30,0x00,0x30,0x30,0x30,0x30,0x30,0x38,0x30,0x30,0x30,0x30,0x30,0x30,0x30,0x30,0x70,0x30,0x30,0x70,0x30,0x30,0x78,0x30,0x30,0x6e,0x30,0x30,0xc7,0x30,0x31,0x83,0x30,0x31,0x03,0xb0,0x32,0x01,0x30,0x3c,0x00,0x30,0x30,0x00,0x30,0x30,0x01,0xf0,0x30,0x00,0xf0,0x20,0x00,0x60,0x00,0x00,0x00 } },
  { 0x4e0a, { 0x00,0x00,0x00,0x00,0x00,0x00,0x00,0x30,0x00,0x00,0x30,0x00,0x00,0x30,0x00,0x00,0x30,0x00,0x00,0x30,0x00,0x00,0x30,0x00,0x00,0x30,0x20,0x00,0x3f,0xf0,0x00,0x30,0x00,0x00,0x30,0x00,0x00,0x30,0x00,0x00,0x30,0x00,0x00,0x30,0x00,0x00,0x30,0x00,0x00,0x30,0x00,0x00,0x30,0x00,0x00,0x30,0x00,0x00,0x30,0x0c,0x7f,0xff,0xfe,0x00,0x00,0x00,0x00,0x00,0x00,0x00,0x00,0x00 } },
  { 0x5c11, { 0x00,0x00,0x00,0x00,0x18,0x00,0x00,0x18,0x00,0x00,0x18,0x00,0x00,0x18,0x00,0x00,0x18,0x00,0x03,0x99,0x80,0x03,0x98,0xe0,0x07,0x18,0x70,0x06,0x18,0x38,0x0e,0x18,0x1c,0x0c,0x18,0x0c,0x18,0x18,0x0c,0x10,0x18,0x60,0x20,0x18,0xf0,0x40,0x11,0xc0,0x00,0x03,0x80,0x00,0x07,0x00,0x00,0x1c,0x00,0x00,0x78,0x00,0x01,0xe0,0x00,0x0f,0x00,0x00,0x78,0x00,0x00,0x00,0x00,0x00 } },
  { 0x820d, { 0x00,0x00,0x00,0x00,0x18,0x00,0x00,0x38,0x00,0x00,0x38,0x00,0x00,0x64,0x00,0x00,0xc2,0x00,0x01,0x81,0x80,0x03,0x01,0xe0,0x07,0xff,0xfe,0x0c,0x18,0x1c,0x30,0x18,0x00,0x40,0x18,0x08,0x1f,0xff,0xfc,0x00,0x18,0x00,0x00,0x18,0x00,0x00,0x18,0x40,0x07,0xff,0xe0,0x03,0x00,0xc0,0x03,0x00,0xc0,0x03,0x00,0xc0,0x03,0xff,0xc0,0x03,0x00,0xc0,0x06,0x00,0x40,0x00,0x00,0x00 } },
  { 0x8bbe, { 0x00,0x00,0x00,0x10,0x3f,0x80,0x18,0x31,0xc0,0x0c,0x31,0xc0,0x0c,0x31,0xc0,0x00,0x31,0xc0,0x00,0x61,0xc0,0x00,0x61,0xf8,0x7c,0xc0,0xfc,0x0d,0x80,0x40,0x0e,0x7f,0xe0,0x0c,0x30,0x60,0x0c,0x10,0xc0,0x0c,0x10,0xc0,0x0c,0x19,0x80,0x0c,0x89,0x80,0x0f,0x0f,0x00,0x0e,0x07,0x00,0x0e,0x0f,0x80,0x0c,0x38,0xf8,0x00,0xe0,0x7c,0x07,0x00,0x10,0x00,0x00,0x00,0x00,0x00,0x00 } },
  { 0x5c04, { 0x00,0x00,0x00,0x03,0x00,0x20,0x03,0x00,0x70,0x02,0x00,0x60,0x1f,0xf0,0x60,0x18,0x60,0x60,0x18,0x60,0x64,0x1f,0xff,0xfe,0x18,0x60,0x60,0x18,0x60,0x60,0x1f,0xe0,0x60,0x18,0x64,0x60,0x18,0x66,0x60,0x18,0x67,0x60,0x7f,0xe3,0x60,0x01,0xe2,0x60,0x03,0x60,0x60,0x06,0x60,0x60,0x06,0x60,0x60,0x0c,0x60,0x60,0x19,0xe3,0xe0,0x21,0xe1,0xe0,0x40,0xc0,0xc0,0x00,0x00,0x00 } },
  { 0x8c01, { 0x00,0x00,0x00,0x00,0x11,0x00,0x0c,0x19,0x80,0x0e,0x18,0xc0,0x06,0x30,0xcc,0x00,0x3f,0xfe,0x00,0x31,0x80,0x00,0x71,0x80,0x04,0x71,0x80,0x7e,0xf1,0x88,0x0c,0xbf,0xfc,0x0d,0x31,0x80,0x0c,0x31,0x80,0x0c,0x31,0x80,0x0c,0x31,0x88,0x0c,0x3f,0xfc,0x0c,0xb1,0x80,0x0d,0x31,0x80,0x0f,0x31,0x84,0x0e,0x3f,0xfe,0x04,0x30,0x00,0x00,0x30,0x00,0x00,0x30,0x00,0x00,0x00,0x00 } },
  { 0x8eab, { 0x00,0x00,0x00,0x00,0x10,0x00,0x00,0x38,0x00,0x00,0x20,0x40,0x03,0xff,0xe0,0x03,0x00,0xe0,0x03,0x00,0xe0,0x03,0xff,0xe0,0x03,0x00,0xec,0x03,0x00,0xfc,0x03,0xff,0xf8,0x03,0x00,0xf0,0x03,0x00,0xe0,0x03,0x00,0xe0,0x3f,0xff,0xe0,0x00,0x03,0xe0,0x00,0x0e,0xe0,0x00,0x1c,0xe0,0x00,0x70,0xe0,0x00,0xe0,0xe0,0x07,0x82,0xe0,0x1c,0x03,0xc0,0x20,0x00,0x80,0x00,0x00,0x00 } },
  { 0x6df1, { 0x00,0x00,0x00,0x18,0x40,0x08,0x0c,0x7f,0xfc,0x0e,0x60,0x1c,0x05,0xc8,0x10,0x01,0x1c,0xe0,0x43,0x18,0x30,0x62,0x32,0x18,0x32,0x63,0x18,0x16,0x83,0x00,0x14,0x03,0x0c,0x04,0xff,0xfc,0x0c,0x07,0x80,0x0c,0x0f,0x80,0x08,0x1b,0x40,0x78,0x1b,0x60,0x18,0x33,0x30,0x18,0x63,0x38,0x18,0xc3,0x1e,0x1b,0x03,0x08,0x38,0x03,0x00,0x00,0x03,0x00,0x00,0x00,0x00,0x00,0x00,0x00 } },
  { 0x4ec0, { 0x00,0x00,0x00,0x03,0x03,0x00,0x03,0x83,0x80,0x03,0x03,0x00,0x03,0x03,0x00,0x06,0x03,0x00,0x06,0x03,0x00,0x0c,0x03,0x00,0x0e,0x03,0x0c,0x1e,0xff,0xfe,0x1e,0x03,0x00,0x36,0x03,0x00,0x26,0x03,0x00,0x46,0x03,0x00,0x06,0x03,0x00,0x06,0x03,0x00,0x06,0x03,0x00,0x06,0x03,0x00,0x06,0x03,0x00,0x06,0x03,0x00,0x06,0x03,0x00,0x06,0x03,0x00,0x06,0x03,0x00,0x00,0x00,0x00 } },
  { 0x751a, { 0x00,0x00,0x00,0x01,0x81,0xc0,0x01,0x81,0xc0,0x01,0x81,0xc8,0x1f,0xff,0xfc,0x11,0x81,0xc0,0x01,0x81,0xc0,0x01,0xff,0xc0,0x01,0x81,0xc0,0x01,0x81,0xc0,0x01,0xff,0xc0,0x01,0x81,0xc0,0x01,0x81,0xc0,0x01,0x81,0xc4,0x7f,0xff,0xfe,0x06,0x00,0x00,0x06,0x33,0x00,0x06,0x71,0xc0,0x06,0x60,0xe0,0x06,0x80,0x60,0x07,0x00,0x18,0x07,0xff,0xf8,0x06,0x00,0x00,0x00,0x00,0x00 } },
  { 0x5ba1, { 0x00,0x00,0x00,0x00,0x30,0x00,0x00,0x18,0x00,0x10,0x18,0x08,0x1f,0xff,0xfc,0x10,0x00,0x1c,0x30,0x18,0x30,0x30,0x18,0x00,0x00,0x18,0x00,0x0f,0xff,0xf0,0x0c,0x18,0x60,0x0c,0x18,0x60,0x0f,0xff,0xe0,0x0c,0x18,0x60,0x0c,0x18,0x60,0x0c,0x18,0x60,0x0f,0xff,0xe0,0x0c,0x18,0x60,0x00,0x18,0x00,0x00,0x18,0x00,0x00,0x18,0x00,0x00,0x18,0x00,0x00,0x10,0x00,0x00,0x00,0x00 } },
  { 0x5347, { 0x00,0x00,0x00,0x00,0x19,0x80,0x00,0x7d,0x80,0x03,0xf1,0x80,0x1e,0xc1,0x80,0x00,0xc1,0x80,0x00,0xc1,0x80,0x00,0xc1,0x80,0x00,0xc1,0x80,0x00,0xc1,0x8c,0x7f,0xff,0xfe,0x00,0xc1,0x80,0x01,0xc1,0x80,0x01,0x81,0x80,0x01,0x81,0x80,0x01,0x81,0x80,0x01,0x01,0x80,0x03,0x01,0x80,0x06,0x01,0x80,0x0c,0x01,0x80,0x18,0x01,0x80,0x20,0x01,0x80,0x00,0x00,0x00,0x00,0x00,0x00 } },
  { 0x751f, { 0x00,0x00,0x00,0x00,0x18,0x00,0x00,0x18,0x00,0x07,0x18,0x00,0x07,0x18,0x00,0x06,0x18,0x00,0x06,0x18,0x10,0x0f,0xff,0xf8,0x0c,0x18,0x00,0x18,0x18,0x00,0x10,0x18,0x00,0x30,0x18,0x00,0x20,0x18,0x00,0x00,0x18,0x20,0x07,0xff,0xf0,0x00,0x18,0x00,0x00,0x18,0x00,0x00,0x18,0x00,0x00,0x18,0x00,0x00,0x18,0x00,0x00,0x18,0x0c,0x7f,0xff,0xfe,0x00,0x00,0x00,0x00,0x00,0x00 } },
  { 0x58f0, { 0x00,0x00,0x00,0x00,0x18,0x00,0x00,0x18,0x00,0x00,0x18,0x08,0x3f,0xff,0xfc,0x00,0x18,0x00,0x00,0x18,0x20,0x07,0xff,0xf0,0x00,0x00,0x00,0x00,0x00,0x10,0x0f,0xff,0xf8,0x0e,0x18,0x30,0x0e,0x18,0x30,0x0e,0x18,0x30,0x0f,0xff,0xf0,0x0c,0x00,0x10,0x0c,0x00,0x00,0x0c,0x00,0x00,0x0c,0x00,0x00,0x08,0x00,0x00,0x18,0x00,0x00,0x30,0x00,0x00,0x60,0x00,0x00,0x00,0x00,0x00 } },
  { 0x7701, { 0x00,0x00,0x00,0x00,0x30,0x00,0x00,0x38,0x00,0x03,0xb0,0x60,0x07,0x31,0x38,0x06,0x33,0x9c,0x0c,0x3f,0x0c,0x18,0x3e,0x0c,0x30,0x18,0x00,0x00,0x70,0x00,0x01,0xff,0xe0,0x03,0x80,0x60,0x0f,0x80,0x60,0x19,0x80,0x60,0x21,0xff,0xe0,0x01,0x80,0x60,0x01,0x80,0x60,0x01,0xff,0xe0,0x01,0x80,0x60,0x01,0x80,0x60,0x01,0xff,0xe0,0x01,0x80,0x60,0x03,0x00,0x40,0x00,0x00,0x00 } },
  { 0x5269, { 0x00,0x00,0x00,0x00,0x08,0x0c,0x03,0xfc,0x0c,0x1f,0x80,0x0c,0x01,0x82,0x8c,0x3f,0xff,0xec,0x01,0x80,0xcc,0x01,0xb0,0xcc,0x07,0xb2,0xcc,0x07,0xbe,0xcc,0x3f,0xb8,0xcc,0x27,0xb2,0xcc,0x07,0xb3,0xcc,0x1f,0x9f,0xcc,0x67,0x80,0xcc,0x43,0xe0,0xcc,0x03,0xb8,0xcc,0x07,0x9c,0xcc,0x0d,0x8e,0x0c,0x19,0x86,0x0c,0x31,0x80,0x7c,0x41,0x80,0x3c,0x01,0x80,0x18,0x00,0x00,0x00 } },
  { 0x5931, { 0x00,0x00,0x00,0x00,0x30,0x00,0x00,0x30,0x00,0x0c,0x30,0x00,0x0e,0x30,0x00,0x0c,0x30,0x40,0x0f,0xff,0xe0,0x08,0x30,0x00,0x18,0x30,0x00,0x10,0x30,0x00,0x20,0x30,0x00,0x00,0x30,0x10,0x7f,0xff,0xf8,0x00,0x68,0x00,0x00,0x68,0x00,0x00,0x44,0x00,0x00,0xc6,0x00,0x01,0x82,0x00,0x01,0x83,0x80,0x03,0x01,0xc0,0x0c,0x00,0xf0,0x18,0x00,0x7c,0x60,0x00,0x10,0x00,0x00,0x00 } },
  { 0x5341, { 0x00,0x00,0x00,0x00,0x18,0x00,0x00,0x18,0x00,0x00,0x18,0x00,0x00,0x18,0x00,0x00,0x18,0x00,0x00,0x18,0x00,0x00,0x18,0x00,0x00,0x18,0x0c,0x7f,0xff,0xfe,0x00,0x18,0x00,0x00,0x18,0x00,0x00,0x18,0x00,0x00,0x18,0x00,0x00,0x18,0x00,0x00,0x18,0x00,0x00,0x18,0x00,0x00,0x18,0x00,0x00,0x18,0x00,0x00,0x18,0x00,0x00,0x18,0x00,0x00,0x18,0x00,0x00,0x18,0x00,0x00,0x00,0x00 } },
  { 0x65f6, { 0x00,0x00,0x00,0x00,0x00,0xc0,0x00,0x00,0xe0,0x00,0x00,0xe0,0x3f,0x80,0xe0,0x31,0x80,0xe0,0x31,0x80,0xe8,0x31,0xff,0xfc,0x31,0x80,0xe0,0x31,0x80,0xe0,0x3f,0x80,0xe0,0x31,0x98,0xe0,0x31,0x9c,0xe0,0x31,0x8c,0xe0,0x31,0x8c,0xe0,0x31,0x80,0xe0,0x31,0x80,0xe0,0x3f,0x80,0xe0,0x31,0x80,0xe0,0x31,0x80,0xe0,0x20,0x07,0xe0,0x00,0x03,0xc0,0x00,0x00,0x80,0x00,0x00,0x00 } },
  { 0x5b9e, { 0x00,0x00,0x00,0x00,0x60,0x00,0x00,0x30,0x00,0x00,0x38,0x00,0x00,0x18,0x00,0x3f,0xff,0xf8,0x30,0x00,0x3c,0x73,0x18,0x30,0x61,0x9c,0x00,0x01,0xdc,0x00,0x00,0xdc,0x00,0x0c,0x18,0x00,0x06,0x18,0x00,0x07,0x18,0x00,0x02,0x18,0x18,0x7f,0xff,0xfc,0x00,0x10,0x00,0x00,0x38,0x00,0x00,0x67,0x00,0x00,0xc1,0xc0,0x03,0x80,0xf0,0x0f,0x00,0x70,0x78,0x00,0x30,0x00,0x00,0x00 } },
  { 0x53f2, { 0x00,0x00,0x00,0x00,0x1c,0x00,0x00,0x0c,0x00,0x00,0x0c,0x00,0x00,0x0c,0x10,0x0f,0xff,0xf8,0x0e,0x0c,0x18,0x0e,0x0c,0x18,0x0e,0x0c,0x18,0x0e,0x0c,0x18,0x0e,0x0c,0x18,0x0f,0xff,0xf8,0x0c,0x0c,0x18,0x01,0x18,0x00,0x01,0x18,0x00,0x00,0x98,0x00,0x00,0x58,0x00,0x00,0x30,0x00,0x00,0x3c,0x00,0x00,0x6f,0x80,0x01,0xc3,0xfe,0x0f,0x00,0xfc,0x78,0x00,0x08,0x00,0x00,0x00 } },
  { 0x59cb, { 0x00,0x00,0x00,0x06,0x01,0x00,0x07,0x03,0x80,0x06,0x03,0x00,0x06,0x03,0x00,0x0c,0x06,0x00,0x7f,0xe6,0x30,0x0c,0xcc,0x18,0x08,0xc8,0x0c,0x18,0xdf,0xfe,0x18,0xdf,0xe6,0x18,0x98,0x04,0x11,0x80,0x08,0x31,0x8f,0xfc,0x31,0x8c,0x18,0x1f,0x0c,0x18,0x07,0x0c,0x18,0x03,0xcc,0x18,0x06,0xcc,0x18,0x0c,0x6c,0x18,0x18,0x4f,0xf8,0x30,0x0c,0x18,0x60,0x08,0x08,0x00,0x00,0x00 } },
  { 0x793a, { 0x00,0x00,0x00,0x00,0x00,0x20,0x0f,0xff,0xf0,0x00,0x00,0x00,0x00,0x00,0x00,0x00,0x00,0x00,0x00,0x00,0x00,0x00,0x00,0x0c,0x7f,0xff,0xfe,0x00,0x18,0x00,0x00,0x18,0x00,0x03,0x19,0x00,0x03,0x98,0x80,0x07,0x18,0xc0,0x06,0x18,0x70,0x0c,0x18,0x38,0x18,0x18,0x1c,0x10,0x18,0x1c,0x20,0x18,0x0c,0x41,0xf8,0x00,0x00,0x78,0x00,0x00,0x30,0x00,0x00,0x00,0x00,0x00,0x00,0x00 } },
  { 0x5f0f, { 0x00,0x00,0x00,0x00,0x06,0x00,0x00,0x06,0xe0,0x00,0x06,0x70,0x00,0x06,0x30,0x00,0x06,0x18,0x3f,0xff,0xfc,0x00,0x06,0x00,0x00,0x06,0x00,0x00,0x06,0x00,0x00,0x16,0x00,0x1f,0xfe,0x00,0x01,0x83,0x00,0x01,0x83,0x00,0x01,0x83,0x00,0x01,0x83,0x80,0x01,0x81,0x84,0x01,0x81,0xc4,0x01,0xf8,0xc4,0x0f,0xc0,0x64,0x7e,0x00,0x7e,0x30,0x00,0x1e,0x00,0x00,0x0e,0x00,0x00,0x00 } },
  { 0x4e8b, { 0x00,0x00,0x00,0x00,0x18,0x00,0x00,0x18,0x08,0x3f,0xff,0xfc,0x00,0x18,0x00,0x00,0x18,0x00,0x07,0xff,0xf0,0x06,0x18,0x60,0x06,0x18,0x60,0x07,0xff,0xe0,0x06,0x18,0x60,0x00,0x18,0x00,0x0f,0xff,0xf0,0x00,0x18,0x6c,0x7f,0xff,0xfe,0x00,0x18,0x60,0x00,0x18,0x60,0x0f,0xff,0xe0,0x00,0x18,0x60,0x00,0x18,0x00,0x01,0xf8,0x00,0x00,0x78,0x00,0x00,0x30,0x00,0x00,0x00,0x00 } },
  { 0x52bf, { 0x00,0x00,0x00,0x03,0x06,0x00,0x03,0x06,0x00,0x03,0x46,0x00,0x3f,0xef,0xf0,0x03,0x1e,0x60,0x03,0x66,0x60,0x07,0xc6,0x60,0x3f,0x1c,0x60,0x33,0x0f,0x64,0x03,0x1b,0xa4,0x03,0x31,0xbc,0x1f,0x60,0x1c,0x06,0xa0,0x0c,0x00,0x30,0x20,0x1f,0xff,0xf0,0x10,0x60,0x30,0x00,0x60,0x60,0x00,0xc0,0x60,0x01,0xc0,0x60,0x03,0x02,0x60,0x0e,0x03,0xc0,0x78,0x01,0x80,0x00,0x00,0x00 } },
  { 0x8bd5, { 0x00,0x00,0x00,0x00,0x01,0x80,0x10,0x01,0xf8,0x18,0x01,0x9c,0x0c,0x01,0x88,0x0c,0x01,0x84,0x04,0xff,0xfe,0x00,0x01,0x80,0x04,0x00,0x80,0x7e,0x02,0xc0,0x0c,0xff,0xc0,0x0c,0x18,0xc0,0x0c,0x18,0xc0,0x0c,0x18,0xc0,0x0c,0x18,0x40,0x0c,0x58,0x60,0x0c,0x99,0x62,0x0d,0x1e,0x32,0x0f,0xf8,0x3e,0x0e,0xe0,0x1e,0x06,0x00,0x0e,0x00,0x00,0x06,0x00,0x00,0x00,0x00,0x00,0x00 } },
  { 0x9970, { 0x00,0x00,0x00,0x0c,0x04,0x00,0x0e,0x0e,0x00,0x0c,0x0c,0x00,0x08,0x0c,0x04,0x1f,0xdf,0xfe,0x18,0xd9,0x80,0x31,0xb1,0x80,0x31,0x21,0x80,0x2c,0x41,0x80,0x4c,0x1f,0xfc,0x0c,0x19,0x8c,0x0c,0x19,0x8c,0x0c,0x19,0x8c,0x0c,0x19,0x8c,0x0c,0x19,0x8c,0x0c,0x19,0x8c,0x0c,0x99,0x8c,0x0f,0x19,0xfc,0x0e,0x19,0x98,0x0c,0x01,0x80,0x04,0x01,0x80,0x00,0x01,0x80,0x00,0x00,0x00 } },
  { 0x662f, { 0x00,0x00,0x00,0x03,0xff,0xc0,0x03,0x00,0xc0,0x03,0x00,0xc0,0x03,0xff,0xc0,0x03,0x00,0xc0,0x03,0x00,0xc0,0x03,0x00,0xc0,0x03,0xff,0xc0,0x03,0x00,0xc0,0x00,0x00,0x08,0x3f,0xff,0xfc,0x00,0x18,0x00,0x03,0x18,0x00,0x03,0x18,0x20,0x06,0x1f,0xf0,0x07,0x18,0x00,0x05,0x98,0x00,0x0c,0xf8,0x00,0x18,0x3c,0x00,0x30,0x1f,0xfe,0x60,0x01,0xf8,0x00,0x00,0x00,0x00,0x00,0x00 } },
  { 0x9002, { 0x00,0x00,0x00,0x00,0x00,0x30,0x10,0x07,0xf8,0x18,0xff,0x00,0x0c,0x03,0x00,0x0c,0x03,0x00,0x04,0x03,0x04,0x01,0xff,0xfe,0x04,0x03,0x00,0x7e,0x03,0x00,0x0c,0x03,0x00,0x0c,0x7f,0xf0,0x0c,0x60,0x30,0x0c,0x60,0x30,0x0c,0x60,0x30,0x0c,0x60,0x30,0x0c,0x60,0x30,0x0c,0x7f,0xf0,0x1b,0x60,0x30,0x71,0xe0,0x00,0x60,0xff,0xfe,0x00,0x3f,0xfc,0x00,0x00,0x00,0x00,0x00,0x00 } },
  { 0x91ca, { 0x00,0x00,0x00,0x00,0xc0,0x00,0x0f,0xdf,0xf0,0x3e,0x08,0x30,0x06,0xc4,0x60,0x36,0xc4,0x60,0x1f,0x82,0xc0,0x17,0x03,0x80,0x7f,0xe3,0xc0,0x06,0x0f,0xf8,0x06,0x19,0xbe,0x0f,0xe1,0x98,0x0e,0xdf,0xf8,0x1e,0xc1,0x80,0x16,0x01,0x80,0x26,0x7f,0xfc,0x46,0x01,0x80,0x46,0x01,0x80,0x06,0x01,0x80,0x06,0x01,0x80,0x06,0x03,0x80,0x06,0x01,0x00,0x00,0x00,0x00,0x00,0x00,0x00 } },
  { 0x6536, { 0x00,0x00,0x00,0x06,0x1c,0x00,0x06,0x1c,0x00,0x06,0x18,0x00,0x06,0x18,0x00,0x46,0x30,0x10,0x66,0x3f,0xf8,0x66,0x30,0x60,0x66,0x70,0x60,0x66,0x50,0xc0,0x66,0x58,0xc0,0x66,0x98,0xc0,0x66,0x88,0xc0,0x66,0x0c,0x80,0x6e,0x0d,0x80,0x7e,0x07,0x80,0x66,0x07,0x00,0x06,0x03,0x00,0x06,0x07,0x80,0x06,0x0c,0xe0,0x06,0x30,0x7c,0x06,0x60,0x3c,0x06,0x80,0x10,0x00,0x00,0x00 } },
  { 0x624b, { 0x00,0x00,0x00,0x00,0x00,0xe0,0x00,0x3f,0xf0,0x1f,0xfe,0x00,0x00,0x18,0x00,0x00,0x18,0x00,0x00,0x18,0x20,0x1f,0xff,0xf0,0x00,0x18,0x00,0x00,0x18,0x00,0x00,0x18,0x00,0x00,0x18,0x0c,0x7f,0xff,0xfe,0x00,0x18,0x00,0x00,0x18,0x00,0x00,0x18,0x00,0x00,0x18,0x00,0x00,0x18,0x00,0x00,0x18,0x00,0x01,0xf8,0x00,0x00,0xf0,0x00,0x00,0x30,0x00,0x00,0x00,0x00,0x00,0x00,0x00 } },
  { 0x9996, { 0x00,0x00,0x00,0x02,0x03,0x00,0x03,0x83,0x00,0x01,0x86,0x00,0x01,0xc4,0x18,0x7f,0xff,0xfc,0x00,0x60,0x00,0x00,0x60,0x00,0x00,0x40,0x80,0x0f,0xff,0xc0,0x0e,0x01,0xc0,0x0e,0x01,0xc0,0x0f,0xff,0xc0,0x0e,0x01,0xc0,0x0e,0x01,0xc0,0x0e,0x01,0xc0,0x0f,0xff,0xc0,0x0e,0x01,0xc0,0x0e,0x01,0xc0,0x0e,0x01,0xc0,0x0f,0xff,0xc0,0x0e,0x01,0xc0,0x0c,0x01,0x80,0x00,0x00,0x00 } },
  { 0x53d7, { 0x00,0x00,0x00,0x00,0x00,0x60,0x00,0x1f,0xf0,0x0f,0xff,0x80,0x00,0x00,0x40,0x04,0x20,0x60,0x06,0x30,0xc0,0x03,0x18,0xc0,0x13,0x19,0x80,0x1f,0xff,0xfc,0x18,0x00,0x0c,0x38,0x00,0x98,0x37,0xff,0xd0,0x00,0x81,0xc0,0x00,0x83,0x80,0x00,0x43,0x00,0x00,0x66,0x00,0x00,0x3c,0x00,0x00,0x3c,0x00,0x00,0x7e,0x00,0x01,0xc7,0xfe,0x0f,0x01,0xfe,0x78,0x00,0x38,0x00,0x00,0x00 } },
  { 0x4e66, { 0x00,0x60,0x00,0x00,0x60,0x60,0x00,0x60,0x30,0x00,0x60,0x38,0x00,0x60,0x5c,0x0f,0xff,0xe8,0x00,0x60,0xe0,0x00,0x60,0xc0,0x00,0x60,0xc0,0x00,0x60,0xc0,0x00,0x60,0xc0,0x3f,0xff,0xfc,0x20,0x60,0x0c,0x00,0x60,0x0c,0x00,0x60,0x0c,0x00,0x60,0x0c,0x00,0x60,0x0c,0x00,0x60,0xf8,0x00,0x60,0x78,0x00,0x60,0x30,0x00,0x60,0x00,0x00,0x60,0x00,0x00,0x60,0x00,0x00,0x00,0x00 } },
  { 0x8f93, { 0x00,0x00,0x00,0x04,0x03,0x00,0x0e,0x03,0x00,0x0c,0x07,0x80,0x0c,0x86,0x80,0x7f,0xcc,0x40,0x18,0x18,0x70,0x10,0x3f,0xfc,0x36,0x67,0xee,0x36,0xc2,0x00,0x66,0x7f,0x0c,0x7f,0xe6,0x4c,0x26,0x66,0x4c,0x06,0x7e,0x4c,0x06,0x66,0x4c,0x07,0xe6,0x4c,0x7f,0x7e,0x4c,0x76,0x66,0x4c,0x06,0x66,0x4c,0x06,0x66,0x0c,0x06,0x66,0x0c,0x06,0x6e,0x78,0x06,0x66,0x18,0x00,0x00,0x00 } },
  { 0x5c5e, { 0x00,0x00,0x00,0x0f,0xff,0xf8,0x0c,0x00,0x18,0x0c,0x00,0x18,0x0f,0xff,0xf8,0x0c,0x00,0x10,0x0c,0x00,0xf0,0x0c,0xff,0xf0,0x0c,0x06,0x00,0x0c,0x86,0x30,0x0c,0xff,0xf0,0x0c,0xc6,0x30,0x0c,0xff,0xf0,0x0c,0xc6,0x30,0x0d,0xff,0xfc,0x19,0x86,0x0c,0x19,0x86,0xcc,0x19,0xbf,0xec,0x11,0xbc,0x6c,0x31,0x80,0x0c,0x21,0x80,0x78,0x41,0x00,0x18,0x00,0x00,0x00,0x00,0x00,0x00 } },
  { 0x675f, { 0x00,0x00,0x00,0x00,0x18,0x00,0x00,0x18,0x00,0x00,0x18,0x0c,0x3f,0xff,0xfe,0x20,0x18,0x00,0x00,0x18,0x00,0x00,0x18,0x20,0x0f,0xff,0xf0,0x0c,0x18,0x70,0x0c,0x18,0x70,0x0c,0x18,0x70,0x0f,0xff,0xf0,0x0c,0x7c,0x60,0x0c,0x7e,0x00,0x00,0xda,0x00,0x01,0xd9,0x00,0x03,0x99,0xc0,0x07,0x18,0xe0,0x0c,0x18,0x7c,0x18,0x18,0x3c,0x70,0x18,0x08,0x00,0x18,0x00,0x00,0x00,0x00 } },
  { 0x8ff0, { 0x00,0x00,0x00,0x00,0x06,0x00,0x18,0x06,0x40,0x0c,0x06,0x70,0x0c,0x06,0x30,0x04,0x06,0x08,0x01,0xff,0xfc,0x00,0x06,0x00,0x04,0x0e,0x00,0x7e,0x0f,0x80,0x0c,0x1e,0xc0,0x0c,0x36,0x60,0x0c,0x36,0x30,0x0c,0x66,0x18,0x0c,0xc6,0x1c,0x0d,0x86,0x08,0x0f,0x06,0x00,0x0c,0x06,0x00,0x3f,0x06,0x00,0x71,0x80,0x00,0x60,0xff,0xfe,0x00,0x3f,0xfc,0x00,0x00,0x00,0x00,0x00,0x00 } },
  { 0x7ad6, { 0x00,0x00,0x00,0x03,0x00,0x00,0x03,0x00,0x40,0x33,0x7f,0xe0,0x33,0x20,0xe0,0x33,0x10,0xc0,0x33,0x19,0x80,0x33,0x0f,0x00,0x33,0x07,0x00,0x33,0x0f,0x00,0x33,0x39,0xe0,0x33,0xe0,0xfc,0x23,0x20,0x30,0x02,0x30,0x00,0x00,0x30,0x40,0x1f,0xff,0xe0,0x00,0x02,0x00,0x03,0x03,0x00,0x01,0x86,0x00,0x01,0x84,0x00,0x01,0x8c,0x10,0x7f,0xff,0xf8,0x40,0x00,0x00,0x00,0x00,0x00 } },
  { 0x6570, { 0x00,0x00,0x00,0x01,0x81,0x80,0x11,0x99,0x80,0x19,0xbb,0x00,0x0d,0xa3,0x00,0x0d,0xd2,0x04,0x3f,0xff,0xfe,0x03,0x86,0x38,0x07,0xe6,0x30,0x0d,0xfe,0x30,0x19,0xba,0x30,0x31,0x0b,0x30,0x63,0x13,0x30,0x03,0x01,0x30,0x3f,0xf1,0xe0,0x26,0x31,0xe0,0x04,0x60,0xe0,0x0f,0x60,0xc0,0x01,0xe1,0xe0,0x03,0xf3,0x70,0x06,0x1e,0x3c,0x1c,0x18,0x1e,0x60,0x70,0x00,0x00,0x00,0x00 } },
  { 0x5237, { 0x00,0x00,0x00,0x00,0x00,0x0c,0x1f,0xfc,0x0c,0x18,0x0c,0x0c,0x18,0x0c,0xcc,0x18,0x0c,0xcc,0x1f,0xfc,0xcc,0x18,0x0c,0xcc,0x18,0xc0,0xcc,0x18,0xc0,0xcc,0x18,0xc0,0xcc,0x1f,0xfc,0xcc,0x1e,0xcc,0xcc,0x1e,0xcc,0xcc,0x16,0xcc,0xcc,0x36,0xcc,0xcc,0x36,0xcc,0xcc,0x26,0xcc,0x8c,0x66,0xfc,0x0c,0x46,0xdc,0x0c,0x04,0xc8,0x7c,0x00,0xc0,0x38,0x00,0xc0,0x10,0x00,0x00,0x00 } },
  { 0x95e9, { 0x00,0x00,0x00,0x0c,0x00,0x00,0x07,0x00,0x08,0x03,0x3f,0xfc,0x03,0x00,0x18,0x38,0x00,0x18,0x38,0x00,0x18,0x18,0x00,0x18,0x18,0x00,0x18,0x18,0x00,0x18,0x18,0x00,0x98,0x1b,0xff,0xd8,0x18,0x00,0x18,0x18,0x00,0x18,0x18,0x00,0x18,0x18,0x00,0x18,0x18,0x00,0x18,0x18,0x00,0x18,0x18,0x00,0x18,0x18,0x01,0xf8,0x38,0x00,0x78,0x30,0x00,0x30,0x00,0x00,0x00,0x00,0x00,0x00 } },
  { 0x53cc, { 0x00,0x00,0x00,0x00,0x00,0x00,0x00,0x20,0x18,0x3f,0xff,0xf8,0x00,0x34,0x18,0x00,0x66,0x18,0x00,0x66,0x10,0x18,0x62,0x30,0x0c,0xc2,0x30,0x06,0xc2,0x30,0x03,0xc3,0x30,0x03,0x81,0x60,0x01,0x81,0x60,0x03,0xc1,0xe0,0x06,0xe0,0xc0,0x04,0x60,0xc0,0x0c,0x31,0xe0,0x18,0x23,0x60,0x30,0x06,0x38,0x40,0x0c,0x1c,0x00,0x30,0x0c,0x00,0x60,0x00,0x00,0x00,0x00,0x00,0x00,0x00 } },
  { 0x6c34, { 0x00,0x00,0x00,0x00,0x18,0x00,0x00,0x18,0x00,0x00,0x18,0x00,0x00,0x18,0x00,0x00,0x18,0x10,0x00,0x18,0x38,0x00,0x9c,0x70,0x3f,0xdc,0xc0,0x01,0x9d,0x80,0x01,0x9e,0x00,0x01,0x9a,0x00,0x03,0x1b,0x00,0x03,0x19,0x80,0x07,0x19,0x80,0x06,0x18,0xc0,0x0c,0x18,0xe0,0x0c,0x18,0x70,0x18,0x18,0x3c,0x30,0x18,0x1e,0x61,0xf8,0x08,0x00,0xf8,0x00,0x00,0x30,0x00,0x00,0x00,0x00 } },
  { 0x987a, { 0x00,0x00,0x00,0x10,0x40,0x04,0x18,0x7f,0xfe,0x18,0x61,0x80,0x1a,0x61,0x80,0x1b,0x61,0x08,0x1b,0x6f,0xfc,0x1b,0x6c,0x0c,0x1b,0x6c,0xcc,0x1b,0x6c,0xcc,0x1b,0x6c,0xcc,0x1b,0x6c,0xcc,0x1b,0x6c,0xcc,0x1b,0x6c,0xcc,0x13,0x6c,0xcc,0x13,0x6c,0x8c,0x32,0x69,0x88,0x30,0x61,0xb0,0x20,0x63,0x1c,0x60,0x66,0x0c,0x40,0x4c,0x06,0x00,0x30,0x04,0x00,0x00,0x00,0x00,0x00,0x00 } },
  { 0x77ac, { 0x00,0x00,0x00,0x00,0x00,0x30,0x00,0x07,0xf8,0x7f,0x7e,0x00,0x66,0x22,0x30,0x66,0x33,0x30,0x66,0x1b,0x20,0x66,0x53,0x40,0x7e,0x7f,0xfc,0x66,0xc0,0x0c,0x66,0xf0,0x68,0x66,0xb0,0x60,0x66,0x7f,0xfc,0x7e,0x4d,0x60,0x66,0xcf,0x60,0x67,0xfb,0x64,0x66,0x3b,0xfe,0x66,0x32,0x60,0x7e,0x20,0x60,0x66,0x60,0x60,0x60,0x80,0x60,0x63,0x00,0x60,0x02,0x00,0x60,0x00,0x00,0x00 } },
  { 0x8bf4, { 0x00,0x00,0x00,0x00,0x20,0xc0,0x10,0x30,0xe0,0x1c,0x18,0xc0,0x0e,0x19,0x80,0x06,0x09,0x20,0x00,0x7f,0xf0,0x00,0x60,0x60,0x08,0x60,0x60,0x7c,0x60,0x60,0x0c,0x60,0x60,0x0c,0x60,0x60,0x0c,0x7f,0xe0,0x0c,0x6f,0x60,0x0c,0x0b,0x00,0x0c,0x1b,0x00,0x0c,0x9b,0x00,0x0f,0x1b,0x08,0x0e,0x33,0x08,0x0c,0x33,0x08,0x1c,0xe1,0xbc,0x09,0x81,0xfc,0x06,0x00,0x00,0x00,0x00,0x00 } },
  { 0x79c1, { 0x00,0x00,0x00,0x00,0x70,0x00,0x03,0xf0,0xc0,0x3f,0x80,0xc0,0x01,0x81,0xc0,0x01,0x81,0x80,0x01,0x91,0x80,0x3f,0xf9,0x80,0x21,0x81,0x00,0x03,0x83,0x00,0x03,0xc3,0x00,0x07,0xf2,0x00,0x07,0xb6,0x20,0x0d,0x96,0x30,0x19,0x84,0x10,0x31,0x8c,0x18,0x21,0x88,0x1c,0x41,0x98,0x1c,0x01,0x9f,0xfe,0x01,0x9c,0x0c,0x01,0x80,0x04,0x01,0x00,0x00,0x00,0x00,0x00,0x00,0x00,0x00 } },
  { 0x601d, { 0x00,0x00,0x00,0x00,0x00,0x00,0x0f,0xff,0xc0,0x0c,0x30,0xe0,0x0c,0x30,0xe0,0x0c,0x30,0xe0,0x0c,0x30,0xe0,0x0f,0xff,0xe0,0x0c,0x30,0xe0,0x0c,0x30,0xe0,0x0c,0x30,0xe0,0x0c,0x30,0xe0,0x0f,0xff,0xe0,0x0c,0x00,0xc0,0x0a,0x60,0x00,0x13,0x38,0x00,0x13,0x18,0xb0,0x33,0x10,0xb8,0x33,0x00,0x9c,0x73,0x00,0x8c,0x63,0xff,0xc8,0x03,0xff,0xc0,0x00,0x00,0x00,0x00,0x00,0x00 } },
  { 0x6b7b, { 0x00,0x00,0x00,0x00,0x00,0x08,0x3f,0xff,0xfe,0x03,0x03,0x00,0x03,0x03,0x00,0x03,0x03,0x00,0x02,0x03,0x08,0x07,0xf3,0x0c,0x06,0x33,0x1c,0x0c,0x33,0x30,0x0c,0x63,0x60,0x1e,0x63,0x80,0x13,0x63,0x00,0x23,0xc3,0x00,0x40,0xc3,0x00,0x01,0x83,0x04,0x01,0x83,0x04,0x03,0x03,0x04,0x06,0x03,0x04,0x0c,0x03,0x7e,0x30,0x03,0xfe,0x60,0x00,0x00,0x00,0x00,0x00,0x00,0x00,0x00 } },
  { 0x56db, { 0x00,0x00,0x00,0x00,0x00,0x18,0x1f,0xff,0xf8,0x18,0x66,0x18,0x18,0x66,0x18,0x18,0x66,0x18,0x18,0x66,0x18,0x18,0xc6,0x18,0x18,0xc6,0x18,0x18,0xc6,0x18,0x18,0xc6,0x18,0x18,0xc6,0x18,0x18,0xc6,0x18,0x19,0x87,0xf8,0x19,0x83,0xf8,0x1b,0x00,0x18,0x1e,0x00,0x18,0x1c,0x00,0x18,0x18,0x00,0x18,0x1f,0xff,0xf8,0x18,0x00,0x18,0x18,0x00,0x18,0x00,0x00,0x00,0x00,0x00,0x00 } },
  { 0x677e, { 0x00,0x00,0x00,0x0e,0x00,0x80,0x0e,0x00,0x80,0x0e,0x00,0x80,0x0e,0x0e,0xc0,0x0e,0x8c,0x40,0x7f,0xcc,0x40,0x0e,0x18,0x60,0x0e,0x18,0x30,0x0e,0x10,0x30,0x0f,0x30,0x1c,0x1f,0xa3,0x1e,0x1e,0xc3,0x00,0x1e,0x86,0x00,0x3e,0x06,0x00,0x2e,0x04,0x80,0x4e,0x0c,0x40,0x4e,0x08,0x60,0x0e,0x18,0x30,0x0e,0x10,0x38,0x0e,0x3f,0xf8,0x0e,0x38,0x18,0x0c,0x00,0x10,0x00,0x00,0x00 } },
  { 0x5b8b, { 0x00,0x00,0x00,0x00,0x30,0x00,0x00,0x18,0x00,0x00,0x18,0x00,0x00,0x18,0x08,0x1f,0xff,0xfc,0x18,0x00,0x1c,0x38,0x18,0x10,0x30,0x18,0x00,0x00,0x18,0x00,0x00,0x18,0x08,0x3f,0xff,0xfc,0x00,0x3c,0x00,0x00,0x7e,0x00,0x00,0x7a,0x00,0x00,0xd9,0x00,0x01,0x99,0x80,0x03,0x18,0xe0,0x06,0x18,0x78,0x0c,0x18,0x3e,0x38,0x18,0x08,0x60,0x18,0x00,0x00,0x18,0x00,0x00,0x00,0x00 } },
  { 0x9001, { 0x00,0x00,0x00,0x00,0x00,0x00,0x00,0x20,0x40,0x18,0x30,0x60,0x0c,0x18,0xc0,0x0e,0x1c,0xc0,0x04,0x09,0x90,0x00,0x7f,0xf8,0x00,0x03,0x00,0x7e,0x03,0x00,0x0c,0x03,0x08,0x0c,0xff,0xfc,0x0c,0x86,0x00,0x0c,0x06,0x00,0x0c,0x07,0x00,0x0c,0x0d,0xc0,0x0c,0x18,0x70,0x0c,0x10,0x38,0x1e,0x60,0x18,0x71,0xc0,0x10,0x60,0xff,0xfe,0x00,0x3f,0xfc,0x00,0x00,0x00,0x00,0x00,0x00 } },
  { 0x8bc9, { 0x00,0x00,0x00,0x00,0x00,0x30,0x18,0x01,0xf8,0x0c,0x3f,0xc0,0x0e,0x30,0x00,0x04,0x30,0x00,0x00,0x30,0x00,0x00,0x30,0x04,0x7e,0x3f,0xfe,0x0c,0x30,0xc0,0x0c,0x30,0xc0,0x0c,0x30,0xc0,0x0c,0x33,0xc0,0x0c,0x31,0xf0,0x0c,0x30,0xfc,0x0c,0xb0,0xcc,0x0d,0x60,0xc4,0x0e,0x60,0xc0,0x0e,0x40,0xc0,0x04,0xc0,0xc0,0x01,0x80,0xc0,0x03,0x00,0xc0,0x02,0x00,0x80,0x00,0x00,0x00 } },
  { 0x901f, { 0x00,0x00,0x00,0x00,0x07,0x00,0x10,0x06,0x00,0x18,0x06,0x08,0x0d,0xff,0xfc,0x0c,0x06,0x00,0x00,0x06,0x00,0x00,0x7f,0xf8,0x04,0x66,0x30,0x7e,0x66,0x30,0x0c,0x66,0x30,0x0c,0x7f,0xf0,0x0c,0x66,0x30,0x0c,0x0e,0x00,0x0c,0x1f,0xc0,0x0c,0x36,0x70,0x0c,0x66,0x38,0x0c,0xc6,0x18,0x1f,0x07,0x00,0x71,0x86,0x00,0x60,0xff,0xfe,0x00,0x3f,0xfc,0x00,0x00,0x00,0x00,0x00,0x00 } },
  { 0x7b97, { 0x00,0x00,0x00,0x07,0x01,0x00,0x06,0x13,0x80,0x0f,0xfb,0x00,0x0d,0x87,0xfc,0x18,0xc4,0x60,0x10,0xcc,0x30,0x27,0xff,0xf0,0x06,0x00,0x60,0x07,0xff,0xe0,0x06,0x00,0x60,0x07,0xff,0xe0,0x06,0x00,0x60,0x06,0x00,0x60,0x07,0xff,0xe0,0x06,0xc3,0x60,0x00,0xc3,0x04,0x7f,0xff,0xfe,0x20,0xc3,0x00,0x01,0x83,0x00,0x03,0x03,0x00,0x0e,0x03,0x00,0x38,0x03,0x00,0x00,0x00,0x00 } },
  { 0x968f, { 0x00,0x00,0x00,0x00,0x03,0x00,0x7f,0x03,0x00,0x66,0x03,0x08,0x67,0x3f,0xf8,0x64,0xa6,0x00,0x6c,0xcc,0x00,0x68,0xcf,0xf0,0x68,0x1c,0x30,0x6c,0x1c,0x30,0x67,0xef,0xf0,0x66,0xcc,0x30,0x62,0xcc,0x30,0x63,0xcf,0xf0,0x66,0xcc,0x30,0x7e,0xcc,0x30,0x6c,0xcc,0x30,0x60,0xcc,0xf0,0x61,0xfc,0x60,0x63,0x1f,0xfc,0x63,0x0f,0xf8,0x60,0x00,0x00,0x00,0x00,0x00,0x00,0x00,0x00 } },
  { 0x788e, { 0x00,0x00,0x00,0x00,0x03,0x00,0x00,0x01,0x80,0x00,0x01,0x88,0x7f,0xbf,0xfc,0x0c,0x08,0x20,0x0c,0x0c,0x30,0x0c,0x08,0x20,0x08,0x18,0x60,0x18,0x1c,0x70,0x1f,0xb6,0xd8,0x19,0xa6,0x88,0x39,0xe3,0x08,0x39,0xc3,0x00,0x59,0x83,0x04,0x19,0xff,0xfe,0x19,0x83,0x00,0x19,0x83,0x00,0x1f,0x83,0x00,0x19,0x83,0x00,0x19,0x03,0x00,0x18,0x03,0x00,0x00,0x03,0x00,0x00,0x00,0x00 } },
  { 0x7f29, { 0x04,0x03,0x00,0x06,0x01,0x80,0x0c,0x21,0x80,0x0c,0x3f,0xfe,0x18,0x60,0x0c,0x19,0x60,0x18,0x31,0xd8,0x04,0x23,0x1f,0xfe,0x7e,0x30,0xc0,0x26,0x30,0x80,0x0c,0x27,0xfc,0x08,0x76,0x18,0x10,0x76,0x18,0x7f,0xf6,0x18,0x39,0xb6,0x18,0x01,0x37,0xf8,0x00,0x36,0x18,0x03,0x36,0x18,0x7e,0x36,0x18,0x70,0x36,0x18,0x60,0x37,0xf8,0x00,0x36,0x18,0x00,0x22,0x00,0x00,0x00,0x00 } },
  { 0x6240, { 0x00,0x00,0x00,0x00,0x60,0x1c,0x01,0xf0,0x7c,0x1f,0x0f,0xc0,0x18,0x0e,0x00,0x18,0x0e,0x00,0x18,0x0e,0x00,0x1f,0xee,0x04,0x18,0x6f,0xfe,0x18,0x6e,0x30,0x18,0x6e,0x30,0x18,0x6c,0x30,0x1f,0xec,0x30,0x18,0x6c,0x30,0x18,0x4c,0x30,0x18,0x08,0x30,0x18,0x18,0x30,0x10,0x10,0x30,0x30,0x30,0x30,0x20,0x60,0x30,0x60,0x40,0x30,0x40,0x80,0x20,0x00,0x00,0x00,0x00,0x00,0x00 } },
  { 0x9501, { 0x00,0x00,0x00,0x04,0x01,0x80,0x0e,0x21,0x98,0x0c,0x19,0x98,0x0c,0x9d,0x90,0x0f,0xcd,0xb0,0x18,0x0d,0xa0,0x10,0x01,0x90,0x30,0x9f,0xf8,0x3f,0xd8,0x18,0x6c,0x19,0x18,0x4c,0x19,0x98,0x0c,0x99,0x98,0x7f,0xd9,0x98,0x0c,0x19,0x98,0x0c,0x19,0x98,0x0c,0x19,0x98,0x0c,0xd3,0x10,0x0d,0x83,0x60,0x0f,0x06,0x38,0x0e,0x0c,0x1c,0x04,0x38,0x06,0x01,0xc0,0x06,0x00,0x00,0x00 } },
  { 0x5b83, { 0x00,0x00,0x00,0x00,0x30,0x00,0x00,0x18,0x00,0x00,0x1c,0x00,0x10,0x08,0x08,0x1f,0xff,0xfc,0x30,0x00,0x1c,0x30,0x00,0x30,0x72,0x00,0x20,0x03,0x80,0x00,0x03,0x00,0x80,0x03,0x03,0xc0,0x03,0x07,0xc0,0x03,0x3c,0x00,0x03,0xe0,0x00,0x03,0x00,0x00,0x03,0x00,0x10,0x03,0x00,0x10,0x03,0x00,0x10,0x03,0x00,0x30,0x03,0xff,0xf8,0x01,0xff,0xf8,0x00,0x00,0x00,0x00,0x00,0x00 } },
  { 0x53f0, { 0x00,0x00,0x00,0x00,0x60,0x00,0x00,0x70,0x00,0x00,0xe0,0x00,0x01,0xc0,0x00,0x03,0x80,0x00,0x03,0x03,0x00,0x06,0x01,0xc0,0x0c,0x00,0xe0,0x3f,0xff,0xf0,0x3f,0xfe,0x38,0x18,0x00,0x10,0x00,0x00,0x80,0x0f,0xff,0xc0,0x0c,0x00,0xc0,0x0c,0x00,0xc0,0x0c,0x00,0xc0,0x0c,0x00,0xc0,0x0c,0x00,0xc0,0x0c,0x00,0xc0,0x0f,0xff,0xc0,0x0c,0x00,0xc0,0x0c,0x00,0x80,0x00,0x00,0x00 } },
  { 0x62ac, { 0x00,0x00,0x00,0x06,0x03,0x00,0x06,0x03,0x80,0x06,0x07,0x00,0x06,0x06,0x00,0x06,0x8c,0x20,0x7f,0xc8,0x30,0x06,0x18,0x18,0x06,0x30,0x0c,0x06,0x3f,0xfc,0x06,0xf8,0x0c,0x07,0x80,0x10,0x1e,0x3f,0xf8,0x7e,0x38,0x18,0x66,0x38,0x18,0x06,0x38,0x18,0x06,0x38,0x18,0x06,0x38,0x18,0x06,0x38,0x18,0x06,0x3f,0xf8,0x3e,0x38,0x18,0x3c,0x38,0x18,0x0c,0x10,0x10,0x00,0x00,0x00 } },
  { 0x592a, { 0x00,0x00,0x00,0x00,0x38,0x00,0x00,0x38,0x00,0x00,0x38,0x00,0x00,0x38,0x00,0x00,0x38,0x00,0x00,0x38,0x18,0x3f,0xff,0xfc,0x00,0x3c,0x00,0x00,0x34,0x00,0x00,0x34,0x00,0x00,0x36,0x00,0x00,0x62,0x00,0x00,0x63,0x00,0x00,0xe3,0x00,0x00,0xc1,0x80,0x01,0xe1,0x80,0x01,0xb0,0xc0,0x03,0x18,0x60,0x06,0x1c,0x38,0x0c,0x0c,0x3e,0x30,0x00,0x1c,0x60,0x00,0x00,0x00,0x00,0x00 } },
  { 0x6001, { 0x00,0x00,0x00,0x00,0x30,0x00,0x00,0x38,0x00,0x00,0x30,0x00,0x00,0x30,0x08,0x3f,0xff,0xfc,0x00,0x38,0x00,0x00,0x6c,0x00,0x00,0x66,0x00,0x00,0xc3,0x00,0x00,0xc1,0x80,0x03,0xb0,0xe0,0x06,0x18,0x7e,0x1c,0x1c,0x3c,0x60,0x28,0x00,0x01,0x38,0x40,0x09,0x9c,0x30,0x09,0x8c,0x38,0x19,0x88,0x9c,0x39,0x80,0x9c,0x31,0x80,0x88,0x01,0xbf,0xc0,0x01,0xff,0xc0,0x00,0x00,0x00 } },
  { 0x63a2, { 0x00,0x00,0x00,0x0c,0x00,0x00,0x0c,0x20,0x00,0x0c,0x3f,0xfc,0x0c,0x20,0x0c,0x0c,0x64,0x18,0x7f,0xce,0xe0,0x0c,0x0c,0x38,0x0c,0x18,0x1c,0x0c,0xb3,0x0c,0x0f,0x43,0x00,0x0e,0x03,0x08,0x1c,0xff,0xfc,0x7c,0x07,0x80,0x6c,0x0f,0xc0,0x0c,0x0f,0x40,0x0c,0x1b,0x60,0x0c,0x33,0x30,0x0c,0x23,0x38,0x0c,0x43,0x1e,0x2c,0x83,0x0c,0x3d,0x03,0x00,0x08,0x03,0x00,0x00,0x00,0x00 } },
  { 0x9676, { 0x00,0x00,0x00,0x00,0x10,0x00,0x01,0x38,0x00,0x3f,0xb0,0x08,0x33,0x3f,0xfc,0x33,0x60,0x0c,0x32,0x50,0x0c,0x36,0xd8,0x0c,0x35,0xb0,0x8c,0x35,0x3f,0xcc,0x32,0x66,0x0c,0x33,0x46,0x0c,0x31,0x06,0x2c,0x31,0xff,0xec,0x31,0xe6,0xcc,0x33,0x76,0xcc,0x3f,0x66,0xcc,0x36,0x66,0xcc,0x30,0x7f,0xcc,0x30,0x20,0xcc,0x30,0x01,0xf8,0x30,0x00,0xf8,0x30,0x00,0x30,0x00,0x00,0x00 } },
  { 0x5957, { 0x00,0x00,0x00,0x00,0x30,0x00,0x00,0x38,0x00,0x00,0x30,0x10,0x1f,0xff,0xf8,0x00,0xe2,0x00,0x00,0xc1,0x00,0x01,0x81,0x80,0x03,0x01,0xe0,0x0f,0xff,0xfc,0x19,0x81,0x1e,0x61,0xff,0x88,0x01,0x80,0x00,0x01,0x80,0x80,0x01,0xff,0xc0,0x01,0x80,0x08,0x3f,0xff,0xfc,0x00,0x70,0x00,0x00,0xe3,0x00,0x00,0x81,0xe0,0x03,0x0f,0xf0,0x07,0xff,0xf0,0x03,0x80,0x10,0x00,0x00,0x00 } },
  { 0x7279, { 0x00,0x00,0x00,0x06,0x03,0x00,0x07,0x03,0x00,0x06,0x03,0x10,0x36,0x3f,0xf8,0x36,0x03,0x00,0x36,0x43,0x00,0x3f,0xe3,0x00,0x66,0x03,0x04,0x66,0x7f,0xfe,0x46,0x00,0x40,0x46,0x40,0x60,0x07,0x80,0x64,0x0f,0x7f,0xfe,0x3e,0x00,0x60,0x76,0x30,0x60,0x26,0x18,0x60,0x06,0x1c,0x60,0x06,0x0c,0x60,0x06,0x00,0x60,0x06,0x07,0xe0,0x06,0x01,0xc0,0x06,0x00,0xc0,0x00,0x00,0x00 } },
  { 0x63d0, { 0x00,0x00,0x00,0x0c,0x00,0x00,0x0e,0x1f,0xf0,0x0c,0x18,0x30,0x0c,0x18,0x30,0x0c,0x9f,0xf0,0x3f,0xd8,0x30,0x0c,0x18,0x30,0x0c,0x18,0x30,0x0c,0x1f,0xf0,0x0d,0x98,0x30,0x0f,0x00,0x04,0x1c,0xff,0xfe,0x7c,0x03,0x00,0x6c,0x33,0x00,0x0c,0x33,0x08,0x0c,0x23,0xfc,0x0c,0x63,0x00,0x0c,0x73,0x00,0x04,0xcf,0x00,0x3c,0x87,0xfe,0x1d,0x01,0xfc,0x0a,0x00,0x00,0x00,0x00,0x00 } },
  { 0x9898, { 0x00,0x00,0x00,0x00,0x60,0x0c,0x1f,0xef,0xfe,0x18,0x60,0xc0,0x18,0x60,0x80,0x1f,0xe7,0xfc,0x18,0x66,0x18,0x18,0x66,0x98,0x1f,0xe6,0xd8,0x18,0x66,0xd8,0x00,0x06,0xd8,0x3f,0xf6,0xd8,0x03,0x06,0xd8,0x1b,0x26,0xd8,0x1b,0xf5,0x80,0x1b,0x01,0xb0,0x1b,0x03,0x1c,0x3b,0x06,0x0c,0x27,0x18,0x04,0x21,0xff,0xfe,0x60,0x7f,0xf8,0x40,0x00,0x00,0x00,0x00,0x00,0x00,0x00,0x00 } },
  { 0x4f53, { 0x00,0x00,0x00,0x03,0x03,0x00,0x03,0x03,0x00,0x07,0x03,0x00,0x06,0x03,0x00,0x06,0x03,0x08,0x0c,0xff,0xfc,0x0c,0x0f,0x80,0x1e,0x0f,0x80,0x1c,0x0f,0x80,0x3c,0x1b,0xc0,0x2c,0x1b,0x40,0x4c,0x33,0x60,0x0c,0x33,0x30,0x0c,0x63,0x30,0x0c,0xc3,0x18,0x0c,0x83,0x3e,0x0d,0x3f,0xfe,0x0c,0x03,0x00,0x0c,0x03,0x00,0x0c,0x03,0x00,0x0c,0x03,0x00,0x0c,0x02,0x00,0x00,0x00,0x00 } },
  { 0x586b, { 0x00,0x00,0x00,0x04,0x01,0x80,0x06,0x01,0x08,0x06,0x7f,0xfc,0x06,0x03,0x00,0x06,0x03,0x00,0x06,0x9f,0xf8,0x3f,0xd8,0x30,0x06,0x18,0x30,0x06,0x1f,0xf0,0x06,0x18,0x30,0x06,0x1f,0xf0,0x06,0x18,0x30,0x06,0x18,0x30,0x06,0x5f,0xf0,0x07,0x98,0x30,0x3e,0x18,0x34,0x78,0xff,0xfe,0x20,0x00,0x40,0x00,0x0c,0x38,0x00,0x38,0x1c,0x00,0x60,0x0c,0x00,0x80,0x04,0x00,0x00,0x00 } },
  { 0x6761, { 0x00,0x00,0x00,0x01,0x80,0x00,0x03,0x80,0x00,0x03,0xff,0x80,0x07,0x03,0x80,0x07,0x83,0x00,0x0c,0x86,0x00,0x18,0x4e,0x00,0x30,0x3c,0x00,0x40,0x78,0x00,0x01,0xff,0x00,0x07,0xb7,0xfc,0x7c,0x38,0xf8,0x00,0x30,0x40,0x1f,0xff,0xe0,0x00,0x30,0x00,0x03,0x32,0x00,0x07,0x33,0x80,0x06,0x30,0xc0,0x0c,0x30,0x70,0x39,0xf0,0x70,0x60,0xf0,0x30,0x00,0x60,0x00,0x00,0x00,0x00 } },
  { 0x8df3, { 0x00,0x00,0x00,0x00,0x86,0xc0,0x3f,0xc6,0xc0,0x31,0x86,0xc0,0x31,0x86,0xc0,0x31,0x86,0xcc,0x31,0xa6,0xd8,0x3f,0xb6,0xf0,0x37,0x9e,0xe0,0x06,0x16,0xc0,0x06,0x06,0xc0,0x36,0x06,0xe0,0x37,0x9e,0xf8,0x36,0x76,0xcc,0x36,0x44,0xc4,0x36,0x0c,0xc4,0x36,0x0c,0xc4,0x37,0xd8,0xc4,0x3f,0x18,0xc4,0x78,0x30,0xde,0x60,0x60,0x7e,0x00,0x80,0x00,0x00,0x00,0x00,0x00,0x00,0x00 } },
  { 0x8d34, { 0x00,0x00,0x00,0x00,0x41,0x80,0x3f,0xe1,0xc0,0x30,0x61,0x80,0x30,0x61,0x80,0x32,0x61,0x80,0x37,0x61,0x84,0x36,0x61,0xfe,0x36,0x61,0x80,0x36,0x61,0x80,0x36,0x61,0x80,0x36,0x61,0x88,0x36,0x6f,0xfc,0x36,0x6c,0x18,0x36,0x6c,0x18,0x36,0x4c,0x18,0x07,0x0c,0x18,0x05,0x8c,0x18,0x0c,0xcc,0x18,0x08,0x6f,0xfc,0x10,0x6c,0x1c,0x30,0x2c,0x18,0x60,0x08,0x00,0x00,0x00,0x00 } },
  { 0x542c, { 0x00,0x00,0x00,0x00,0x00,0x30,0x00,0x11,0xf8,0x3f,0x9f,0x00,0x31,0x98,0x00,0x31,0x98,0x00,0x31,0x98,0x00,0x31,0x98,0x08,0x31,0x9f,0xfc,0x31,0x98,0xc0,0x31,0x98,0xc0,0x31,0x98,0xc0,0x3f,0x98,0xc0,0x31,0x90,0xc0,0x31,0xb0,0xc0,0x30,0x30,0xc0,0x00,0x30,0xc0,0x00,0x60,0xc0,0x00,0x60,0xc0,0x00,0xc0,0xc0,0x01,0x80,0xc0,0x03,0x00,0xc0,0x00,0x00,0x00,0x00,0x00,0x00 } },
  { 0x505c, { 0x00,0x00,0x00,0x06,0x04,0x00,0x06,0x06,0x00,0x06,0x03,0x08,0x0c,0xff,0xfc,0x0c,0x80,0x00,0x0c,0x3f,0xe0,0x1c,0x30,0x60,0x1c,0x30,0x60,0x3c,0x3f,0xe0,0x2c,0x30,0x60,0x6d,0xff,0xfc,0x4d,0x80,0x0c,0x0f,0x80,0x38,0x0d,0x7f,0xf0,0x0c,0x03,0x00,0x0c,0x03,0x00,0x0c,0x03,0x00,0x0c,0x03,0x00,0x0c,0x03,0x00,0x0c,0x13,0x00,0x0c,0x0f,0x00,0x08,0x06,0x00,0x00,0x00,0x00 } },
  { 0x901a, { 0x00,0x00,0x00,0x00,0x7f,0xf0,0x10,0x00,0x70,0x1c,0x0c,0xe0,0x0c,0x07,0x80,0x0c,0x03,0x00,0x00,0xff,0xfc,0x00,0xc3,0x18,0x04,0xc3,0x18,0x7e,0xff,0xf8,0x0c,0xc3,0x18,0x0c,0xc3,0x18,0x0c,0xc3,0x18,0x0c,0xff,0xf8,0x0c,0xc3,0x18,0x0c,0xc3,0x18,0x0c,0xc3,0x18,0x0c,0xc3,0xf8,0x1e,0xc2,0x38,0x71,0x80,0x10,0x60,0xff,0xfe,0x00,0x3f,0xfc,0x00,0x00,0x00,0x00,0x00,0x00 } },
  { 0x540c, { 0x00,0x00,0x00,0x3f,0xff,0xf0,0x30,0x00,0x38,0x30,0x00,0x30,0x30,0x01,0x30,0x37,0xff,0xb0,0x30,0x00,0x30,0x30,0x00,0x30,0x30,0x02,0x30,0x31,0xff,0x30,0x31,0x83,0x30,0x31,0x83,0x30,0x31,0x83,0x30,0x31,0x83,0x30,0x31,0xff,0x30,0x31,0x83,0x30,0x31,0x02,0x30,0x30,0x00,0x30,0x30,0x00,0x30,0x30,0x01,0xf0,0x30,0x00,0xf0,0x30,0x00,0x60,0x00,0x00,0x00,0x00,0x00,0x00 } },
  { 0x7edf, { 0x00,0x00,0x00,0x02,0x02,0x00,0x07,0x03,0x80,0x06,0x01,0x88,0x0c,0x3f,0xfc,0x0c,0x03,0x00,0x18,0xc3,0x00,0x31,0xc6,0x00,0x7f,0x8c,0x70,0x33,0x18,0x38,0x06,0x3f,0xfc,0x0c,0x3f,0xcc,0x18,0x06,0xc0,0x3f,0xc6,0xc0,0x3c,0x06,0xc0,0x00,0x06,0xc0,0x00,0x44,0xc0,0x07,0x8c,0xc4,0x3e,0x0c,0xc4,0x30,0x18,0xc4,0x20,0x38,0xee,0x00,0x60,0x7e,0x01,0x80,0x00,0x00,0x00,0x00 } },
  { 0x5934, { 0x00,0x00,0x00,0x00,0x0c,0x00,0x00,0x0e,0x00,0x03,0x8c,0x00,0x01,0xcc,0x00,0x00,0xcc,0x00,0x00,0xcc,0x00,0x18,0x0c,0x00,0x0e,0x0c,0x00,0x07,0x0c,0x00,0x03,0x0c,0x00,0x03,0x0c,0x00,0x00,0x0c,0x08,0x3f,0xff,0xfc,0x20,0x18,0x00,0x00,0x18,0x00,0x00,0x3e,0x00,0x00,0x33,0xc0,0x00,0x60,0xf0,0x00,0xc0,0x78,0x03,0x80,0x1c,0x0e,0x00,0x0c,0x70,0x00,0x00,0x00,0x00,0x00 } },
  { 0x900f, { 0x00,0x00,0x00,0x00,0x00,0xe0,0x18,0x0f,0xe0,0x1c,0x7f,0x00,0x0c,0x03,0x08,0x0d,0xff,0xfc,0x00,0x0f,0x80,0x00,0x1b,0xc0,0x04,0x33,0x70,0x7e,0x63,0x3e,0x0d,0xff,0xfc,0x0d,0x0c,0xc0,0x0c,0x0c,0xc0,0x0c,0x08,0xf8,0x0c,0x18,0xb0,0x0c,0x10,0x30,0x0c,0x30,0x30,0x0c,0x61,0xf0,0x1e,0x80,0xe0,0x71,0x80,0xc0,0x60,0xff,0xfe,0x00,0x3f,0xfc,0x00,0x00,0x00,0x00,0x00,0x00 } },
  { 0x7a81, { 0x00,0x00,0x00,0x00,0x30,0x00,0x00,0x18,0x00,0x10,0x18,0x08,0x1f,0xff,0xfc,0x18,0x80,0x1c,0x31,0xc3,0x90,0x33,0x90,0xf0,0x06,0x38,0x30,0x18,0x3b,0x10,0x00,0x31,0xc0,0x00,0x30,0xc8,0x1f,0xff,0xfc,0x00,0x38,0x00,0x00,0x34,0x00,0x00,0x66,0x00,0x00,0x62,0x00,0x00,0xc3,0x80,0x01,0x81,0xc0,0x07,0x00,0xf0,0x0c,0x00,0x3c,0x30,0x00,0x18,0x00,0x00,0x00,0x00,0x00,0x00 } },
  { 0x56fe, { 0x00,0x00,0x00,0x3f,0xff,0xf0,0x30,0xc0,0x18,0x30,0xc0,0x18,0x31,0xff,0x18,0x31,0x87,0x18,0x33,0x46,0x18,0x32,0x6c,0x18,0x34,0x38,0x18,0x30,0x38,0x18,0x30,0x7c,0x18,0x31,0xc7,0x98,0x37,0x73,0xf8,0x3c,0x38,0x98,0x30,0x0c,0x18,0x30,0xc0,0x18,0x30,0xfc,0x18,0x30,0x1e,0x18,0x30,0x06,0x18,0x3f,0xff,0xf8,0x30,0x00,0x18,0x30,0x00,0x10,0x00,0x00,0x00,0x00,0x00,0x00 } },
  { 0x5410, { 0x00,0x00,0x00,0x00,0x00,0x00,0x00,0x06,0x00,0x00,0x06,0x00,0x00,0x06,0x00,0x00,0x06,0x00,0x7f,0x06,0x00,0x63,0x06,0x00,0x63,0x06,0x20,0x63,0xff,0xf0,0x63,0x06,0x00,0x63,0x06,0x00,0x63,0x06,0x00,0x63,0x06,0x00,0x63,0x06,0x00,0x7f,0x06,0x00,0x63,0x06,0x00,0x62,0x06,0x00,0x60,0x06,0x00,0x00,0x06,0x18,0x03,0xff,0xfc,0x00,0x00,0x00,0x00,0x00,0x00,0x00,0x00,0x00 } },
  { 0x63a8, { 0x00,0x00,0x00,0x06,0x0d,0x00,0x06,0x0c,0xc0,0x06,0x18,0xc0,0x06,0x18,0x44,0x06,0x9f,0xfe,0x7f,0xd8,0xc0,0x06,0x38,0xc0,0x06,0x38,0xc0,0x06,0x78,0xc8,0x07,0xff,0xfc,0x07,0x58,0xc0,0x1e,0x98,0xc0,0x76,0x18,0xc0,0x66,0x18,0xc8,0x06,0x1f,0xfc,0x06,0x18,0xc0,0x06,0x18,0xc0,0x06,0x18,0xc0,0x06,0x18,0xc4,0x26,0x1f,0xfe,0x3c,0x18,0x00,0x0c,0x10,0x00,0x00,0x00,0x00 } },
  { 0x9000, { 0x00,0x00,0x00,0x00,0x00,0x00,0x18,0x00,0x20,0x0c,0x3f,0xf0,0x0c,0x30,0x30,0x0c,0x30,0x30,0x00,0x3f,0xf0,0x00,0x30,0x30,0x04,0x30,0x30,0x3e,0x30,0x30,0x0c,0x3f,0xf0,0x0c,0x30,0x38,0x0c,0x30,0x38,0x0c,0x37,0x60,0x0c,0x31,0xc0,0x0c,0x30,0xe0,0x0c,0x36,0x38,0x0c,0x3c,0x18,0x3f,0x30,0x08,0x71,0xa0,0x00,0x20,0xff,0xfe,0x00,0x3f,0xfc,0x00,0x00,0x00,0x00,0x00,0x00 } },
  { 0x8131, { 0x00,0x00,0x00,0x00,0x00,0x60,0x1f,0xcc,0x60,0x19,0x8c,0x60,0x19,0x86,0xc0,0x19,0x84,0x90,0x19,0x9f,0xf8,0x1f,0x98,0x30,0x19,0x98,0x30,0x19,0x98,0x30,0x19,0x98,0x30,0x19,0x9f,0xf0,0x1f,0x9e,0xf0,0x19,0x96,0xc0,0x19,0x86,0xc0,0x19,0x86,0xc0,0x11,0x86,0xc4,0x31,0x84,0xc4,0x31,0x8c,0xc4,0x27,0x98,0xc6,0x67,0xb0,0xfc,0x41,0xc0,0x00,0x00,0x00,0x00,0x00,0x00,0x00 } },
  { 0x5768, { 0x00,0x00,0x00,0x04,0x02,0x00,0x0e,0x03,0x00,0x0c,0x01,0x80,0x0c,0x01,0x80,0x0c,0x3f,0xfc,0x0c,0x30,0x0c,0x0c,0xe0,0x10,0x7f,0xcc,0x00,0x0c,0x0c,0x00,0x0c,0x0c,0x10,0x0c,0x0c,0x38,0x0c,0x0c,0x70,0x0c,0x0d,0xc0,0x0d,0xcf,0x00,0x0f,0x0c,0x00,0x7c,0x0c,0x04,0x70,0x0c,0x04,0x00,0x0c,0x0c,0x00,0x0c,0x0c,0x00,0x0f,0xfe,0x00,0x07,0xfc,0x00,0x00,0x00,0x00,0x00,0x00 } },
  { 0x6b6a, { 0x00,0x00,0x00,0x00,0x00,0x00,0x00,0x00,0x30,0x3f,0xff,0xf8,0x20,0x30,0x00,0x00,0x60,0x00,0x00,0xf0,0x00,0x01,0xb7,0x80,0x07,0x30,0xf0,0x1c,0x30,0x78,0x70,0x30,0x18,0x00,0x30,0x00,0x00,0x00,0x20,0x3f,0xff,0xf0,0x00,0x30,0x00,0x06,0x30,0x00,0x06,0x30,0x40,0x06,0x3f,0xe0,0x06,0x30,0x00,0x06,0x30,0x00,0x06,0x30,0x18,0x7f,0xff,0xfc,0x00,0x00,0x00,0x00,0x00,0x00 } },
  { 0x5916, { 0x00,0x00,0x00,0x06,0x03,0x00,0x07,0x03,0x00,0x06,0x03,0x00,0x06,0x03,0x00,0x0c,0x23,0x00,0x0f,0xf3,0x00,0x0c,0x33,0x00,0x18,0x73,0x00,0x18,0x63,0xc0,0x3c,0x63,0x70,0x36,0xc3,0x38,0x63,0xc3,0x1c,0x43,0xc3,0x08,0x01,0x83,0x00,0x03,0x03,0x00,0x03,0x03,0x00,0x06,0x03,0x00,0x0c,0x03,0x00,0x18,0x03,0x00,0x30,0x03,0x00,0x40,0x03,0x00,0x00,0x00,0x00,0x00,0x00,0x00 } },
  { 0x5b8c, { 0x00,0x00,0x00,0x00,0x30,0x00,0x00,0x18,0x00,0x00,0x18,0x00,0x00,0x08,0x08,0x1f,0xff,0xfc,0x18,0x00,0x1c,0x38,0x00,0x90,0x37,0xff,0xc0,0x00,0x00,0x00,0x00,0x00,0x00,0x00,0x00,0x10,0x1f,0xff,0xf8,0x00,0xc6,0x00,0x00,0xc6,0x00,0x00,0xc6,0x00,0x00,0x86,0x04,0x01,0x86,0x04,0x01,0x86,0x04,0x03,0x06,0x0c,0x06,0x07,0xfe,0x1c,0x07,0xfc,0x70,0x00,0x00,0x00,0x00,0x00 } },
  { 0x73a9, { 0x00,0x00,0x00,0x00,0x80,0x10,0x7f,0xdf,0xf8,0x0e,0x00,0x00,0x0e,0x00,0x00,0x0e,0x00,0x00,0x0e,0x00,0x00,0x0e,0x00,0x04,0x0e,0xbf,0xfe,0x3f,0x8e,0xc0,0x2e,0x0c,0xc0,0x0e,0x0c,0xc0,0x0e,0x0c,0xc0,0x0e,0x0c,0xc0,0x0e,0x0c,0xc0,0x0e,0xc8,0xc4,0x0f,0x98,0xc4,0x7c,0x18,0xc4,0x70,0x30,0xc4,0x00,0x60,0xfe,0x01,0xc0,0x7e,0x03,0x00,0x00,0x00,0x00,0x00,0x00,0x00,0x00 } },
  { 0x665a, { 0x00,0x00,0x00,0x00,0x08,0x00,0x00,0x1c,0x00,0x02,0x18,0x00,0x7f,0x3f,0xc0,0x66,0x31,0xc0,0x66,0x61,0x00,0x66,0xc2,0x00,0x67,0xff,0xf0,0x66,0x66,0x30,0x7e,0x66,0x30,0x66,0x66,0x30,0x66,0x7f,0xf0,0x66,0x66,0x30,0x66,0x06,0x00,0x66,0x0f,0x00,0x7e,0x0f,0x00,0x66,0x1b,0x00,0x62,0x1b,0x08,0x60,0x33,0x08,0x00,0x63,0x08,0x01,0xc3,0x1c,0x07,0x01,0xf8,0x00,0x00,0x00 } },
  { 0x4e07, { 0x00,0x00,0x00,0x00,0x00,0x00,0x00,0x00,0x08,0x3f,0xff,0xfc,0x00,0x60,0x00,0x00,0x60,0x00,0x00,0x60,0x00,0x00,0x60,0x20,0x00,0x7f,0xf8,0x00,0x60,0x30,0x00,0xe0,0x30,0x00,0xc0,0x30,0x00,0xc0,0x30,0x00,0xc0,0x30,0x01,0x80,0x70,0x01,0x80,0x70,0x03,0x00,0x70,0x06,0x00,0x60,0x06,0x00,0x60,0x0c,0x07,0xe0,0x10,0x01,0xc0,0x20,0x01,0x80,0x00,0x00,0x00,0x00,0x00,0x00 } },
  { 0x7f51, { 0x00,0x00,0x00,0x00,0x00,0x08,0x3f,0xff,0xfc,0x38,0x00,0x18,0x18,0x00,0x18,0x18,0x60,0xd8,0x1c,0x70,0xd8,0x1a,0x68,0xd8,0x1b,0xc5,0x98,0x19,0xc3,0x98,0x19,0xc3,0x18,0x19,0xc3,0x98,0x19,0x63,0xd8,0x1b,0x66,0xd8,0x1a,0x64,0xf8,0x1c,0x28,0x58,0x1c,0x10,0x58,0x18,0x00,0x18,0x18,0x00,0x18,0x38,0x00,0x78,0x38,0x00,0x78,0x30,0x00,0x30,0x00,0x00,0x00,0x00,0x00,0x00 } },
  { 0x5f80, { 0x00,0x00,0x00,0x03,0x04,0x00,0x03,0x06,0x00,0x06,0x03,0x00,0x0c,0x03,0x00,0x08,0x03,0x08,0x10,0x7f,0xfc,0x23,0x03,0x00,0x03,0x83,0x00,0x06,0x03,0x00,0x06,0x03,0x00,0x0e,0x03,0x00,0x1e,0x03,0x10,0x36,0x3f,0xf8,0x26,0x23,0x00,0x46,0x03,0x00,0x06,0x03,0x00,0x06,0x03,0x00,0x06,0x03,0x00,0x06,0x03,0x0c,0x07,0xff,0xfe,0x06,0x00,0x00,0x06,0x00,0x00,0x00,0x00,0x00 } },
  { 0x5fd8, { 0x00,0x00,0x00,0x00,0x20,0x00,0x00,0x38,0x00,0x00,0x1c,0x00,0x00,0x1c,0x08,0x3f,0xff,0xfc,0x03,0x00,0x00,0x03,0x00,0x00,0x03,0x00,0x00,0x03,0x00,0x00,0x03,0x00,0x30,0x03,0xff,0xf8,0x03,0x20,0x00,0x00,0x18,0x00,0x01,0x1c,0x00,0x09,0x8c,0x20,0x09,0x8c,0x18,0x09,0x84,0x5c,0x19,0x80,0x4c,0x39,0x80,0x4c,0x39,0xde,0xe4,0x00,0xff,0xe0,0x00,0x00,0x00,0x00,0x00,0x00 } },
  { 0x56f4, { 0x00,0x00,0x00,0x3f,0xff,0xf0,0x30,0x00,0x38,0x30,0x20,0x30,0x30,0x30,0x30,0x30,0x30,0xb0,0x37,0xff,0xf0,0x34,0x30,0x30,0x30,0x30,0x30,0x33,0xff,0x30,0x30,0x30,0x30,0x30,0x30,0xb0,0x3f,0xff,0xf0,0x30,0x31,0xb0,0x30,0x31,0xb0,0x30,0x31,0xb0,0x30,0x37,0xb0,0x30,0x33,0x30,0x30,0x30,0x30,0x30,0x20,0x30,0x3f,0xff,0xf0,0x30,0x00,0x38,0x20,0x00,0x10,0x00,0x00,0x00 } },
  { 0x552f, { 0x00,0x00,0x00,0x00,0x12,0x00,0x00,0x3b,0x00,0x00,0x31,0x80,0x7f,0x31,0x90,0x66,0x7f,0xf8,0x66,0x63,0x00,0x66,0x63,0x00,0x66,0xe3,0x00,0x66,0xe3,0x10,0x67,0x7f,0xf8,0x66,0x63,0x00,0x66,0x63,0x00,0x66,0x63,0x10,0x7e,0x7f,0xf8,0x66,0x63,0x00,0x66,0x63,0x00,0x60,0x63,0x00,0x40,0x63,0x18,0x00,0x7f,0xfc,0x00,0x60,0x00,0x00,0x60,0x00,0x00,0x60,0x00,0x00,0x00,0x00 } },
  { 0x7ef4, { 0x00,0x00,0x00,0x04,0x0c,0x00,0x06,0x0d,0x80,0x0e,0x1c,0xc0,0x0c,0x18,0xc0,0x08,0x98,0x48,0x18,0xff,0xfc,0x11,0xb0,0xc0,0x31,0xb0,0xc0,0x7f,0x70,0xc8,0x7e,0x7f,0xfc,0x26,0xb0,0xc0,0x0c,0x30,0xc0,0x08,0x30,0xc0,0x1b,0xf0,0xc8,0x3e,0x3f,0xfc,0x38,0x30,0xc0,0x00,0x70,0xc0,0x07,0xb0,0xc0,0x3e,0x30,0xc4,0x38,0x3f,0xfe,0x00,0x30,0x00,0x00,0x30,0x00,0x00,0x00,0x00 } },
  { 0x5c3e, { 0x00,0x00,0x00,0x0f,0xff,0xf8,0x0c,0x00,0x18,0x0c,0x00,0x18,0x0c,0x00,0x18,0x0f,0xff,0xf8,0x0c,0x00,0x58,0x0c,0x01,0xe0,0x0c,0x3f,0xe0,0x0d,0xfc,0x00,0x0c,0x0c,0x60,0x0c,0x0f,0xe0,0x0d,0xfc,0x00,0x0c,0x0c,0x18,0x08,0x0f,0xfc,0x1b,0xff,0x00,0x1b,0x0c,0x04,0x10,0x0c,0x04,0x30,0x0c,0x04,0x20,0x0d,0xee,0x60,0x07,0xfe,0x40,0x00,0x00,0x00,0x00,0x00,0x00,0x00,0x00 } },
  { 0x4e3a, { 0x00,0x00,0x00,0x00,0x18,0x00,0x08,0x1c,0x00,0x06,0x18,0x00,0x07,0x18,0x00,0x03,0x18,0x00,0x01,0x18,0x00,0x00,0x18,0x04,0x3f,0xff,0xfe,0x00,0x30,0x0c,0x00,0x30,0x0c,0x00,0x30,0x0c,0x00,0x3e,0x0c,0x00,0x63,0x8c,0x00,0x61,0xcc,0x00,0xc0,0xcc,0x01,0xc0,0xdc,0x01,0x80,0x1c,0x03,0x00,0x18,0x06,0x00,0x18,0x0c,0x07,0xf8,0x18,0x01,0xf0,0x60,0x00,0x60,0x00,0x00,0x00 } },
  { 0x672a, { 0x00,0x00,0x00,0x00,0x18,0x00,0x00,0x18,0x00,0x00,0x18,0x00,0x00,0x18,0x60,0x0f,0xff,0xf0,0x00,0x18,0x00,0x00,0x18,0x00,0x00,0x18,0x00,0x00,0x18,0x08,0x3f,0xff,0xfc,0x00,0x3c,0x00,0x00,0x7e,0x00,0x00,0xfa,0x00,0x00,0xdb,0x00,0x01,0x99,0x80,0x03,0x18,0xc0,0x06,0x18,0x70,0x0c,0x18,0x7c,0x10,0x18,0x1e,0x60,0x18,0x08,0x00,0x18,0x00,0x00,0x18,0x00,0x00,0x00,0x00 } },
  { 0x4f4d, { 0x00,0x00,0x00,0x03,0x08,0x00,0x03,0x06,0x00,0x07,0x06,0x00,0x06,0x03,0x00,0x06,0x02,0x08,0x0c,0xff,0xfc,0x0c,0x00,0x00,0x0e,0x00,0x60,0x1c,0x20,0x70,0x1c,0x20,0x60,0x2c,0x30,0x60,0x6c,0x10,0x60,0x4c,0x18,0xc0,0x0c,0x18,0xc0,0x0c,0x18,0xc0,0x0c,0x18,0x80,0x0c,0x18,0x80,0x0c,0x01,0x80,0x0c,0x01,0x04,0x0d,0xff,0xfe,0x0c,0x00,0x00,0x0c,0x00,0x00,0x00,0x00,0x00 } },
  { 0x6587, { 0x00,0x00,0x00,0x00,0x30,0x00,0x00,0x18,0x00,0x00,0x18,0x00,0x00,0x18,0x08,0x3f,0xff,0xfc,0x01,0x01,0x80,0x01,0x81,0x80,0x00,0x81,0x80,0x00,0x83,0x00,0x00,0xc3,0x00,0x00,0x43,0x00,0x00,0x66,0x00,0x00,0x66,0x00,0x00,0x3c,0x00,0x00,0x18,0x00,0x00,0x3c,0x00,0x00,0x6e,0x00,0x00,0xc3,0x80,0x03,0x81,0xfc,0x0e,0x00,0x7c,0x70,0x00,0x18,0x00,0x00,0x00,0x00,0x00,0x00 } },
  { 0x7eb9, { 0x00,0x00,0x00,0x02,0x06,0x00,0x03,0x03,0x00,0x06,0x03,0x80,0x04,0x01,0x0c,0x0c,0x7f,0xfe,0x18,0xd8,0x30,0x11,0xc8,0x30,0x7f,0x88,0x60,0x3b,0x08,0x60,0x06,0x0c,0x60,0x0c,0x04,0x40,0x18,0x04,0xc0,0x37,0xc6,0xc0,0x3e,0x03,0x80,0x30,0x03,0x80,0x00,0x63,0x80,0x07,0x86,0xc0,0x7c,0x1c,0x70,0x30,0x30,0x3c,0x00,0xc0,0x1e,0x07,0x00,0x08,0x00,0x00,0x00,0x00,0x00,0x00 } },
  { 0x7a33, { 0x00,0x00,0x00,0x00,0x86,0x00,0x07,0xc6,0x00,0x3e,0x0f,0xe0,0x06,0x18,0x60,0x06,0x10,0xc0,0x06,0xa0,0x88,0x3f,0xff,0xfc,0x06,0x10,0x18,0x06,0x00,0x18,0x0f,0x8f,0xf8,0x0f,0xc8,0x18,0x0e,0xdf,0xf8,0x1e,0xd0,0x18,0x16,0x03,0x00,0x36,0x0d,0x80,0x66,0x2d,0x88,0x46,0x6c,0x3c,0x06,0x6c,0x36,0x06,0xcc,0x36,0x06,0x0f,0xf0,0x06,0x00,0x00,0x00,0x00,0x00,0x00,0x00,0x00 } },
  { 0x95ee, { 0x00,0x00,0x00,0x06,0x00,0x00,0x03,0x00,0x10,0x03,0x9f,0xf8,0x01,0x80,0x18,0x09,0x00,0x18,0x1c,0x00,0x18,0x1c,0x00,0x18,0x1c,0x81,0x18,0x1c,0xff,0x98,0x1c,0xc3,0x18,0x1c,0xc3,0x18,0x1c,0xc3,0x18,0x1c,0xc3,0x18,0x1c,0xff,0x18,0x1c,0xc3,0x18,0x1c,0x80,0x18,0x1c,0x00,0x18,0x1c,0x00,0x18,0x1c,0x01,0xf8,0x1c,0x00,0xf0,0x18,0x00,0x30,0x00,0x00,0x00,0x00,0x00,0x00 } },
  { 0x6211, { 0x00,0x00,0x00,0x00,0x2c,0x00,0x00,0xee,0x40,0x0f,0xee,0x60,0x3b,0x06,0x30,0x03,0x06,0x38,0x03,0x06,0x10,0x03,0x06,0x08,0x7f,0xff,0xfc,0x03,0x06,0x00,0x03,0x06,0x30,0x03,0x06,0x30,0x03,0x36,0x60,0x03,0xc6,0x60,0x1f,0x06,0xc0,0x7f,0x03,0x80,0x33,0x03,0x00,0x03,0x07,0x86,0x03,0x0d,0x86,0x03,0x38,0xe6,0x1f,0x60,0x76,0x0f,0x00,0x3e,0x06,0x00,0x0e,0x00,0x00,0x00 } },
  { 0x63e1, { 0x00,0x00,0x00,0x0e,0x00,0x00,0x0e,0x7f,0xfc,0x0c,0x60,0x18,0x0c,0x60,0x18,0x0c,0x60,0x18,0x7f,0xff,0xf8,0x0c,0x60,0x18,0x0c,0x60,0x08,0x0c,0xff,0xfc,0x0d,0x61,0x80,0x0e,0x63,0x30,0x1c,0x6c,0x18,0x3c,0x6f,0xfc,0x6c,0x69,0x80,0x2c,0x61,0x88,0x0c,0x5f,0xfc,0x0c,0xc1,0x80,0x0c,0xc1,0x80,0x0c,0x81,0x84,0x3d,0xff,0xfe,0x1f,0x00,0x00,0x0a,0x00,0x00,0x00,0x00,0x00 } },
  { 0x65e0, { 0x00,0x00,0x00,0x00,0x00,0x10,0x1f,0xff,0xf8,0x00,0x18,0x00,0x00,0x18,0x00,0x00,0x18,0x00,0x00,0x38,0x00,0x00,0x30,0x00,0x00,0x30,0x18,0x3f,0xff,0xfc,0x00,0x3c,0x00,0x00,0x3c,0x00,0x00,0x3c,0x00,0x00,0x6c,0x00,0x00,0x6c,0x00,0x00,0xcc,0x04,0x00,0xcc,0x04,0x01,0x8c,0x04,0x03,0x0c,0x04,0x06,0x0e,0xfe,0x18,0x07,0xfc,0x60,0x00,0x00,0x00,0x00,0x00,0x00,0x00,0x00 } },
  { 0x4e94, { 0x00,0x00,0x00,0x00,0x00,0x00,0x00,0x00,0x20,0x3f,0xff,0xf0,0x00,0x60,0x00,0x00,0x60,0x00,0x00,0x60,0x00,0x00,0x60,0x00,0x00,0x60,0x00,0x00,0xc0,0x80,0x1f,0xff,0xc0,0x00,0xc1,0x80,0x00,0xc1,0x80,0x00,0xc1,0x80,0x00,0xc1,0x80,0x00,0x81,0x80,0x01,0x81,0x80,0x01,0x81,0x80,0x01,0x81,0x80,0x01,0x81,0x80,0x01,0x81,0x98,0x7f,0xff,0xfc,0x00,0x00,0x00,0x00,0x00,0x00 } },
  { 0x52a1, { 0x00,0x00,0x00,0x00,0xc0,0x00,0x00,0xc0,0x80,0x01,0xff,0xc0,0x01,0x81,0x80,0x03,0x83,0x80,0x06,0x43,0x00,0x04,0x26,0x00,0x08,0x3c,0x00,0x10,0x1c,0x00,0x00,0x7f,0x00,0x01,0xe3,0xe0,0x03,0x31,0xfe,0x1c,0x30,0x3c,0x67,0xff,0xe0,0x00,0x20,0xc0,0x00,0x60,0xc0,0x00,0x60,0xc0,0x00,0xc0,0xc0,0x01,0x80,0xc0,0x03,0x0d,0x80,0x0e,0x07,0x80,0x38,0x03,0x00,0x00,0x00,0x00 } },
  { 0x8bef, { 0x00,0x00,0x00,0x10,0x7f,0xe0,0x18,0x60,0x60,0x1c,0x60,0x60,0x0c,0x60,0x60,0x08,0x60,0x60,0x00,0x7f,0xe0,0x00,0x60,0x60,0x7c,0x00,0x10,0x18,0xff,0xf8,0x18,0x06,0x00,0x18,0x06,0x00,0x18,0x06,0x18,0x19,0xff,0xf8,0x19,0x8f,0x00,0x19,0x0d,0x00,0x1a,0x0d,0x80,0x1e,0x18,0x80,0x1c,0x30,0xe0,0x08,0x60,0x70,0x00,0xc0,0x3c,0x03,0x00,0x10,0x00,0x00,0x00,0x00,0x00,0x00 } },
  { 0x897f, { 0x00,0x00,0x00,0x00,0x00,0x08,0x3f,0xff,0xfc,0x00,0x66,0x00,0x00,0x66,0x00,0x00,0x66,0x00,0x00,0x66,0x00,0x1f,0xff,0xf8,0x18,0x66,0x18,0x18,0x66,0x18,0x18,0xc6,0x18,0x18,0xc6,0x18,0x18,0xc6,0x18,0x18,0xc6,0x18,0x19,0x87,0xd8,0x19,0x03,0xf8,0x1a,0x00,0x18,0x1c,0x00,0x18,0x18,0x00,0x18,0x1f,0xff,0xf8,0x18,0x00,0x18,0x18,0x00,0x10,0x00,0x00,0x00,0x00,0x00,0x00 } },
  { 0x6790, { 0x00,0x00,0x00,0x06,0x00,0x10,0x06,0x10,0xf8,0x06,0x1f,0xf0,0x06,0x18,0x00,0x06,0x98,0x00,0x7f,0xd8,0x00,0x06,0x18,0x00,0x0e,0x18,0x04,0x0e,0x1f,0xfe,0x0f,0x98,0x60,0x0f,0xd8,0x60,0x1e,0xd8,0x60,0x16,0x98,0x60,0x36,0x18,0x60,0x26,0x18,0x60,0x66,0x10,0x60,0x06,0x30,0x60,0x06,0x30,0x60,0x06,0x60,0x60,0x06,0x40,0x60,0x06,0x80,0x60,0x07,0x00,0x60,0x00,0x00,0x00 } },
  { 0x606f, { 0x00,0x00,0x00,0x00,0x30,0x00,0x00,0x30,0x40,0x07,0xff,0xe0,0x07,0x00,0x60,0x07,0x00,0x60,0x07,0xff,0xe0,0x07,0x00,0x60,0x07,0x00,0x60,0x07,0xff,0xe0,0x07,0x00,0x60,0x07,0x00,0x60,0x07,0xff,0xe0,0x06,0x20,0x60,0x00,0x18,0x00,0x01,0x9c,0x00,0x09,0x8c,0x18,0x09,0x8c,0xdc,0x19,0x80,0xcc,0x19,0x80,0xcc,0x39,0xbf,0xe4,0x10,0xff,0xc0,0x00,0x00,0x00,0x00,0x00,0x00 } },
  { 0x7cfb, { 0x00,0x00,0x00,0x00,0x00,0x70,0x00,0x1f,0xf0,0x0f,0xfe,0x00,0x00,0x18,0x00,0x00,0x30,0x00,0x00,0x60,0xc0,0x01,0x81,0xe0,0x07,0xff,0x80,0x07,0xee,0x00,0x00,0x18,0x80,0x00,0x70,0xe0,0x01,0xc0,0x30,0x0f,0xff,0xf8,0x07,0xec,0x18,0x00,0x0c,0x08,0x01,0xcd,0x80,0x01,0xcc,0xe0,0x03,0x0c,0x38,0x06,0x0c,0x1c,0x18,0x7c,0x1c,0x30,0x3c,0x0c,0x00,0x18,0x00,0x00,0x00,0x00 } },
  { 0x7ec6, { 0x00,0x00,0x00,0x06,0x00,0x00,0x06,0x00,0x00,0x0c,0x3f,0xfe,0x0c,0x31,0x8c,0x18,0xf1,0x8c,0x11,0xf1,0x8c,0x31,0xb1,0x8c,0x7f,0x31,0x8c,0x7a,0x31,0x8c,0x06,0x31,0x8c,0x0c,0x3f,0xfc,0x18,0x31,0x8c,0x37,0xb1,0x8c,0x3e,0x31,0x8c,0x30,0x31,0x8c,0x00,0x31,0x8c,0x01,0xb1,0x8c,0x7e,0x31,0x8c,0x78,0x3f,0xfc,0x20,0x30,0x0c,0x00,0x30,0x0c,0x00,0x00,0x00,0x00,0x00,0x00 } },
  { 0x778e, { 0x00,0x00,0x00,0x00,0x02,0x00,0x00,0x03,0x00,0x00,0x01,0x00,0x7f,0x7f,0xfc,0x63,0x60,0x0c,0x63,0xc3,0x10,0x63,0x03,0x00,0x7f,0x3f,0xf8,0x63,0x03,0x00,0x63,0x03,0x10,0x63,0x3f,0xf8,0x63,0x03,0x04,0x7f,0x7f,0xfe,0x63,0x43,0x00,0x63,0x03,0x00,0x63,0x3f,0xf8,0x63,0x30,0x30,0x7f,0x30,0x30,0x63,0x30,0x30,0x62,0x30,0x30,0x20,0x3f,0xf0,0x00,0x30,0x10,0x00,0x00,0x00 } },
  { 0x5323, { 0x00,0x00,0x00,0x00,0x00,0x20,0x3f,0xff,0xf0,0x30,0x00,0x00,0x30,0x00,0x40,0x33,0xff,0xe0,0x33,0x18,0x60,0x33,0x18,0x60,0x33,0x18,0x60,0x33,0xff,0xe0,0x33,0x18,0x60,0x33,0x18,0x60,0x33,0x18,0x60,0x33,0xff,0xe0,0x33,0x18,0x60,0x32,0x18,0x00,0x30,0x18,0x00,0x30,0x18,0x00,0x30,0x18,0x00,0x30,0x08,0x10,0x3f,0xff,0xf8,0x30,0x00,0x00,0x00,0x00,0x00,0x00,0x00,0x00 } },
  { 0x4e0b, { 0x00,0x00,0x00,0x00,0x00,0x08,0x3f,0xff,0xfc,0x00,0x38,0x00,0x00,0x38,0x00,0x00,0x38,0x00,0x00,0x38,0x00,0x00,0x38,0x00,0x00,0x3e,0x00,0x00,0x3b,0x80,0x00,0x39,0xe0,0x00,0x38,0xf0,0x00,0x38,0x70,0x00,0x38,0x20,0x00,0x38,0x00,0x00,0x38,0x00,0x00,0x38,0x00,0x00,0x38,0x00,0x00,0x38,0x00,0x00,0x38,0x00,0x00,0x38,0x00,0x00,0x30,0x00,0x00,0x00,0x00,0x00,0x00,0x00 } },
  { 0x5148, { 0x00,0x00,0x00,0x00,0x30,0x00,0x00,0x30,0x00,0x06,0x30,0x00,0x06,0x30,0x00,0x0c,0x30,0x40,0x0f,0xff,0xe0,0x18,0x30,0x00,0x18,0x30,0x00,0x30,0x30,0x00,0x20,0x30,0x00,0x00,0x30,0x10,0x7f,0xff,0xf8,0x41,0x8c,0x00,0x01,0x8c,0x00,0x01,0x8c,0x00,0x01,0x8c,0x08,0x03,0x0c,0x18,0x03,0x0c,0x18,0x06,0x0c,0x18,0x0c,0x0e,0xfc,0x38,0x07,0xf8,0x60,0x00,0x00,0x00,0x00,0x00 } },
  { 0x95f2, { 0x00,0x00,0x00,0x0c,0x00,0x00,0x06,0x3f,0xfc,0x03,0x00,0x18,0x13,0x00,0x18,0x38,0x18,0x18,0x38,0x18,0x18,0x18,0x18,0x18,0x18,0x18,0x18,0x1b,0xff,0xd8,0x18,0x38,0x18,0x18,0x78,0x18,0x18,0x7c,0x18,0x18,0xdf,0x18,0x18,0xdb,0x98,0x19,0x99,0xd8,0x1b,0x18,0xd8,0x1e,0x18,0x58,0x1c,0x18,0x18,0x38,0x18,0xf8,0x38,0x18,0x78,0x30,0x00,0x30,0x00,0x00,0x00,0x00,0x00,0x00 } },
  { 0x663e, { 0x00,0x00,0x00,0x00,0x00,0x00,0x07,0xff,0xe0,0x06,0x00,0x60,0x06,0x00,0x60,0x06,0x00,0x60,0x07,0xff,0xe0,0x06,0x00,0x60,0x06,0x00,0x60,0x06,0x00,0x60,0x07,0xff,0xe0,0x06,0x00,0x60,0x00,0xe7,0x10,0x00,0xe6,0x18,0x18,0xe6,0x38,0x0c,0xe6,0x30,0x0e,0xe6,0x60,0x06,0xe6,0xc0,0x06,0xe7,0x80,0x00,0xe6,0x08,0x3f,0xff,0xfc,0x00,0x00,0x00,0x00,0x00,0x00,0x00,0x00,0x00 } },
  { 0x73b0, { 0x00,0x00,0x00,0x00,0xbf,0xf8,0x7f,0xb0,0x18,0x0c,0x30,0x18,0x0c,0x30,0x18,0x0c,0x33,0x18,0x0c,0x33,0x18,0x0c,0x33,0x18,0x0c,0x33,0x18,0x3f,0xb3,0x18,0x0c,0x33,0x18,0x0c,0x33,0x18,0x0c,0x33,0xd8,0x0c,0x36,0xd0,0x0c,0x06,0xc0,0x0d,0xc6,0xc4,0x0f,0x0c,0xc4,0x7c,0x0c,0xc4,0x70,0x18,0xc4,0x20,0x70,0xde,0x00,0xc0,0xfe,0x03,0x00,0x00,0x00,0x00,0x00,0x00,0x00,0x00 } },
  { 0x7ebf, { 0x00,0x06,0x00,0x07,0x06,0xc0,0x06,0x06,0x60,0x0c,0x06,0x30,0x0c,0x86,0x30,0x18,0xc6,0x18,0x19,0x9f,0xfc,0x31,0xbe,0x00,0x7f,0x06,0x00,0x32,0x06,0x1c,0x06,0x07,0xfc,0x0c,0xfe,0x00,0x18,0x06,0x30,0x3f,0xc3,0x38,0x3c,0x03,0x60,0x30,0x03,0xc0,0x00,0x03,0x84,0x07,0xc7,0x84,0x7e,0x0e,0xc4,0x70,0x38,0xec,0x00,0xe0,0x3c,0x00,0x00,0x1c,0x00,0x00,0x04,0x00,0x00,0x00 } },
  { 0x9650, { 0x00,0x00,0x00,0x3f,0x80,0x10,0x31,0xbf,0xf8,0x31,0x30,0x30,0x33,0x30,0x30,0x32,0x30,0x30,0x32,0x3f,0xf0,0x32,0x30,0x30,0x32,0x30,0x30,0x33,0x30,0x30,0x31,0xbf,0xf0,0x31,0xb2,0x30,0x31,0xb2,0x18,0x31,0xb2,0x38,0x3f,0xb3,0x60,0x37,0xb1,0xc0,0x33,0x31,0x80,0x30,0x30,0xc0,0x30,0x36,0x70,0x30,0x3c,0x3c,0x30,0x38,0x1c,0x30,0x10,0x08,0x00,0x00,0x00,0x00,0x00,0x00 } },
  { 0x4eab, { 0x00,0x00,0x00,0x00,0x30,0x00,0x00,0x18,0x00,0x00,0x0c,0x18,0x1f,0xff,0xfc,0x00,0x00,0x40,0x03,0xff,0xe0,0x03,0x00,0xc0,0x03,0x00,0xc0,0x03,0xff,0xc0,0x06,0x00,0xc0,0x00,0x00,0x20,0x0f,0xff,0xe0,0x00,0x01,0xe0,0x00,0x0f,0x00,0x00,0x1c,0x0c,0x7f,0xff,0xfe,0x00,0x18,0x00,0x00,0x18,0x00,0x00,0x18,0x00,0x00,0x98,0x00,0x00,0x78,0x00,0x00,0x30,0x00,0x00,0x00,0x00 } },
  { 0x54cd, { 0x00,0x00,0x00,0x00,0x03,0x00,0x00,0x03,0x00,0x00,0x06,0x00,0x00,0x04,0x08,0x3f,0x7f,0xfc,0x33,0x60,0x0c,0x33,0x60,0x0c,0x33,0x60,0x4c,0x33,0x6f,0xec,0x33,0x6c,0xcc,0x33,0x6c,0xcc,0x33,0x6c,0xcc,0x33,0x6c,0xcc,0x33,0x6c,0xcc,0x3f,0x6f,0xcc,0x33,0x6c,0xcc,0x32,0x68,0x0c,0x20,0x60,0x0c,0x00,0x60,0x0c,0x00,0x60,0xfc,0x00,0x60,0x38,0x00,0x60,0x18,0x00,0x00,0x00 } },
  { 0x60f3, { 0x00,0x00,0x00,0x06,0x00,0x00,0x06,0x00,0x00,0x06,0x1f,0xf8,0x06,0x98,0x30,0x7f,0xd8,0x30,0x06,0x1f,0xf0,0x0e,0x18,0x30,0x0f,0x98,0x30,0x1e,0xdf,0xf0,0x16,0xd8,0x30,0x36,0x18,0x30,0x66,0x1f,0xf0,0x46,0x18,0x30,0x06,0x70,0x00,0x00,0x30,0x00,0x13,0x98,0x20,0x13,0x18,0xb0,0x13,0x18,0x98,0x33,0x00,0x9c,0x73,0x01,0x88,0x21,0xff,0x80,0x00,0x00,0x00,0x00,0x00,0x00 } },
  { 0x5411, { 0x00,0x00,0x00,0x00,0x60,0x00,0x00,0x60,0x00,0x00,0xc0,0x00,0x00,0x80,0x00,0x3f,0xff,0xf8,0x30,0x00,0x30,0x30,0x00,0x30,0x30,0x00,0x30,0x30,0x00,0x30,0x31,0xff,0x30,0x31,0x86,0x30,0x31,0x86,0x30,0x31,0x86,0x30,0x31,0x86,0x30,0x31,0xfe,0x30,0x31,0x86,0x30,0x31,0x04,0x30,0x30,0x00,0x30,0x30,0x00,0x30,0x30,0x03,0xf0,0x30,0x00,0xf0,0x30,0x00,0x60,0x00,0x00,0x00 } },
  { 0x9879, { 0x00,0x00,0x00,0x00,0x00,0x0c,0x00,0x7f,0xfc,0x00,0x83,0x80,0x3f,0xc3,0x00,0x06,0x03,0x08,0x06,0x1f,0xfc,0x06,0x18,0x18,0x06,0x18,0x18,0x06,0x19,0x98,0x06,0x19,0x98,0x06,0x19,0x98,0x06,0x19,0x98,0x06,0x19,0x98,0x06,0xd9,0x98,0x0f,0x19,0x98,0x7c,0x13,0x98,0x30,0x03,0x60,0x00,0x03,0x30,0x00,0x06,0x1c,0x00,0x0c,0x0c,0x00,0x38,0x0c,0x00,0xc0,0x04,0x00,0x00,0x00 } },
  { 0x8c61, { 0x00,0x00,0x00,0x01,0x80,0x00,0x01,0xc0,0x00,0x03,0xff,0x00,0x06,0x06,0x00,0x1c,0x08,0x40,0x3f,0xff,0xe0,0x6c,0x30,0x60,0x0c,0x30,0x60,0x0f,0xff,0xe0,0x08,0x60,0x40,0x00,0xe0,0xe0,0x03,0xb1,0xe0,0x06,0x7f,0x00,0x1c,0xce,0x00,0x21,0x9d,0x00,0x07,0x3d,0x80,0x1c,0x6c,0xc0,0x21,0xcc,0x70,0x07,0x0c,0x3c,0x1f,0xfc,0x18,0x70,0x78,0x00,0x00,0x30,0x00,0x00,0x00,0x00 } },
  { 0x50cf, { 0x00,0x00,0x00,0x02,0x08,0x00,0x03,0x1c,0x40,0x07,0x3f,0xe0,0x06,0x30,0xc0,0x06,0x61,0x80,0x0c,0xff,0xf8,0x0c,0xe3,0x18,0x1c,0x63,0x18,0x1c,0x7f,0xf8,0x3c,0x66,0x18,0x2c,0x0c,0x10,0x4c,0x1e,0x70,0x0c,0x33,0xe0,0x0c,0xcf,0x40,0x0c,0x1d,0xe0,0x0c,0x33,0xa0,0x0c,0xc7,0xb0,0x0c,0x1d,0xb8,0x0c,0x31,0x9c,0x0c,0xe1,0x8e,0x0f,0x8f,0x80,0x0c,0x07,0x00,0x00,0x00,0x00 } },
  { 0x6d88, { 0x00,0x00,0x00,0x00,0x03,0x00,0x08,0x43,0x88,0x0e,0x33,0x1c,0x06,0x3b,0x38,0x06,0x5b,0x30,0x00,0x9b,0x60,0x60,0x83,0x40,0x30,0xbf,0xf8,0x19,0x30,0x18,0x19,0x30,0x18,0x01,0x3f,0xf8,0x03,0x30,0x18,0x02,0x30,0x18,0x06,0x30,0x18,0x06,0x3f,0xf8,0x3c,0x30,0x18,0x0c,0x30,0x18,0x0c,0x30,0x18,0x0c,0x30,0x18,0x0c,0x30,0xf8,0x0c,0x30,0xf0,0x04,0x20,0x30,0x00,0x00,0x00 } },
  { 0x9500, { 0x00,0x00,0x00,0x04,0x01,0x80,0x06,0x01,0x80,0x0c,0x31,0x8c,0x0c,0x99,0x98,0x0f,0xcd,0x90,0x18,0x0d,0xa0,0x18,0x01,0x88,0x10,0x9f,0xfc,0x3f,0xd8,0x18,0x2e,0x18,0x18,0x4e,0x18,0x18,0x0e,0x1f,0xf8,0x3f,0xd8,0x18,0x0e,0x18,0x18,0x0e,0x1f,0xf8,0x0e,0x18,0x18,0x0e,0x18,0x18,0x0f,0x98,0x18,0x0f,0x18,0x18,0x0e,0x18,0xf8,0x04,0x18,0x38,0x00,0x10,0x10,0x00,0x00,0x00 } },
  { 0x5c0f, { 0x00,0x00,0x00,0x00,0x18,0x00,0x00,0x1c,0x00,0x00,0x18,0x00,0x00,0x18,0x00,0x00,0x18,0x00,0x00,0x18,0x00,0x01,0x19,0x00,0x03,0x98,0x80,0x03,0x18,0x60,0x07,0x18,0x70,0x06,0x18,0x38,0x0c,0x18,0x1c,0x08,0x18,0x1c,0x10,0x18,0x0c,0x20,0x18,0x0c,0x00,0x18,0x00,0x00,0x18,0x00,0x00,0x18,0x00,0x01,0xf8,0x00,0x00,0x78,0x00,0x00,0x30,0x00,0x00,0x00,0x00,0x00,0x00,0x00 } },
  { 0x6548, { 0x00,0x00,0x00,0x00,0x03,0x00,0x06,0x03,0x80,0x07,0x03,0x00,0x03,0x23,0x00,0x7f,0xf6,0x00,0x00,0x06,0x08,0x0c,0xc7,0xfc,0x1c,0x6c,0x30,0x18,0x6c,0x30,0x30,0x2c,0x20,0x20,0x9e,0x60,0x40,0xd2,0x60,0x09,0x82,0x60,0x07,0x82,0x40,0x03,0x03,0xc0,0x03,0x81,0x80,0x06,0xc3,0x80,0x0c,0xc2,0xc0,0x18,0x4c,0x60,0x30,0x18,0x78,0x60,0x30,0x3c,0x00,0xc0,0x10,0x00,0x00,0x00 } },
  { 0x6821, { 0x00,0x00,0x00,0x04,0x06,0x00,0x06,0x03,0x00,0x06,0x03,0x80,0x06,0x01,0x08,0x06,0xff,0xfc,0x7f,0xc0,0x00,0x06,0x0c,0x40,0x0e,0x0e,0x30,0x0f,0x18,0x18,0x0f,0xb0,0x1c,0x1e,0xb0,0x6c,0x1e,0x48,0x70,0x16,0x08,0x60,0x36,0x0c,0xc0,0x26,0x04,0xc0,0x46,0x07,0x80,0x46,0x03,0x80,0x06,0x03,0x80,0x06,0x0f,0xc0,0x06,0x1c,0xf8,0x06,0x70,0x3e,0x05,0xc0,0x0c,0x00,0x00,0x00 } },
  { 0x4e9b, { 0x00,0x00,0x00,0x00,0x00,0x00,0x01,0x86,0x00,0x01,0x86,0x00,0x01,0x86,0x00,0x11,0x86,0x18,0x19,0x96,0x38,0x19,0xfe,0x60,0x19,0x87,0x80,0x19,0x86,0x04,0x19,0x86,0x04,0x19,0x86,0x04,0x19,0x9f,0x0e,0x1f,0xf3,0xfc,0x7e,0x00,0x00,0x30,0x00,0x00,0x00,0x00,0x60,0x07,0xff,0xf0,0x00,0x00,0x00,0x00,0x00,0x00,0x00,0x00,0x18,0x3f,0xff,0xfc,0x00,0x00,0x00,0x00,0x00,0x00 } },
  { 0x534f, { 0x00,0x00,0x00,0x0c,0x0c,0x00,0x0c,0x06,0x00,0x0c,0x06,0x00,0x0c,0x06,0x00,0x0c,0x06,0x20,0x0c,0x7f,0xf0,0x0c,0x86,0x20,0x7f,0xc4,0x20,0x0c,0x04,0x60,0x0c,0x0c,0x60,0x0c,0x4c,0x68,0x0c,0x4c,0x6c,0x0c,0xcc,0x6c,0x0d,0xcc,0x66,0x0d,0x88,0x66,0x0c,0x18,0x60,0x0c,0x10,0x60,0x0c,0x30,0x60,0x0c,0x60,0x60,0x0c,0x43,0xc0,0x0c,0x81,0xc0,0x0d,0x00,0x00,0x00,0x00,0x00 } },
  { 0x5199, { 0x00,0x00,0x00,0x08,0x00,0x08,0x0f,0xff,0xfc,0x18,0x00,0x18,0x19,0x80,0x10,0x39,0x80,0x20,0x01,0x80,0x20,0x03,0xff,0xf0,0x03,0x00,0x00,0x03,0x00,0x00,0x03,0x00,0x10,0x07,0xff,0xf8,0x02,0x00,0x18,0x00,0x00,0x18,0x00,0x01,0x30,0x3f,0xff,0xb0,0x00,0x00,0x30,0x00,0x00,0x30,0x00,0x00,0x30,0x00,0x07,0xf0,0x00,0x01,0xe0,0x00,0x00,0xc0,0x00,0x00,0x00,0x00,0x00,0x00 } },
  { 0x6cc4, { 0x00,0x00,0x00,0x10,0x03,0x20,0x0c,0x03,0x30,0x0e,0x33,0x30,0x06,0x33,0x30,0x04,0xb3,0x30,0x41,0x33,0x30,0x31,0x33,0x30,0x39,0x33,0x34,0x1a,0xff,0xfe,0x12,0x33,0x30,0x02,0x33,0x30,0x06,0x33,0x30,0x04,0x33,0x30,0x0c,0x33,0x30,0x3c,0x33,0x30,0x3c,0x33,0xf0,0x1c,0x33,0x30,0x1c,0x30,0x0c,0x1c,0x7f,0xfe,0x1c,0x20,0x00,0x18,0x00,0x00,0x00,0x00,0x00,0x00,0x00,0x00 } },
  { 0x5c51, { 0x00,0x00,0x00,0x07,0xff,0xfc,0x06,0x00,0x0c,0x06,0x00,0x0c,0x07,0xff,0xfc,0x06,0x03,0x0c,0x06,0x63,0x10,0x06,0x33,0x38,0x06,0x3b,0x60,0x06,0x13,0x48,0x06,0xff,0xfc,0x06,0xc0,0x18,0x06,0xc0,0x18,0x06,0xff,0xf8,0x04,0xc0,0x18,0x0c,0xc0,0x18,0x0c,0xff,0xf8,0x0c,0xc0,0x18,0x08,0xc0,0x18,0x18,0xc0,0x78,0x10,0xc0,0x78,0x20,0x40,0x10,0x00,0x00,0x00,0x00,0x00,0x00 } },
  { 0x5fc3, { 0x00,0x00,0x00,0x00,0x00,0x00,0x00,0x00,0x00,0x00,0x60,0x00,0x00,0x30,0x00,0x00,0x38,0x00,0x03,0x1c,0x00,0x03,0x9c,0x00,0x03,0x08,0x00,0x03,0x00,0x00,0x13,0x00,0x40,0x13,0x00,0x20,0x13,0x00,0x30,0x33,0x00,0x18,0x33,0x00,0x9c,0x73,0x00,0x98,0x63,0x00,0x88,0x03,0x00,0x80,0x03,0x00,0xc0,0x01,0xff,0xc0,0x01,0xff,0xc0,0x00,0x00,0x00,0x00,0x00,0x00,0x00,0x00,0x00 } },
  { 0x82af, { 0x00,0x00,0x00,0x00,0x00,0x00,0x01,0x86,0x00,0x01,0x87,0x00,0x01,0x86,0x18,0x7f,0xff,0xfc,0x41,0x86,0x00,0x01,0x86,0x00,0x01,0x86,0x00,0x00,0x60,0x00,0x02,0x30,0x00,0x03,0x38,0x00,0x03,0x18,0x00,0x13,0x18,0x60,0x33,0x00,0x30,0x33,0x00,0x98,0x73,0x00,0x9c,0x73,0x00,0x88,0x03,0x00,0x80,0x03,0xff,0xc0,0x03,0xff,0xc0,0x00,0x00,0x00,0x00,0x00,0x00,0x00,0x00,0x00 } },
  { 0x65b0, { 0x00,0x00,0x00,0x02,0x00,0x00,0x03,0x00,0x3c,0x01,0x13,0xfc,0x3f,0xfb,0x00,0x08,0x63,0x00,0x0c,0x63,0x00,0x06,0xc3,0x00,0x04,0x83,0x04,0x7f,0xfb,0xfe,0x01,0x83,0x30,0x01,0x93,0x30,0x3f,0xfb,0x30,0x01,0x83,0x30,0x09,0xc2,0x30,0x1d,0xe6,0x30,0x19,0xb6,0x30,0x11,0x96,0x30,0x21,0x9c,0x30,0x6f,0x88,0x30,0x47,0x10,0x30,0x02,0x20,0x30,0x00,0x00,0x00,0x00,0x00,0x00 } },
  { 0x4fe1, { 0x00,0x00,0x00,0x03,0x04,0x00,0x03,0x06,0x00,0x03,0x03,0x00,0x06,0x03,0x08,0x06,0xff,0xfc,0x0c,0x00,0x00,0x0c,0x00,0x10,0x1c,0x3f,0xf8,0x1c,0x00,0x00,0x3c,0x00,0x10,0x2c,0x7f,0xf8,0x4c,0x00,0x00,0x0c,0x00,0x00,0x0c,0x00,0x10,0x0c,0x3f,0xf8,0x0c,0x30,0x18,0x0c,0x30,0x18,0x0c,0x30,0x18,0x0c,0x30,0x18,0x0c,0x3f,0xf8,0x0c,0x30,0x18,0x0c,0x20,0x10,0x00,0x00,0x00 } },
  { 0x661f, { 0x00,0x00,0x00,0x00,0x00,0x00,0x07,0xff,0xe0,0x06,0x00,0x60,0x06,0x00,0x60,0x07,0xff,0xe0,0x06,0x00,0x60,0x06,0x00,0x60,0x07,0xff,0xe0,0x06,0x00,0x60,0x00,0x18,0x00,0x06,0x18,0x00,0x06,0x18,0x30,0x07,0xff,0xf8,0x0c,0x18,0x00,0x08,0x18,0x00,0x10,0x18,0x40,0x27,0xff,0xe0,0x00,0x18,0x00,0x00,0x18,0x00,0x00,0x18,0x08,0x3f,0xff,0xfc,0x00,0x00,0x00,0x00,0x00,0x00 } },
  { 0x884c, { 0x00,0x00,0x00,0x03,0x00,0x00,0x03,0x00,0x10,0x06,0x1f,0xf8,0x04,0x00,0x00,0x09,0x80,0x00,0x11,0x80,0x00,0x23,0x00,0x04,0x03,0x7f,0xfe,0x06,0x01,0x80,0x0f,0x01,0x80,0x1e,0x01,0x80,0x36,0x01,0x80,0x66,0x01,0x80,0x06,0x01,0x80,0x06,0x01,0x80,0x06,0x01,0x80,0x06,0x01,0x80,0x06,0x01,0x80,0x06,0x1f,0x80,0x06,0x07,0x80,0x06,0x03,0x00,0x00,0x00,0x00,0x00,0x00,0x00 } },
  { 0x5f62, { 0x00,0x00,0x00,0x00,0x04,0x10,0x3f,0xfe,0x38,0x06,0x30,0x30,0x06,0x30,0x60,0x06,0x30,0xc0,0x06,0x31,0x80,0x06,0x33,0x08,0x06,0x34,0x1c,0x3f,0xfe,0x38,0x06,0x30,0x30,0x06,0x30,0x60,0x06,0x31,0x80,0x06,0x33,0x00,0x04,0x36,0x0c,0x0c,0x30,0x1e,0x0c,0x30,0x38,0x08,0x30,0x70,0x18,0x30,0xe0,0x10,0x31,0x80,0x20,0x37,0x00,0x40,0x0c,0x00,0x00,0x00,0x00,0x00,0x00,0x00 } },
  { 0x578b, { 0x00,0x00,0x00,0x00,0x08,0x18,0x1f,0xfc,0x18,0x06,0x61,0x98,0x06,0x61,0x98,0x06,0x61,0x98,0x06,0x65,0x98,0x3f,0xff,0x98,0x06,0x61,0x98,0x06,0x61,0x98,0x06,0x61,0x98,0x04,0x60,0x98,0x0c,0x60,0xf8,0x18,0x60,0xf8,0x30,0x10,0x30,0x20,0x18,0x00,0x00,0x18,0x20,0x07,0xff,0xf0,0x04,0x18,0x00,0x00,0x18,0x00,0x00,0x18,0x08,0x3f,0xff,0xfc,0x00,0x00,0x00,0x00,0x00,0x00 } },
  { 0x9192, { 0x00,0x00,0x00,0x00,0x20,0x08,0x7f,0xff,0xfc,0x0d,0x0c,0x08,0x0d,0x0c,0x08,0x0d,0x0f,0xf8,0x3f,0xec,0x08,0x3d,0x6c,0x08,0x3d,0x6f,0xfc,0x3d,0x6c,0x88,0x3d,0x64,0xc0,0x39,0x6e,0xc8,0x39,0xef,0xfc,0x30,0x68,0xc0,0x30,0x78,0xc0,0x3f,0xf0,0xc8,0x30,0x67,0xfc,0x30,0x60,0xc0,0x30,0x60,0xc0,0x3f,0xe0,0xc4,0x30,0x7f,0xfe,0x30,0x40,0x00,0x00,0x00,0x00,0x00,0x00,0x00 } },
  { 0x6027, { 0x00,0x00,0x00,0x0c,0x01,0x00,0x0e,0x03,0x80,0x0c,0x31,0x80,0x0c,0x39,0x80,0x0c,0x31,0x80,0x0f,0x31,0x88,0x1d,0xbf,0xfc,0x3d,0xe1,0x80,0x3c,0x61,0x80,0x7c,0x41,0x80,0x6c,0xc1,0x80,0x0c,0x81,0x90,0x0c,0x3f,0xf8,0x0c,0x01,0x80,0x0c,0x01,0x80,0x0c,0x01,0x80,0x0c,0x01,0x80,0x0c,0x01,0x80,0x0c,0x01,0x84,0x0c,0xff,0xfe,0x0c,0x00,0x00,0x0c,0x00,0x00,0x00,0x00,0x00 } },
  { 0x51f6, { 0x00,0x00,0x00,0x00,0x00,0x00,0x00,0x01,0x00,0x02,0x01,0x80,0x01,0x03,0x80,0x18,0x83,0x18,0x18,0x66,0x18,0x18,0x36,0x18,0x18,0x1c,0x18,0x18,0x1c,0x18,0x18,0x1e,0x18,0x18,0x37,0x18,0x18,0x63,0x98,0x18,0xc1,0x98,0x19,0x81,0xd8,0x1b,0x00,0x98,0x1c,0x00,0x18,0x18,0x00,0x18,0x1f,0xff,0xf8,0x18,0x00,0x18,0x00,0x00,0x18,0x00,0x00,0x00,0x00,0x00,0x00,0x00,0x00,0x00 } },
  { 0x4fee, { 0x00,0x00,0x00,0x02,0x06,0x00,0x07,0x06,0x00,0x06,0x04,0x00,0x06,0x0f,0xf8,0x0c,0x0c,0x18,0x0d,0x92,0x30,0x0d,0xb3,0xe0,0x1d,0xa1,0xc0,0x1d,0x83,0xe0,0x2d,0x86,0x7e,0x6d,0x98,0xde,0x4d,0xe1,0xc0,0x0d,0x83,0x00,0x0d,0x8e,0x30,0x0d,0x98,0x70,0x0d,0x81,0xc4,0x0d,0x87,0x8e,0x0d,0x9c,0x3c,0x0c,0x30,0xf0,0x0c,0x03,0xc0,0x0c,0x1e,0x00,0x0c,0xf0,0x00,0x00,0x00,0x00 } },
  { 0x987b, { 0x00,0x00,0x00,0x00,0x00,0x0c,0x01,0xbf,0xfe,0x03,0x01,0x80,0x06,0x01,0x00,0x0c,0x03,0x08,0x18,0x1f,0xfc,0x30,0x98,0x0c,0x41,0xd8,0x0c,0x03,0x99,0x8c,0x06,0x19,0x8c,0x0c,0x19,0x8c,0x18,0x19,0x8c,0x30,0x19,0x8c,0x00,0xd9,0x8c,0x01,0xd9,0x8c,0x01,0x99,0x88,0x03,0x03,0xc0,0x0e,0x03,0x30,0x18,0x06,0x1c,0x30,0x0c,0x0c,0x00,0x38,0x0e,0x00,0xe0,0x04,0x00,0x00,0x00 } },
  { 0x9700, { 0x00,0x00,0x00,0x00,0x00,0x20,0x07,0xff,0xf0,0x04,0x18,0x00,0x1f,0xff,0xfc,0x18,0x18,0x0c,0x37,0xdb,0xd0,0x30,0x18,0x00,0x07,0xdb,0xc0,0x00,0x18,0x00,0x00,0x00,0x08,0x1f,0xff,0xfc,0x00,0x30,0x00,0x0f,0xff,0xf8,0x0c,0x66,0x30,0x0c,0x66,0x30,0x0c,0x66,0x30,0x0c,0x66,0x30,0x0c,0x66,0x30,0x0c,0x66,0x30,0x0c,0x42,0xf0,0x0c,0x00,0x20,0x00,0x00,0x00,0x00,0x00,0x00 } },
  { 0x8bb8, { 0x00,0x00,0x00,0x00,0x08,0x00,0x18,0x1c,0x00,0x0e,0x18,0x00,0x06,0x18,0x18,0x06,0x3f,0xfc,0x00,0x31,0x80,0x00,0x61,0x80,0x04,0x61,0x80,0x7e,0xc1,0x80,0x0c,0x81,0x80,0x0c,0x01,0x84,0x0c,0xff,0xfe,0x0c,0x01,0x80,0x0c,0x01,0x80,0x0c,0x01,0x80,0x0c,0xc1,0x80,0x0d,0x81,0x80,0x0f,0x01,0x80,0x0e,0x01,0x80,0x06,0x01,0x80,0x00,0x01,0x80,0x00,0x01,0x00,0x00,0x00,0x00 } },
  { 0x5e8f, { 0x00,0x00,0x00,0x00,0x18,0x00,0x00,0x0c,0x00,0x00,0x04,0x08,0x1f,0xff,0xfc,0x1c,0x00,0x00,0x1d,0xff,0xf0,0x1c,0x00,0x70,0x1c,0x10,0xc0,0x18,0x1f,0x00,0x18,0x0e,0x00,0x18,0x06,0x00,0x1b,0xff,0xfc,0x18,0x06,0x1c,0x18,0x06,0x10,0x18,0x06,0x10,0x18,0x06,0x00,0x10,0x06,0x00,0x10,0x06,0x00,0x30,0x06,0x00,0x20,0x26,0x00,0x40,0x3e,0x00,0x40,0x0c,0x00,0x00,0x00,0x00 } },
  { 0x7eed, { 0x00,0x00,0x00,0x04,0x03,0x00,0x06,0x03,0x00,0x0c,0x03,0x10,0x0c,0x3f,0xf8,0x18,0x03,0x00,0x19,0x83,0x00,0x31,0xff,0xfc,0x23,0x00,0x0e,0x7f,0x19,0x98,0x26,0x0d,0x80,0x04,0x4d,0x80,0x0c,0x31,0x80,0x18,0x19,0x80,0x3f,0x99,0x0c,0x38,0xff,0xfe,0x00,0x03,0x00,0x00,0x03,0x00,0x03,0x83,0xc0,0x7e,0x06,0x70,0x30,0x1c,0x38,0x00,0x78,0x1c,0x01,0xc0,0x08,0x00,0x00,0x00 } },
  { 0x9009, { 0x00,0x00,0x00,0x00,0x06,0x00,0x18,0x07,0x00,0x0c,0x36,0x00,0x0c,0x36,0x00,0x04,0x36,0x20,0x00,0x7f,0xf0,0x00,0x66,0x00,0x04,0x46,0x00,0x7e,0x86,0x08,0x0c,0xff,0xfc,0x0c,0x0d,0x80,0x0c,0x19,0x80,0x0c,0x19,0x80,0x0c,0x19,0x80,0x0c,0x11,0x80,0x0c,0x31,0x8c,0x0c,0x61,0x8c,0x1c,0xc1,0x8c,0x33,0x00,0xfc,0x61,0x80,0x00,0x60,0xff,0xfe,0x00,0x3f,0xfc,0x00,0x00,0x00 } },
  { 0x6e32, { 0x00,0x00,0x00,0x00,0x06,0x00,0x18,0x03,0x00,0x0c,0x43,0x00,0x0e,0x7f,0xfc,0x06,0xc0,0x0c,0x01,0xc0,0x18,0x61,0x80,0x20,0x33,0x3f,0xf0,0x3a,0x20,0x10,0x12,0x7f,0xf8,0x06,0x60,0x30,0x04,0x60,0x30,0x04,0x60,0x30,0x0c,0x7f,0xf0,0x3c,0x60,0x30,0x38,0x60,0x30,0x18,0x7f,0xf0,0x18,0x60,0x30,0x18,0x20,0x00,0x18,0x00,0x04,0x19,0xff,0xfe,0x00,0x00,0x00,0x00,0x00,0x00 } },
  { 0x524a, { 0x00,0x00,0x00,0x03,0x00,0x10,0x03,0x10,0x38,0x23,0x38,0x30,0x33,0x30,0x30,0x1b,0x63,0x30,0x1b,0x43,0x30,0x03,0x03,0x30,0x3f,0xf3,0x30,0x30,0x33,0x30,0x30,0x33,0x30,0x3f,0xf3,0x30,0x30,0x33,0x30,0x30,0x33,0x30,0x30,0x33,0x30,0x3f,0xf3,0x30,0x30,0x33,0x30,0x30,0x33,0x30,0x30,0x32,0x30,0x30,0x30,0x30,0x31,0xf1,0xf0,0x30,0xf0,0xf0,0x20,0x60,0x60,0x00,0x00,0x00 } },
  { 0x8840, { 0x00,0x00,0x00,0x00,0x00,0x00,0x00,0x30,0x00,0x00,0x38,0x00,0x00,0x30,0x00,0x00,0x60,0x00,0x00,0x40,0x20,0x0f,0xff,0xf0,0x0c,0x66,0x60,0x0c,0x66,0x60,0x0c,0x66,0x60,0x0c,0x66,0x60,0x0c,0x66,0x60,0x0c,0x66,0x60,0x0c,0x66,0x60,0x0c,0x66,0x60,0x0c,0x66,0x60,0x0c,0x66,0x60,0x0c,0x66,0x60,0x0c,0x66,0x6c,0x7f,0xff,0xfe,0x00,0x00,0x00,0x00,0x00,0x00,0x00,0x00,0x00 } },
  { 0x8be2, { 0x00,0x00,0x00,0x00,0x18,0x00,0x0c,0x1c,0x00,0x06,0x18,0x00,0x06,0x38,0x08,0x00,0x3f,0xfc,0x00,0x30,0x0c,0x00,0x60,0x8c,0x04,0x7f,0xcc,0x7e,0xf1,0x8c,0x0d,0xb1,0x8c,0x0d,0x31,0x8c,0x0c,0x3f,0x8c,0x0c,0x31,0x8c,0x0c,0x31,0x8c,0x0c,0x31,0x8c,0x0c,0xb1,0x8c,0x0d,0x3f,0x8c,0x0f,0x31,0x9c,0x0e,0x30,0x18,0x04,0x01,0xf8,0x00,0x00,0xf8,0x00,0x00,0x30,0x00,0x00,0x00 } },
  { 0x5faa, { 0x00,0x00,0x00,0x02,0x00,0x30,0x07,0x01,0xf8,0x0e,0x7f,0xc0,0x0c,0x60,0x80,0x18,0x61,0xc0,0x33,0x61,0x84,0x43,0xff,0xfe,0x07,0x61,0x80,0x06,0x61,0x80,0x0c,0x6f,0xfc,0x1c,0x6c,0x18,0x1c,0x6c,0x18,0x2c,0x6c,0x18,0x4c,0x6f,0xf8,0x0c,0x6c,0x18,0x0c,0x4c,0x18,0x0c,0xcf,0xf8,0x0c,0xcc,0x18,0x0c,0x8c,0x18,0x0d,0x8f,0xf8,0x0d,0x0c,0x18,0x0d,0x0c,0x08,0x00,0x00,0x00 } },
  { 0x8bad, { 0x00,0x00,0x00,0x08,0x30,0x18,0x0c,0x30,0x18,0x06,0x33,0x98,0x06,0x33,0x18,0x00,0x33,0x18,0x00,0x33,0x18,0x00,0x33,0x18,0x3e,0x33,0x18,0x0c,0x33,0x18,0x0c,0x33,0x18,0x0c,0x33,0x18,0x0c,0x33,0x18,0x0c,0x33,0x18,0x0c,0xb3,0x18,0x0d,0xa3,0x18,0x0f,0x63,0x18,0x06,0x63,0x18,0x0e,0xc3,0x18,0x05,0x80,0x18,0x01,0x00,0x18,0x02,0x00,0x10,0x00,0x00,0x00,0x00,0x00,0x00 } },
  { 0x538b, { 0x00,0x00,0x00,0x00,0x00,0x18,0x0f,0xff,0xfc,0x0c,0x00,0x00,0x0c,0x0c,0x00,0x0c,0x0c,0x00,0x0c,0x0c,0x00,0x0c,0x0c,0x00,0x0c,0x0c,0x00,0x0c,0x0c,0x30,0x0d,0xff,0xf8,0x0c,0x0c,0x00,0x0c,0x0c,0x00,0x0c,0x0c,0x80,0x0c,0x0c,0xe0,0x08,0x0c,0x70,0x18,0x0c,0x30,0x18,0x0c,0x20,0x10,0x0c,0x0c,0x3f,0xff,0xfe,0x20,0x00,0x00,0x40,0x00,0x00,0x00,0x00,0x00,0x00,0x00,0x00 } },
  { 0x54d1, { 0x00,0x00,0x00,0x00,0x00,0x00,0x00,0x00,0x30,0x7f,0xff,0xf8,0x66,0x1b,0x00,0x66,0x1b,0x00,0x66,0x1b,0x00,0x67,0x1b,0x30,0x67,0x1b,0x38,0x67,0x9b,0x30,0x66,0x9b,0x20,0x66,0xdb,0x60,0x66,0xdb,0x60,0x7e,0xdb,0x40,0x66,0xdb,0xc0,0x64,0x5b,0x80,0x60,0x1b,0x80,0x00,0x1b,0x00,0x00,0x1b,0x00,0x00,0x1b,0x18,0x07,0xff,0xfc,0x00,0x00,0x00,0x00,0x00,0x00,0x00,0x00,0x00 } },
  { 0x4e25, { 0x00,0x00,0x00,0x00,0x00,0x08,0x1f,0xff,0xfc,0x00,0x63,0x00,0x08,0x63,0x20,0x0c,0x63,0x30,0x06,0x63,0x60,0x07,0x63,0xc0,0x03,0x63,0x80,0x00,0x63,0x0c,0x1f,0xff,0xfe,0x18,0x00,0x00,0x18,0x00,0x00,0x18,0x00,0x00,0x18,0x00,0x00,0x18,0x00,0x00,0x18,0x00,0x00,0x10,0x00,0x00,0x10,0x00,0x00,0x30,0x00,0x00,0x20,0x00,0x00,0x40,0x00,0x00,0x00,0x00,0x00,0x00,0x00,0x00 } },
  { 0x6cbf, { 0x00,0x00,0x00,0x18,0x00,0x60,0x0c,0x1f,0xe0,0x06,0x18,0x60,0x04,0x98,0x60,0x00,0x98,0x60,0x01,0x18,0x60,0x61,0x10,0x60,0x3b,0x30,0x7c,0x1a,0x30,0x7e,0x02,0x60,0x00,0x06,0xc0,0x10,0x05,0x3f,0xf8,0x0c,0x30,0x38,0x0c,0x30,0x38,0x7c,0x30,0x38,0x18,0x30,0x38,0x18,0x30,0x38,0x18,0x30,0x38,0x18,0x3f,0xf8,0x18,0x30,0x38,0x08,0x20,0x10,0x00,0x00,0x00,0x00,0x00,0x00 } },
  { 0x63a9, { 0x00,0x00,0x00,0x0c,0x06,0x00,0x0e,0x07,0x00,0x0c,0x06,0x08,0x0c,0x7f,0xfc,0x0c,0x0c,0x80,0x7f,0x98,0xc0,0x0c,0x36,0x60,0x0c,0x27,0x30,0x0c,0xc6,0x38,0x0f,0xff,0xfe,0x0f,0x66,0x64,0x1c,0x66,0x60,0x7c,0x7f,0xe0,0x6c,0x66,0x60,0x0c,0x66,0x60,0x0c,0x66,0x60,0x0c,0x7f,0xe4,0x0c,0x66,0x64,0x0c,0x06,0x04,0x2c,0x06,0x06,0x3c,0x03,0xfc,0x08,0x00,0x00,0x00,0x00,0x00 } },
  { 0x773c, { 0x00,0x00,0x00,0x01,0x00,0x60,0x7f,0x7f,0xe0,0x63,0x60,0x60,0x63,0x60,0x60,0x63,0x60,0x60,0x63,0x7f,0xe0,0x7f,0x60,0x60,0x63,0x60,0x60,0x63,0x60,0x60,0x63,0x7f,0xe0,0x63,0x64,0x60,0x7f,0x64,0x10,0x63,0x64,0x78,0x63,0x62,0xe0,0x63,0x63,0x80,0x63,0x63,0x00,0x7f,0x61,0x80,0x63,0x66,0xc0,0x60,0x78,0x78,0x00,0x70,0x3c,0x00,0x20,0x10,0x00,0x00,0x00,0x00,0x00,0x00 } },
  { 0x9a8c, { 0x00,0x00,0x00,0x00,0x01,0x80,0x00,0x03,0x80,0x3f,0x83,0x80,0x01,0x83,0xc0,0x11,0x86,0x40,0x19,0x8c,0x60,0x19,0x8c,0x30,0x19,0x18,0x18,0x13,0x30,0x3e,0x33,0x2f,0xfc,0x33,0x08,0x00,0x3f,0xc0,0x10,0x10,0xd2,0x18,0x00,0xd3,0x18,0x00,0xdb,0x30,0x3e,0xd9,0xb0,0x70,0xcd,0xa0,0x01,0x8d,0x20,0x01,0x88,0x60,0x19,0x80,0x44,0x0f,0x3f,0xfe,0x06,0x00,0x00,0x00,0x00,0x00 } },
  { 0x6837, { 0x00,0x00,0x00,0x0c,0x00,0x30,0x0e,0x18,0x30,0x0e,0x0c,0x60,0x0e,0x0c,0x40,0x0e,0x84,0xc8,0x7f,0xff,0xfc,0x0e,0x03,0x00,0x0e,0x03,0x00,0x0e,0x03,0x10,0x0f,0x3f,0xf8,0x1f,0x83,0x00,0x1e,0x83,0x00,0x1e,0x83,0x00,0x3e,0x03,0x0c,0x2e,0x7f,0xfe,0x4e,0x43,0x00,0x4e,0x03,0x00,0x0e,0x03,0x00,0x0e,0x03,0x00,0x0e,0x03,0x00,0x0e,0x03,0x00,0x0c,0x03,0x00,0x00,0x00,0x00 } },
  { 0x9065, { 0x00,0x00,0x00,0x00,0x00,0x38,0x10,0x1f,0xf8,0x18,0xfc,0x10,0x0c,0x84,0x38,0x0c,0xc6,0x30,0x0c,0x67,0x60,0x00,0x72,0x40,0x00,0x30,0x20,0x7e,0x7f,0xf0,0x0c,0x42,0x00,0x0c,0x82,0x00,0x0c,0x02,0x08,0x0d,0xff,0xfc,0x0c,0x02,0x00,0x0c,0x62,0x30,0x0c,0x62,0x30,0x0c,0x62,0x30,0x0c,0x7f,0xf0,0x3a,0x60,0x30,0x71,0x80,0x00,0x60,0xff,0xfe,0x00,0x3f,0xfc,0x00,0x00,0x00 } },
  { 0x8981, { 0x00,0x00,0x00,0x00,0x00,0x08,0x3f,0xff,0xfc,0x00,0xc6,0x00,0x00,0xc6,0x20,0x0f,0xff,0xf0,0x0c,0xc6,0x30,0x0c,0xc6,0x30,0x0c,0xc6,0x30,0x0f,0xff,0xf0,0x0c,0x40,0x30,0x00,0x60,0x00,0x00,0xe0,0x0c,0x7f,0xff,0xfe,0x01,0x81,0x80,0x01,0x83,0x00,0x03,0x03,0x00,0x01,0xfe,0x00,0x00,0x1f,0xc0,0x00,0x70,0xf0,0x03,0xc0,0x38,0x7e,0x00,0x08,0x00,0x00,0x00,0x00,0x00,0x00 } },
  { 0x4e5f, { 0x00,0x00,0x00,0x00,0x30,0x00,0x00,0x30,0x00,0x00,0x30,0x00,0x0c,0x30,0x00,0x0c,0x30,0x60,0x0c,0x31,0xe0,0x0c,0x3e,0x60,0x0c,0x78,0x60,0x0f,0xf0,0x60,0x1e,0x30,0x60,0x7c,0x30,0x60,0x0c,0x30,0x60,0x0c,0x30,0xc0,0x0c,0x37,0xc0,0x0c,0x31,0x80,0x0c,0x31,0x18,0x0c,0x30,0x18,0x0c,0x00,0x18,0x0c,0x00,0x18,0x0e,0xff,0xfc,0x07,0xff,0xf8,0x00,0x00,0x00,0x00,0x00,0x00 } },
  { 0x4e1a, { 0x00,0x00,0x00,0x00,0x00,0x00,0x00,0xc6,0x00,0x00,0xe7,0x00,0x00,0xc7,0x00,0x00,0xc7,0x00,0x00,0xc7,0x00,0x20,0xc7,0x08,0x30,0xc7,0x1c,0x10,0xc7,0x18,0x18,0xc7,0x18,0x0c,0xc7,0x30,0x0c,0xc7,0x30,0x0e,0xc7,0x60,0x06,0xc7,0x40,0x06,0xc7,0xc0,0x06,0xc7,0x80,0x00,0xc7,0x00,0x00,0xc7,0x00,0x00,0xc7,0x00,0x00,0xc7,0x0c,0x7f,0xff,0xfe,0x00,0x00,0x00,0x00,0x00,0x00 } },
  { 0x9875, { 0x00,0x00,0x00,0x00,0x00,0x18,0x3f,0xff,0xfc,0x00,0x38,0x00,0x00,0x30,0x00,0x00,0x20,0x40,0x07,0xff,0xe0,0x06,0x00,0xe0,0x06,0x18,0xe0,0x06,0x18,0xe0,0x06,0x18,0xe0,0x06,0x18,0xe0,0x06,0x38,0xe0,0x06,0x30,0xe0,0x06,0x30,0xe0,0x06,0x30,0xc0,0x04,0x76,0x00,0x00,0x63,0xc0,0x00,0xc0,0xf0,0x03,0x80,0x78,0x0f,0x00,0x18,0x78,0x00,0x08,0x00,0x00,0x00,0x00,0x00,0x00 } },
  { 0x4e00, { 0x00,0x00,0x00,0x00,0x00,0x00,0x00,0x00,0x00,0x00,0x00,0x00,0x00,0x00,0x00,0x00,0x00,0x00,0x00,0x00,0x00,0x00,0x00,0x00,0x00,0x00,0x00,0x00,0x00,0x00,0x00,0x00,0x08,0x3f,0xff,0xfc,0x20,0x00,0x00,0x00,0x00,0x00,0x00,0x00,0x00,0x00,0x00,0x00,0x00,0x00,0x00,0x00,0x00,0x00,0x00,0x00,0x00,0x00,0x00,0x00,0x00,0x00,0x00,0x00,0x00,0x00,0x00,0x00,0x00,0x00,0x00,0x00 } },
  { 0x4f9d, { 0x00,0x00,0x00,0x03,0x0c,0x00,0x07,0x06,0x00,0x06,0x07,0x00,0x06,0x03,0x08,0x0c,0xff,0xfc,0x0c,0x06,0x00,0x0e,0x06,0x00,0x1c,0x0e,0x00,0x1c,0x1a,0x10,0x3c,0x1a,0x18,0x2c,0x33,0x30,0x4c,0x71,0x60,0x0c,0x71,0x80,0x0c,0xb1,0x80,0x0d,0x30,0x80,0x0c,0x30,0xc0,0x0c,0x31,0xe0,0x0c,0x32,0x70,0x0c,0x3c,0x38,0x0c,0x38,0x1e,0x0c,0x30,0x08,0x0c,0x00,0x00,0x00,0x00,0x00 } },
  { 0x79fb, { 0x00,0x00,0x00,0x00,0x01,0x00,0x03,0xc3,0x80,0x1f,0xc3,0x08,0x36,0x07,0xfc,0x06,0x0c,0x18,0x06,0x0a,0x30,0x06,0x53,0x60,0x7f,0xe1,0xc0,0x06,0x01,0xc0,0x06,0x03,0xc0,0x0f,0x8f,0x80,0x0e,0xdb,0xfc,0x1e,0xc6,0x0c,0x1e,0x4e,0x18,0x36,0x1b,0x18,0x26,0x23,0x30,0x46,0x01,0x60,0x06,0x01,0xc0,0x06,0x07,0x00,0x06,0x1c,0x00,0x06,0xe0,0x00,0x00,0x00,0x00,0x00,0x00,0x00 } },
  { 0x7591, { 0x00,0x00,0x00,0x30,0x00,0x20,0x33,0x9f,0xf0,0x37,0x00,0x70,0x38,0x00,0xc0,0x30,0x87,0x00,0x30,0x83,0x00,0x3f,0x83,0x10,0x30,0x7f,0xf8,0x30,0x03,0x38,0x3f,0x83,0x20,0x6c,0x3b,0x00,0x4c,0x33,0x20,0x0c,0xb3,0xf0,0x7f,0xf3,0x00,0x0c,0x33,0x00,0x0e,0x3b,0x00,0x0f,0x3f,0x00,0x19,0xe7,0x00,0x31,0x63,0xfc,0x60,0xc0,0x78,0x01,0x00,0x00,0x00,0x00,0x00,0x00,0x00,0x00 } },
  { 0x5df2, { 0x00,0x00,0x00,0x00,0x00,0x00,0x00,0x00,0xc0,0x1f,0xff,0xe0,0x00,0x00,0xc0,0x00,0x00,0xc0,0x00,0x00,0xc0,0x00,0x00,0xc0,0x18,0x00,0xc0,0x18,0x00,0xc0,0x1f,0xff,0xc0,0x18,0x00,0xc0,0x18,0x00,0x00,0x18,0x00,0x00,0x18,0x00,0x00,0x18,0x00,0x10,0x18,0x00,0x10,0x18,0x00,0x10,0x18,0x00,0x18,0x18,0x00,0x18,0x1b,0xff,0xb8,0x1f,0xff,0xf8,0x00,0x00,0x00,0x00,0x00,0x00 } },
  { 0x4ee5, { 0x00,0x00,0x00,0x00,0x00,0xc0,0x18,0x00,0xc0,0x18,0x80,0xc0,0x18,0xc0,0xc0,0x18,0x70,0xc0,0x18,0x30,0xc0,0x18,0x30,0xc0,0x18,0x20,0xc0,0x18,0x00,0xc0,0x18,0x00,0xc0,0x18,0x01,0xc0,0x18,0x21,0x80,0x18,0xc1,0x80,0x19,0x81,0x80,0x1f,0x03,0xc0,0x1e,0x07,0x60,0x18,0x0e,0x30,0x18,0x1c,0x38,0x00,0x70,0x18,0x01,0xc0,0x18,0x0f,0x00,0x00,0x00,0x00,0x00,0x00,0x00,0x00 } },
  { 0x4e49, { 0x00,0x00,0x00,0x00,0x60,0x00,0x00,0x30,0x00,0x00,0x18,0x60,0x00,0x1c,0xe0,0x02,0x18,0xe0,0x03,0x08,0xc0,0x01,0x00,0xc0,0x01,0x81,0xc0,0x00,0x81,0x80,0x00,0xc1,0x80,0x00,0x43,0x00,0x00,0x63,0x00,0x00,0x36,0x00,0x00,0x3e,0x00,0x00,0x1c,0x00,0x00,0x1c,0x00,0x00,0x36,0x00,0x00,0x63,0x80,0x01,0xc1,0xe0,0x07,0x00,0xf8,0x1c,0x00,0x7e,0x70,0x00,0x18,0x00,0x00,0x00 } },
  { 0x5fc6, { 0x00,0x00,0x00,0x0e,0x00,0x00,0x0e,0x00,0x20,0x0c,0x7f,0xf0,0x0c,0x00,0x60,0x0c,0x00,0xc0,0x0f,0x01,0xc0,0x3d,0x81,0x80,0x3d,0xc3,0x00,0x3c,0x83,0x00,0x6c,0x06,0x00,0x6c,0x0c,0x00,0x0c,0x0c,0x00,0x0c,0x18,0x00,0x0c,0x30,0x04,0x0c,0x30,0x04,0x0c,0x60,0x04,0x0c,0x60,0x0c,0x0c,0xc0,0x0c,0x0c,0xff,0xfe,0x0c,0x7f,0xfc,0x0e,0x00,0x00,0x0c,0x00,0x00,0x00,0x00,0x00 } },
  { 0x8bae, { 0x00,0x00,0x00,0x08,0x0c,0x00,0x0c,0x06,0x00,0x06,0x27,0x38,0x06,0x23,0x30,0x00,0x22,0x30,0x00,0x20,0x30,0x04,0x10,0x60,0x7e,0x10,0x60,0x0c,0x18,0x60,0x0c,0x08,0xc0,0x0c,0x0c,0xc0,0x0c,0x0d,0x80,0x0c,0x07,0x80,0x0c,0x47,0x00,0x0c,0xc3,0x00,0x0d,0x87,0x80,0x0f,0x0c,0xc0,0x0e,0x18,0x70,0x0c,0x70,0x3e,0x04,0xc0,0x1e,0x03,0x00,0x00,0x00,0x00,0x00,0x00,0x00,0x00 } },
  { 0x5f02, { 0x00,0x00,0x00,0x07,0xff,0xc0,0x06,0x00,0xe0,0x06,0x00,0xc0,0x06,0x00,0xc0,0x07,0xff,0xc0,0x06,0x00,0xd8,0x06,0x00,0x18,0x06,0x00,0x18,0x07,0xff,0xf8,0x00,0x00,0x00,0x00,0xc3,0x80,0x00,0xc3,0x80,0x00,0xc3,0x88,0x3f,0xff,0xfc,0x01,0x83,0x80,0x01,0x83,0x80,0x01,0x83,0x80,0x03,0x03,0x80,0x06,0x03,0x80,0x1c,0x03,0x80,0x70,0x01,0x00,0x00,0x00,0x00,0x00,0x00,0x00 } },
  { 0x8bd1, { 0x00,0x00,0x00,0x18,0x7f,0xf0,0x0c,0x20,0x70,0x06,0x10,0xe0,0x04,0x08,0xc0,0x00,0x0f,0x80,0x04,0x07,0x00,0x7e,0x0f,0xc0,0x0c,0x1c,0xfe,0x0c,0x72,0x3c,0x0d,0x83,0x00,0x0c,0x03,0x10,0x0c,0x3f,0xf8,0x0c,0x23,0x00,0x0c,0x83,0x04,0x0d,0xff,0xfe,0x0f,0x43,0x00,0x0e,0x03,0x00,0x0c,0x03,0x00,0x00,0x03,0x00,0x00,0x03,0x00,0x00,0x03,0x00,0x00,0x00,0x00,0x00,0x00,0x00 } },
  { 0x6613, { 0x00,0x00,0x00,0x03,0xff,0xc0,0x03,0x00,0xe0,0x03,0x00,0xc0,0x03,0x00,0xc0,0x03,0xff,0xc0,0x03,0x00,0xc0,0x03,0x00,0xc0,0x03,0xff,0xc0,0x03,0xc0,0xc0,0x01,0x80,0x00,0x03,0xff,0xf8,0x03,0x31,0x98,0x06,0x73,0x18,0x0c,0x63,0x18,0x10,0xc6,0x30,0x01,0x8e,0x30,0x07,0x0c,0x30,0x1c,0x18,0x30,0x00,0x73,0xe0,0x01,0xc1,0xe0,0x06,0x00,0xc0,0x00,0x00,0x00,0x00,0x00,0x00 } },
  { 0x9038, { 0x00,0x00,0x00,0x00,0x18,0x00,0x10,0x18,0x80,0x18,0x3f,0xc0,0x0c,0x31,0xc0,0x0c,0x61,0x80,0x0c,0x41,0x10,0x00,0xff,0xf8,0x01,0x66,0x18,0x04,0x66,0x18,0x7e,0x66,0x18,0x0c,0x7f,0xf8,0x0c,0x67,0x90,0x0c,0x07,0xc0,0x0c,0x0d,0xe0,0x0c,0x0d,0xb4,0x0c,0x19,0xb4,0x0c,0x31,0x94,0x0c,0x61,0x8c,0x1e,0xc0,0xfc,0x71,0x80,0x00,0x60,0xff,0xfe,0x00,0x3f,0xfc,0x00,0x00,0x00 } },
  { 0x610f, { 0x00,0x00,0x00,0x00,0x30,0x00,0x00,0x18,0x40,0x0f,0xff,0xe0,0x00,0xc3,0x00,0x00,0xc3,0x00,0x00,0x46,0x08,0x3f,0xff,0xfc,0x00,0x00,0x00,0x07,0xff,0xe0,0x06,0x00,0xc0,0x06,0x00,0xc0,0x07,0xff,0xc0,0x06,0x00,0xc0,0x07,0xff,0xe0,0x06,0x20,0x40,0x01,0x38,0x20,0x09,0x98,0x30,0x09,0x8c,0x98,0x19,0x88,0x8c,0x39,0x80,0xcc,0x31,0xff,0xc0,0x00,0x00,0x00,0x00,0x00,0x00 } },
  { 0x6ea2, { 0x00,0x00,0x00,0x00,0x40,0x40,0x18,0x30,0xe0,0x0e,0x38,0xc0,0x06,0x18,0x80,0x04,0x11,0x08,0x01,0xff,0xfc,0x41,0x10,0x00,0x31,0x18,0xc0,0x3a,0x30,0x70,0x1a,0x60,0x38,0x12,0xc0,0x18,0x07,0x80,0x08,0x05,0x7f,0xf0,0x0c,0x6d,0xb0,0x0c,0x6d,0xb0,0x78,0x6d,0xb0,0x38,0x6d,0xb0,0x18,0x6d,0xb0,0x18,0x6d,0xb0,0x18,0x6d,0xb4,0x3b,0xff,0xfe,0x18,0x00,0x00,0x00,0x00,0x00 } },
  { 0x56e0, { 0x00,0x00,0x00,0x3f,0xff,0xf8,0x18,0x00,0x1c,0x18,0x00,0x18,0x18,0x18,0x18,0x18,0x18,0x18,0x18,0x18,0x18,0x18,0x18,0x98,0x1b,0xff,0xd8,0x18,0x18,0x18,0x18,0x18,0x18,0x18,0x38,0x18,0x18,0x36,0x18,0x18,0x37,0x18,0x18,0x63,0x98,0x18,0x41,0x98,0x18,0x81,0xd8,0x1b,0x00,0x98,0x1e,0x00,0x18,0x1f,0xff,0xf8,0x18,0x00,0x18,0x30,0x00,0x18,0x00,0x00,0x00,0x00,0x00,0x00 } },
  { 0x5f15, { 0x00,0x00,0x00,0x00,0x00,0x60,0x1f,0xf8,0x70,0x00,0x18,0x60,0x00,0x18,0x60,0x00,0x18,0x60,0x00,0x18,0x60,0x0f,0xf8,0x60,0x0c,0x18,0x60,0x0c,0x00,0x60,0x18,0x08,0x60,0x1f,0xfc,0x60,0x18,0x18,0x60,0x00,0x18,0x60,0x00,0x18,0x60,0x00,0x18,0x60,0x00,0x18,0x60,0x00,0x30,0x60,0x00,0x30,0x60,0x03,0xf0,0x60,0x00,0xe0,0x60,0x00,0x80,0x60,0x00,0x00,0x00,0x00,0x00,0x00 } },
  { 0x9690, { 0x00,0x00,0x00,0x00,0x0c,0x00,0x7f,0x18,0x00,0x63,0x1f,0xc0,0x66,0x30,0xc0,0x66,0x31,0x80,0x64,0x61,0x00,0x6c,0x41,0x10,0x68,0xff,0xf8,0x64,0x80,0x30,0x62,0x7f,0xf0,0x63,0x00,0x30,0x63,0x00,0x30,0x63,0x7f,0xf0,0x6f,0x04,0x30,0x6f,0x06,0x00,0x64,0xb3,0x10,0x60,0xb3,0x18,0x61,0xb0,0x4c,0x61,0xb0,0x4c,0x63,0x3f,0xe8,0x60,0x1f,0xe0,0x60,0x00,0x00,0x00,0x00,0x00 } },
  { 0x5e94, { 0x00,0x00,0x00,0x00,0x08,0x00,0x00,0x0c,0x00,0x00,0x06,0x08,0x1f,0xff,0xfc,0x18,0x00,0x00,0x18,0x00,0x00,0x18,0x10,0x00,0x18,0x18,0x18,0x19,0x08,0x18,0x19,0x8c,0x38,0x18,0x8e,0x30,0x18,0xc6,0x30,0x18,0xe6,0x20,0x18,0x66,0x60,0x18,0x66,0x40,0x18,0x60,0x40,0x10,0x00,0xc0,0x30,0x00,0x80,0x30,0x01,0x8c,0x27,0xff,0xfe,0x64,0x00,0x00,0x40,0x00,0x00,0x00,0x00,0x00 } },
  { 0x82f1, { 0x00,0x00,0x00,0x00,0xc3,0x80,0x00,0xc1,0x8c,0x3f,0xff,0xfe,0x00,0xc1,0x80,0x00,0xd9,0x80,0x00,0x99,0x00,0x00,0x18,0x40,0x07,0xff,0xe0,0x06,0x18,0x60,0x06,0x18,0x60,0x06,0x18,0x60,0x06,0x18,0x60,0x06,0x38,0x6c,0x7f,0xff,0xfe,0x00,0x34,0x00,0x00,0x76,0x00,0x00,0x63,0x00,0x00,0xc1,0xc0,0x03,0x80,0xf0,0x0e,0x00,0x3c,0x38,0x00,0x08,0x00,0x00,0x00,0x00,0x00,0x00 } },
  { 0x5f71, { 0x00,0x00,0x00,0x3f,0xf8,0x10,0x18,0x18,0x38,0x18,0x18,0x30,0x1f,0xf8,0x60,0x18,0x18,0xc0,0x1f,0xf9,0x80,0x33,0x13,0x08,0x01,0x88,0x1c,0x7f,0xfc,0x18,0x00,0x00,0x30,0x1f,0xf8,0x60,0x18,0x18,0xc0,0x18,0x19,0x04,0x1f,0xfa,0x0e,0x11,0x90,0x0c,0x0d,0xc0,0x18,0x0d,0xb0,0x70,0x19,0x98,0xe0,0x31,0x99,0x80,0x67,0x07,0x00,0x43,0x18,0x00,0x00,0x00,0x00,0x00,0x00,0x00 } },
  { 0x6620, { 0x00,0x00,0x00,0x00,0x06,0x00,0x00,0x06,0x00,0x02,0x06,0x00,0x7f,0x06,0x00,0x63,0x7f,0xf0,0x63,0x66,0x60,0x63,0x66,0x60,0x63,0x66,0x60,0x63,0x66,0x60,0x7f,0x66,0x60,0x63,0x66,0x68,0x63,0xff,0xfc,0x63,0x07,0x00,0x63,0x0d,0x00,0x63,0x0d,0x00,0x63,0x0d,0x80,0x7f,0x18,0x80,0x63,0x30,0xc0,0x62,0x70,0x60,0x40,0xe0,0x78,0x01,0x80,0x3c,0x06,0x00,0x10,0x00,0x00,0x00 } },
  { 0x786c, { 0x00,0x00,0x00,0x00,0x80,0x04,0x3f,0xff,0xfe,0x26,0x01,0x80,0x0c,0x01,0x80,0x0c,0x3f,0xfc,0x0c,0x31,0x8c,0x08,0xb1,0x8c,0x1f,0xff,0xfc,0x19,0xb1,0x8c,0x39,0xb1,0x8c,0x39,0xb1,0x8c,0x59,0xbf,0xfc,0x19,0xb1,0x8c,0x19,0x91,0x80,0x19,0x89,0x00,0x1f,0x8f,0x00,0x19,0x87,0x00,0x18,0x07,0x80,0x18,0x18,0xf8,0x00,0x70,0x3e,0x01,0xc0,0x0c,0x00,0x00,0x00,0x00,0x00,0x00 } },
  { 0x6c38, { 0x00,0x00,0x00,0x00,0x70,0x00,0x00,0x18,0x00,0x00,0x0c,0x00,0x00,0x0c,0x00,0x00,0x08,0x00,0x03,0xfc,0x00,0x00,0x1c,0x38,0x00,0x1c,0x38,0x00,0x9c,0x60,0x3f,0xde,0xc0,0x01,0x9b,0x80,0x01,0x9b,0x00,0x03,0x1b,0x00,0x03,0x19,0x80,0x06,0x19,0x80,0x06,0x18,0xc0,0x0c,0x18,0x60,0x18,0x18,0x78,0x10,0x18,0x3e,0x20,0xf8,0x1c,0x40,0x78,0x00,0x00,0x30,0x00,0x00,0x00,0x00 } },
  { 0x7528, { 0x00,0x00,0x00,0x00,0x00,0x0c,0x07,0xff,0xfc,0x06,0x0c,0x0c,0x06,0x0c,0x0c,0x06,0x0c,0x0c,0x06,0x0c,0x0c,0x07,0xff,0xfc,0x06,0x0c,0x0c,0x06,0x0c,0x0c,0x06,0x0c,0x0c,0x06,0x0c,0x0c,0x06,0x0c,0x0c,0x07,0xff,0xfc,0x06,0x0c,0x0c,0x0c,0x0c,0x0c,0x0c,0x0c,0x0c,0x0c,0x0c,0x0c,0x08,0x0c,0x0c,0x18,0x0c,0xfc,0x10,0x0c,0x78,0x20,0x0c,0x18,0x00,0x00,0x00,0x00,0x00,0x00 } },
  { 0x4f18, { 0x00,0x00,0x00,0x03,0x08,0x00,0x03,0x0c,0x80,0x07,0x0c,0x60,0x06,0x0c,0x70,0x06,0x0c,0x30,0x0c,0x0c,0x10,0x0c,0x0c,0x08,0x1f,0xff,0xfc,0x1e,0x0d,0x80,0x3e,0x0d,0x80,0x6e,0x0d,0x80,0x4e,0x0d,0x80,0x0e,0x19,0x80,0x0e,0x19,0x80,0x0e,0x19,0x80,0x0e,0x19,0x84,0x0e,0x31,0x84,0x0e,0x31,0x84,0x0e,0x61,0x84,0x0e,0xc1,0xfe,0x0f,0x81,0xfe,0x07,0x00,0x00,0x00,0x00,0x00 } },
  { 0x7531, { 0x00,0x00,0x00,0x00,0x18,0x00,0x00,0x18,0x00,0x00,0x18,0x00,0x00,0x18,0x00,0x00,0x18,0x10,0x0f,0xff,0xf8,0x0c,0x18,0x18,0x0c,0x18,0x18,0x0c,0x18,0x18,0x0c,0x18,0x18,0x0c,0x18,0x18,0x0c,0x18,0x18,0x0f,0xff,0xf8,0x0c,0x18,0x18,0x0c,0x18,0x18,0x0c,0x18,0x18,0x0c,0x18,0x18,0x0c,0x18,0x18,0x0c,0x18,0x18,0x0f,0xff,0xf8,0x18,0x00,0x18,0x00,0x00,0x00,0x00,0x00,0x00 } },
  { 0x6709, { 0x00,0x00,0x00,0x00,0x30,0x00,0x00,0x38,0x00,0x00,0x30,0x0c,0x7f,0xff,0xfe,0x00,0x60,0x00,0x00,0xc0,0x00,0x00,0xc0,0x40,0x01,0xff,0xe0,0x03,0x80,0x60,0x07,0x80,0x60,0x05,0x80,0x60,0x09,0xff,0xe0,0x11,0x80,0x60,0x61,0x80,0x60,0x01,0x80,0x60,0x01,0xff,0xe0,0x01,0x80,0x60,0x01,0x80,0x60,0x01,0x80,0x60,0x01,0x80,0x60,0x01,0x83,0xc0,0x01,0x00,0xc0,0x00,0x00,0x00 } },
  { 0x53c8, { 0x00,0x00,0x00,0x00,0x00,0x60,0x0f,0xff,0xf0,0x01,0x00,0x60,0x01,0x00,0x40,0x01,0x00,0xc0,0x01,0x00,0xc0,0x00,0x80,0x80,0x00,0x81,0x80,0x00,0xc1,0x00,0x00,0x43,0x00,0x00,0x62,0x00,0x00,0x26,0x00,0x00,0x3c,0x00,0x00,0x1c,0x00,0x00,0x1c,0x00,0x00,0x77,0x00,0x00,0xc3,0x80,0x01,0x81,0xe0,0x07,0x00,0x7e,0x1c,0x00,0x3c,0x60,0x00,0x08,0x00,0x00,0x00,0x00,0x00,0x00 } },
  { 0x53f3, { 0x00,0x00,0x00,0x00,0x30,0x00,0x00,0x38,0x00,0x00,0x30,0x00,0x00,0x30,0x08,0x3f,0xff,0xfc,0x20,0x60,0x00,0x00,0x60,0x00,0x00,0xc0,0x00,0x00,0xc0,0x00,0x01,0x80,0x20,0x01,0xff,0xf0,0x03,0xc0,0x30,0x07,0xc0,0x30,0x05,0xc0,0x30,0x09,0xc0,0x30,0x11,0xc0,0x30,0x21,0xc0,0x30,0x41,0xc0,0x30,0x01,0xff,0xf0,0x01,0xc0,0x30,0x01,0x80,0x20,0x00,0x00,0x00,0x00,0x00,0x00 } },
  { 0x4e8e, { 0x00,0x00,0x00,0x00,0x00,0x60,0x07,0xff,0xf0,0x00,0x18,0x00,0x00,0x18,0x00,0x00,0x18,0x00,0x00,0x18,0x00,0x00,0x18,0x00,0x00,0x18,0x08,0x3f,0xff,0xfc,0x00,0x18,0x00,0x00,0x18,0x00,0x00,0x18,0x00,0x00,0x18,0x00,0x00,0x18,0x00,0x00,0x18,0x00,0x00,0x18,0x00,0x00,0x18,0x00,0x00,0x18,0x00,0x01,0xf8,0x00,0x00,0x78,0x00,0x00,0x30,0x00,0x00,0x00,0x00,0x00,0x00,0x00 } },
  { 0x4e0e, { 0x00,0x00,0x00,0x03,0x00,0x00,0x03,0x80,0x00,0x03,0x80,0x00,0x03,0x80,0x00,0x03,0x00,0x08,0x03,0xff,0xfc,0x03,0x00,0x00,0x03,0x00,0x00,0x03,0x00,0x00,0x03,0x00,0x10,0x03,0xff,0xf8,0x03,0x00,0x18,0x00,0x00,0x18,0x00,0x00,0x18,0x00,0x01,0x38,0x3f,0xff,0xb0,0x20,0x00,0x30,0x00,0x00,0x30,0x00,0x00,0x30,0x00,0x07,0xf0,0x00,0x03,0xe0,0x00,0x00,0xc0,0x00,0x00,0x00 } },
  { 0x8bed, { 0x00,0x00,0x00,0x10,0x00,0x10,0x1c,0xff,0xf8,0x0c,0x0c,0x00,0x0c,0x0c,0x20,0x00,0x7f,0xf0,0x00,0x0c,0x60,0x00,0x0c,0x60,0x7c,0x18,0x60,0x0c,0x18,0x64,0x0d,0xff,0xfe,0x0c,0x00,0x00,0x0c,0x00,0x10,0x0c,0x3f,0xf8,0x0c,0x30,0x30,0x0c,0xb0,0x30,0x0d,0x30,0x30,0x0e,0x30,0x30,0x0e,0x30,0x30,0x0c,0x3f,0xf0,0x00,0x30,0x30,0x00,0x30,0x10,0x00,0x00,0x00,0x00,0x00,0x00 } },
  { 0x9884, { 0x00,0x00,0x00,0x00,0x40,0x04,0x3f,0xff,0xfe,0x00,0xc1,0x80,0x01,0x81,0x80,0x0d,0x01,0x08,0x06,0x0f,0xfc,0x03,0x0c,0x0c,0x7f,0xfc,0xcc,0x06,0x6c,0xcc,0x06,0x4c,0xcc,0x06,0x8c,0xcc,0x06,0x0c,0xcc,0x06,0x0c,0xcc,0x06,0x0d,0x8c,0x06,0x0d,0x8c,0x06,0x0d,0xe8,0x06,0x01,0xb0,0x06,0x03,0x1c,0x1e,0x06,0x0e,0x0e,0x1c,0x06,0x04,0x60,0x04,0x00,0x00,0x00,0x00,0x00,0x00 } },
  { 0x57df, { 0x00,0x00,0x00,0x00,0x01,0xa0,0x0e,0x01,0xb8,0x0c,0x01,0x98,0x0c,0x01,0x88,0x0c,0x01,0x8c,0x0c,0xff,0xfe,0x0d,0x01,0x80,0x7f,0x81,0x80,0x0c,0x7f,0x98,0x0c,0x65,0x98,0x0c,0x65,0x98,0x0c,0x65,0xb0,0x0c,0x7c,0xb0,0x0c,0x64,0xe0,0x0c,0x80,0xe0,0x0f,0x06,0xe2,0x7c,0x7c,0xe2,0x61,0xe1,0xf2,0x01,0x83,0x3e,0x00,0x06,0x1e,0x00,0x18,0x0e,0x00,0x30,0x06,0x00,0x00,0x00 } },
  { 0x6108, { 0x00,0x00,0x00,0x00,0x18,0x00,0x00,0x38,0x00,0x00,0x7c,0x00,0x00,0xe6,0x00,0x01,0x83,0x80,0x07,0xff,0xf0,0x1c,0x00,0x7c,0x27,0xf0,0x78,0x04,0x36,0x60,0x07,0xf6,0x60,0x04,0x36,0x60,0x07,0xf6,0x60,0x04,0x36,0x60,0x04,0xf0,0x60,0x04,0x61,0xc0,0x05,0x18,0x00,0x01,0x8c,0x00,0x0d,0x8c,0x18,0x09,0x80,0xdc,0x19,0x80,0xcc,0x11,0xff,0xc0,0x00,0x00,0x00,0x00,0x00,0x00 } },
  { 0x539f, { 0x00,0x00,0x00,0x00,0x00,0x18,0x0f,0xff,0xfc,0x0c,0x04,0x00,0x0c,0x0e,0x00,0x0c,0x08,0x00,0x0c,0xff,0xf0,0x0c,0xc0,0x30,0x0c,0xc0,0x30,0x0c,0xff,0xf0,0x0c,0xc0,0x30,0x0c,0xc0,0x30,0x0c,0xc0,0x30,0x0c,0xff,0xf0,0x0c,0xc6,0x30,0x0c,0x06,0x00,0x0c,0x26,0x80,0x08,0x76,0x60,0x18,0xc6,0x38,0x19,0x86,0x1c,0x33,0x1e,0x0c,0x24,0x1e,0x04,0x40,0x04,0x00,0x00,0x00,0x00 } },
  { 0x6e90, { 0x00,0x00,0x00,0x18,0x00,0x0c,0x1c,0xff,0xfe,0x0c,0xc1,0xc0,0x05,0xc1,0x80,0x01,0xc1,0x00,0x01,0xcf,0xfc,0x62,0xcc,0x18,0x32,0xcc,0x18,0x32,0xcf,0xf8,0x16,0xcc,0x18,0x04,0xcc,0x18,0x04,0xcf,0xf8,0x0c,0xcd,0xd8,0x08,0xc1,0xc0,0x78,0x8d,0xe0,0x19,0x9d,0xd8,0x19,0x99,0xdc,0x1b,0x31,0xcc,0x3a,0x65,0xce,0x1c,0xc7,0x84,0x04,0x01,0x80,0x00,0x00,0x00,0x00,0x00,0x00 } },
  { 0x8fdc, { 0x00,0x00,0x00,0x00,0x00,0x00,0x18,0x00,0x20,0x0c,0x7f,0xf0,0x0c,0x00,0x00,0x0c,0x00,0x00,0x04,0x00,0x00,0x00,0x00,0x08,0x01,0xff,0xfc,0x04,0x19,0x80,0x7e,0x19,0x80,0x0c,0x19,0x80,0x0c,0x19,0x80,0x0c,0x11,0x88,0x0c,0x31,0x88,0x0c,0x31,0x88,0x0c,0x61,0x8c,0x0c,0xc0,0xfc,0x1f,0x80,0x00,0x73,0x80,0x00,0x60,0xff,0xfe,0x00,0x3f,0xfc,0x00,0x00,0x00,0x00,0x00,0x00 } },
  { 0x7ea6, { 0x00,0x00,0x00,0x06,0x02,0x00,0x06,0x07,0x00,0x06,0x06,0x00,0x0c,0x06,0x00,0x0c,0x4c,0x08,0x18,0xef,0xfc,0x18,0xd8,0x1c,0x31,0x98,0x1c,0x7f,0x30,0x1c,0x33,0x20,0x18,0x06,0x46,0x18,0x0c,0x07,0x18,0x08,0x43,0x18,0x3f,0x83,0x18,0x3e,0x00,0x18,0x30,0x00,0x18,0x00,0x20,0x18,0x03,0xc0,0x18,0x3e,0x03,0xf8,0x38,0x00,0xf8,0x00,0x00,0x60,0x00,0x00,0x00,0x00,0x00,0x00 } },
  { 0x8d8a, { 0x00,0x00,0x00,0x07,0x01,0x80,0x03,0x01,0xb0,0x03,0x41,0x98,0x3f,0xe1,0x98,0x03,0x01,0x84,0x03,0x0f,0xfe,0x03,0x0d,0x80,0x03,0x2c,0x88,0x7f,0xfc,0x9c,0x03,0x0c,0xd8,0x13,0x0c,0xd8,0x1b,0x2c,0xf0,0x1b,0xfc,0xf0,0x1b,0x0e,0x66,0x13,0x0e,0xe4,0x33,0x0c,0xb4,0x3f,0x01,0x1c,0x23,0x06,0x0c,0x21,0xfc,0x06,0x40,0x7f,0xfe,0x40,0x07,0xf8,0x00,0x00,0x00,0x00,0x00,0x00 } },
  { 0x4e91, { 0x00,0x00,0x00,0x00,0x00,0x00,0x00,0x00,0x60,0x07,0xff,0xf0,0x00,0x00,0x00,0x00,0x00,0x00,0x00,0x00,0x00,0x00,0x00,0x00,0x00,0x00,0x08,0x3f,0xff,0xfc,0x00,0x30,0x00,0x00,0x70,0x00,0x00,0x60,0x00,0x00,0xc3,0x00,0x00,0xc1,0x80,0x01,0x80,0xc0,0x03,0x00,0xe0,0x06,0x00,0x70,0x0f,0xff,0xf0,0x0f,0xf8,0x30,0x0e,0x00,0x30,0x00,0x00,0x00,0x00,0x00,0x00,0x00,0x00,0x00 } },
  { 0x5141, { 0x00,0x00,0x00,0x00,0x60,0x00,0x00,0x60,0x00,0x00,0xe0,0x00,0x01,0x80,0x00,0x03,0x03,0x00,0x06,0x01,0xc0,0x0c,0x00,0xe0,0x19,0xff,0xf0,0x3f,0xfc,0x70,0x19,0x8c,0x30,0x01,0x8c,0x00,0x01,0x8c,0x00,0x01,0x8c,0x00,0x01,0x8c,0x00,0x03,0x8c,0x00,0x03,0x0c,0x10,0x03,0x0c,0x10,0x07,0x0c,0x10,0x06,0x0c,0x18,0x0c,0x0f,0xfc,0x30,0x07,0xf8,0x60,0x00,0x00,0x00,0x00,0x00 } },
  { 0x8fd0, { 0x00,0x00,0x00,0x00,0x00,0x00,0x18,0x00,0x20,0x0c,0x7f,0xf0,0x0e,0x00,0x00,0x06,0x00,0x00,0x00,0x00,0x00,0x00,0x00,0x08,0x04,0xff,0xfc,0x7e,0x06,0x00,0x0c,0x06,0x00,0x0c,0x0c,0x00,0x0c,0x08,0x00,0x0c,0x18,0x60,0x0c,0x30,0x30,0x0c,0x6f,0xf8,0x0c,0x7f,0x98,0x0c,0x60,0x18,0x3e,0x00,0x00,0x71,0x80,0x00,0x60,0xff,0xfe,0x00,0x3f,0xfc,0x00,0x00,0x00,0x00,0x00,0x00 } },
  { 0x6742, { 0x00,0x00,0x00,0x00,0x60,0x00,0x00,0x60,0x00,0x07,0xff,0x80,0x0f,0xe3,0x00,0x00,0xc3,0x00,0x00,0xc3,0x08,0x01,0x83,0x08,0x03,0x03,0x08,0x06,0x03,0x0c,0x0c,0x1b,0xfc,0x30,0x18,0x00,0x00,0x18,0x18,0x3f,0xff,0xfc,0x30,0x18,0x00,0x01,0x18,0x00,0x03,0x9b,0x80,0x03,0x18,0xe0,0x06,0x18,0x70,0x0c,0x18,0x38,0x30,0xf8,0x18,0x60,0x78,0x08,0x00,0x30,0x00,0x00,0x00,0x00 } },
  { 0x518d, { 0x00,0x00,0x00,0x00,0x00,0x10,0x1f,0xff,0xf8,0x10,0x18,0x00,0x00,0x18,0x00,0x00,0x18,0x00,0x07,0xff,0xf0,0x06,0x18,0x60,0x06,0x18,0x60,0x06,0x18,0x60,0x07,0xff,0xe0,0x06,0x18,0x60,0x06,0x18,0x60,0x06,0x18,0x6c,0x7f,0xff,0xfe,0x06,0x00,0x60,0x06,0x00,0x60,0x06,0x00,0x60,0x06,0x00,0x60,0x06,0x03,0xe0,0x06,0x03,0xe0,0x04,0x00,0xc0,0x00,0x00,0x00,0x00,0x00,0x00 } },
  { 0x5728, { 0x00,0x00,0x00,0x00,0x30,0x00,0x00,0x30,0x00,0x00,0x30,0x00,0x00,0x60,0x18,0x3f,0xff,0xfc,0x00,0xc0,0x00,0x00,0xc6,0x00,0x01,0x86,0x00,0x01,0x86,0x00,0x07,0x06,0x00,0x06,0x06,0x10,0x0e,0xff,0xf8,0x1e,0x06,0x00,0x36,0x06,0x00,0x66,0x06,0x00,0x06,0x06,0x00,0x06,0x06,0x00,0x06,0x06,0x00,0x06,0x06,0x08,0x07,0xff,0xfc,0x06,0x00,0x00,0x04,0x00,0x00,0x00,0x00,0x00 } },
  { 0x8f7d, { 0x00,0x00,0x00,0x01,0x86,0x00,0x01,0x86,0x40,0x01,0x96,0x70,0x1f,0xfe,0x30,0x01,0x86,0x10,0x01,0x86,0x0c,0x7f,0xff,0xfe,0x03,0x03,0x00,0x06,0x13,0x10,0x3f,0xfb,0x18,0x0c,0x03,0x38,0x0d,0x83,0x30,0x19,0x93,0x60,0x1f,0xf9,0xe0,0x11,0x81,0xc0,0x01,0x81,0xc0,0x01,0xf1,0xc2,0x3f,0x83,0xe6,0x39,0x86,0x76,0x01,0x8c,0x3e,0x01,0x98,0x1e,0x01,0xa0,0x06,0x00,0x00,0x00 } },
  { 0x65e9, { 0x00,0x00,0x00,0x07,0xff,0xe0,0x06,0x00,0x60,0x06,0x00,0x60,0x06,0x00,0x60,0x06,0x00,0x60,0x07,0xff,0xe0,0x06,0x00,0x60,0x06,0x00,0x60,0x06,0x00,0x60,0x07,0xff,0xe0,0x06,0x18,0x60,0x00,0x18,0x00,0x00,0x18,0x0c,0x7f,0xff,0xfe,0x20,0x18,0x00,0x00,0x18,0x00,0x00,0x18,0x00,0x00,0x18,0x00,0x00,0x18,0x00,0x00,0x18,0x00,0x00,0x18,0x00,0x00,0x00,0x00,0x00,0x00,0x00 } },
  { 0x9020, { 0x00,0x00,0x00,0x00,0x03,0x00,0x18,0x03,0x00,0x1c,0x3b,0x00,0x0c,0x33,0x20,0x0c,0x3f,0xf0,0x00,0x63,0x00,0x00,0x43,0x00,0x00,0x83,0x0c,0x7f,0xff,0xfc,0x0c,0x00,0x00,0x0c,0x00,0x00,0x0c,0x3f,0xf0,0x0c,0x30,0x30,0x0c,0x30,0x30,0x0c,0x30,0x30,0x0c,0x30,0x30,0x0c,0x3f,0xf0,0x3e,0x30,0x30,0x71,0xa0,0x00,0x60,0xff,0xfe,0x00,0x3f,0xfc,0x00,0x00,0x00,0x00,0x00,0x00 } },
  { 0x5219, { 0x00,0x00,0x00,0x00,0x00,0x18,0x1f,0xf8,0x1c,0x18,0x18,0x18,0x18,0x19,0xd8,0x19,0x99,0x98,0x19,0x99,0x98,0x19,0x99,0x98,0x19,0x99,0x98,0x19,0x99,0x98,0x19,0x99,0x98,0x19,0x99,0x98,0x19,0x99,0x98,0x19,0x99,0x98,0x19,0x99,0x98,0x19,0x11,0x98,0x03,0xc1,0x98,0x03,0x70,0x18,0x06,0x38,0x18,0x0c,0x1c,0x18,0x08,0x0c,0xf8,0x30,0x0c,0x78,0x60,0x00,0x10,0x00,0x00,0x00 } },
  { 0x600e, { 0x00,0x00,0x00,0x01,0x00,0x00,0x03,0x80,0x00,0x03,0x00,0x20,0x07,0xff,0xf0,0x0c,0xc0,0x00,0x0c,0xc0,0x00,0x18,0xc0,0x80,0x30,0xff,0xc0,0x60,0xc0,0x00,0x40,0xc0,0x40,0x00,0xff,0xe0,0x00,0xc0,0x00,0x00,0xc0,0x00,0x00,0xa0,0x00,0x03,0x30,0x40,0x13,0x18,0x30,0x13,0x18,0xb8,0x33,0x08,0x98,0x33,0x00,0x9c,0x73,0x7f,0xc8,0x41,0xff,0xc0,0x00,0x00,0x00,0x00,0x00,0x00 } },
  { 0x589e, { 0x00,0x00,0x00,0x08,0x18,0x20,0x0e,0x0c,0x70,0x0c,0x0e,0x60,0x0c,0x04,0xc0,0x0c,0x7f,0xfc,0x0d,0x63,0x0c,0x7f,0xf3,0x2c,0x0c,0x7b,0x3c,0x0c,0x6f,0x6c,0x0c,0x6f,0x4c,0x0c,0x63,0x0c,0x0c,0x7f,0xfc,0x0c,0x60,0x1c,0x0c,0x3f,0xf8,0x0f,0xb0,0x18,0x1e,0x30,0x18,0x78,0x3f,0xf8,0x60,0x30,0x18,0x00,0x30,0x18,0x00,0x3f,0xf8,0x00,0x30,0x18,0x00,0x30,0x10,0x00,0x00,0x00 } },
  { 0x5360, { 0x00,0x00,0x00,0x00,0xe0,0x00,0x00,0xe0,0x00,0x00,0xc0,0x00,0x00,0xc0,0x00,0x00,0xc0,0x20,0x00,0xff,0xf0,0x00,0xc0,0x00,0x00,0xc0,0x00,0x00,0xc0,0x00,0x00,0xc0,0x00,0x00,0xc0,0x80,0x1f,0xff,0xc0,0x18,0x01,0xc0,0x18,0x01,0xc0,0x18,0x01,0xc0,0x18,0x01,0xc0,0x18,0x01,0xc0,0x18,0x01,0xc0,0x18,0x01,0xc0,0x1f,0xff,0xc0,0x18,0x01,0xc0,0x10,0x00,0x80,0x00,0x00,0x00 } },
  { 0x5f20, { 0x00,0x00,0x00,0x01,0x18,0x00,0x7f,0x18,0x00,0x03,0x18,0x20,0x03,0x18,0x70,0x03,0x18,0xe0,0x03,0x19,0x80,0x7f,0x1b,0x00,0x63,0x1c,0x00,0x60,0x18,0x10,0x60,0xff,0xf8,0x62,0x9a,0x00,0x7f,0x1a,0x00,0x46,0x1b,0x00,0x06,0x19,0x00,0x06,0x19,0x80,0x06,0x18,0xc0,0x06,0x18,0xe0,0x06,0x1f,0x78,0x7e,0x1c,0x3c,0x3c,0x38,0x10,0x18,0x10,0x00,0x00,0x00,0x00,0x00,0x00,0x00 } },
  { 0x957f, { 0x00,0x00,0x00,0x03,0x00,0x80,0x03,0x00,0xc0,0x03,0x01,0xc0,0x03,0x03,0x00,0x03,0x06,0x00,0x03,0x0c,0x00,0x03,0x30,0x00,0x03,0x60,0x00,0x03,0x00,0x08,0x7f,0xff,0xfc,0x03,0x10,0x00,0x03,0x18,0x00,0x03,0x08,0x00,0x03,0x0c,0x00,0x03,0x06,0x00,0x03,0x03,0x80,0x03,0x0d,0xe0,0x03,0x38,0xfc,0x03,0xe0,0x3e,0x03,0x80,0x08,0x03,0x00,0x00,0x00,0x00,0x00,0x00,0x00,0x00 } },
  { 0x6da8, { 0x00,0x00,0x00,0x30,0x13,0x00,0x19,0xfb,0x00,0x0c,0x1b,0x18,0x0c,0x1b,0x1c,0x02,0x1b,0x30,0x42,0x1b,0x60,0x63,0xfb,0x40,0x35,0x93,0x80,0x35,0x83,0x04,0x05,0x8f,0xfe,0x0d,0x9b,0x80,0x0b,0xfb,0xc0,0x09,0x33,0x40,0x18,0x33,0x60,0x78,0x33,0x60,0x38,0x33,0x30,0x18,0x33,0x30,0x18,0x33,0x5c,0x38,0x33,0x8e,0x39,0xe3,0x04,0x18,0xc3,0x00,0x00,0x00,0x00,0x00,0x00,0x00 } },
  { 0x627e, { 0x00,0x00,0x00,0x06,0x06,0x00,0x07,0x06,0x40,0x07,0x06,0x70,0x07,0x06,0x38,0x07,0x46,0x10,0x3f,0xe6,0x08,0x07,0x06,0xfc,0x07,0x7f,0xf0,0x07,0x06,0x00,0x07,0x66,0x10,0x07,0x86,0x38,0x1f,0x06,0x70,0x7f,0x06,0x60,0x67,0x07,0xc0,0x07,0x03,0x80,0x07,0x03,0x04,0x07,0x0f,0x84,0x07,0x19,0xc4,0x07,0x70,0xec,0x3e,0x40,0x7c,0x1e,0x00,0x3c,0x04,0x00,0x0e,0x00,0x00,0x00 } },
  { 0x7167, { 0x00,0x00,0x00,0x00,0x9f,0xf8,0x3f,0xc6,0x18,0x39,0x86,0x18,0x19,0x86,0x18,0x19,0x8c,0x30,0x19,0x8c,0xf0,0x1f,0x98,0x60,0x19,0xb0,0x10,0x19,0x8f,0xf8,0x19,0x8c,0x18,0x19,0x8c,0x18,0x19,0x8c,0x18,0x1f,0x8f,0xf8,0x39,0x8c,0x18,0x30,0x80,0x00,0x08,0x84,0x20,0x08,0xc6,0x30,0x18,0xc3,0x18,0x18,0xe3,0x0c,0x38,0x63,0x0c,0x30,0x40,0x0c,0x00,0x00,0x00,0x00,0x00,0x00 } },
  { 0x8005, { 0x00,0x00,0x00,0x00,0x30,0x00,0x00,0x30,0x60,0x00,0x36,0x70,0x0f,0xff,0xc0,0x00,0x31,0x80,0x00,0x33,0x80,0x00,0x37,0x0c,0x3f,0xff,0xfe,0x00,0x0c,0x00,0x00,0x38,0x00,0x01,0x70,0x40,0x01,0xff,0xe0,0x03,0x80,0xc0,0x0f,0x80,0xc0,0x19,0xff,0xc0,0x61,0x80,0xc0,0x01,0x80,0xc0,0x01,0x80,0xc0,0x01,0xff,0xc0,0x01,0x80,0xc0,0x01,0x80,0xc0,0x00,0x00,0x00,0x00,0x00,0x00 } },
  { 0x8fd9, { 0x00,0x00,0x00,0x00,0x00,0x00,0x18,0x0c,0x00,0x0c,0x06,0x00,0x0c,0x03,0x00,0x0c,0x02,0x08,0x00,0xff,0xfc,0x00,0x00,0xe0,0x04,0x00,0xc0,0x7e,0x20,0xc0,0x06,0x18,0xc0,0x06,0x0d,0x80,0x06,0x07,0x80,0x06,0x03,0x80,0x06,0x07,0xc0,0x06,0x0c,0xe0,0x06,0x18,0x70,0x0e,0x70,0x38,0x3f,0xc0,0x10,0x71,0x80,0x00,0x20,0xff,0xfe,0x00,0x1f,0xf8,0x00,0x00,0x00,0x00,0x00,0x00 } },
  { 0x7740, { 0x00,0x00,0x00,0x00,0x81,0x80,0x00,0xe1,0x80,0x00,0x63,0x08,0x1f,0xff,0xfc,0x10,0x18,0x00,0x00,0x30,0x40,0x07,0xff,0xe0,0x00,0x60,0x00,0x00,0x60,0x0c,0x3f,0xff,0xfc,0x00,0xc0,0x00,0x01,0xff,0xe0,0x03,0xc0,0x60,0x06,0xc0,0x60,0x0c,0xff,0xe0,0x18,0xc0,0x60,0x60,0xc0,0x60,0x00,0xff,0xe0,0x00,0xc0,0x60,0x00,0xc0,0x60,0x00,0xff,0xe0,0x00,0x80,0x60,0x00,0x00,0x00 } },
  { 0x9488, { 0x00,0x00,0x00,0x04,0x01,0x80,0x0e,0x01,0x80,0x0c,0x01,0x80,0x0c,0x41,0x80,0x0f,0xe1,0x80,0x18,0x01,0x80,0x18,0x01,0x80,0x30,0x81,0x84,0x3f,0xdf,0xfe,0x26,0x01,0x80,0x46,0x01,0x80,0x06,0x41,0x80,0x7f,0xe1,0x80,0x06,0x01,0x80,0x06,0x01,0x80,0x06,0x01,0x80,0x06,0xc1,0x80,0x07,0x81,0x80,0x07,0x01,0x80,0x0e,0x01,0x80,0x04,0x01,0x80,0x00,0x01,0x80,0x00,0x00,0x00 } },
  { 0x771f, { 0x00,0x00,0x00,0x00,0x30,0x00,0x00,0x30,0x00,0x00,0x30,0x30,0x3f,0xff,0xf0,0x00,0x30,0x00,0x00,0x21,0x00,0x07,0xff,0x80,0x06,0x01,0x80,0x07,0xff,0x80,0x06,0x01,0x80,0x06,0x01,0x80,0x07,0xff,0x80,0x06,0x01,0x80,0x07,0xff,0x80,0x06,0x01,0x80,0x06,0x01,0x88,0x7f,0xff,0xfc,0x01,0x86,0x00,0x03,0x83,0x80,0x06,0x00,0xe0,0x1c,0x00,0x70,0x30,0x00,0x30,0x00,0x00,0x00 } },
  { 0x9635, { 0x00,0x00,0x00,0x00,0x0c,0x00,0x00,0x0c,0x00,0x7f,0x0c,0x10,0x63,0xff,0xf8,0x62,0x18,0x00,0x66,0x18,0x00,0x64,0x13,0x00,0x64,0x33,0x00,0x68,0x33,0x00,0x64,0x23,0x10,0x62,0x7f,0xf0,0x63,0x63,0x00,0x63,0x03,0x00,0x63,0x03,0x00,0x73,0x03,0x08,0x7f,0xff,0xfc,0x66,0x43,0x00,0x60,0x03,0x00,0x60,0x03,0x00,0x60,0x03,0x00,0x60,0x03,0x00,0x60,0x03,0x00,0x00,0x00,0x00 } },
  { 0x6574, { 0x00,0x00,0x00,0x01,0x01,0x00,0x01,0x93,0x80,0x3f,0xfb,0x00,0x01,0x83,0xfc,0x01,0x86,0x30,0x1f,0xf7,0x30,0x19,0xbd,0x30,0x19,0xb9,0xe0,0x1f,0xf0,0xe0,0x1b,0xa0,0xc0,0x07,0xe1,0xf0,0x0d,0xb7,0x3c,0x19,0xbc,0x3e,0x6f,0xff,0xf0,0x00,0x18,0x00,0x00,0x18,0x40,0x03,0x9f,0xe0,0x03,0x18,0x00,0x03,0x18,0x00,0x03,0x18,0x08,0x3f,0xff,0xfc,0x00,0x00,0x00,0x00,0x00,0x00 } },
  { 0x6b63, { 0x00,0x00,0x00,0x00,0x00,0x00,0x00,0x00,0x08,0x1f,0xff,0xfc,0x00,0x0c,0x00,0x00,0x0c,0x00,0x00,0x0c,0x00,0x00,0x0c,0x00,0x02,0x0c,0x00,0x03,0x0c,0x00,0x03,0x0c,0x10,0x03,0x0f,0xf8,0x03,0x0c,0x00,0x03,0x0c,0x00,0x03,0x0c,0x00,0x03,0x0c,0x00,0x03,0x0c,0x00,0x03,0x0c,0x00,0x03,0x0c,0x00,0x03,0x0c,0x08,0x3f,0xff,0xfc,0x20,0x00,0x00,0x00,0x00,0x00,0x00,0x00,0x00 } },
  { 0x8bc1, { 0x00,0x00,0x00,0x00,0x00,0x00,0x10,0x00,0x08,0x18,0xff,0xfc,0x0c,0x03,0x00,0x0c,0x03,0x00,0x04,0x03,0x00,0x00,0x03,0x00,0x00,0x33,0x00,0x7c,0x33,0x00,0x0c,0x33,0x18,0x0c,0x33,0xfc,0x0c,0x33,0x00,0x0c,0x33,0x00,0x0c,0x33,0x00,0x0c,0x33,0x00,0x0d,0xb3,0x00,0x0f,0x33,0x00,0x0e,0x33,0x00,0x0c,0x33,0x04,0x0d,0xff,0xfe,0x00,0x00,0x00,0x00,0x00,0x00,0x00,0x00,0x00 } },
  { 0x5e27, { 0x00,0x00,0x00,0x0c,0x03,0x00,0x0c,0x03,0x00,0x0c,0x03,0x08,0x0c,0x03,0xfc,0x0c,0x83,0x00,0x7f,0xc3,0x00,0x6d,0xbf,0xf0,0x6d,0xb0,0x30,0x6d,0xb2,0x30,0x6d,0xb3,0x30,0x6d,0xb3,0x30,0x6d,0xb3,0x30,0x6d,0xb3,0x30,0x6d,0xb3,0x30,0x6f,0xb3,0x30,0x6d,0xb6,0x30,0x4c,0x06,0xc0,0x0c,0x04,0x60,0x0c,0x0c,0x30,0x0c,0x18,0x18,0x0c,0x60,0x18,0x0c,0x80,0x08,0x00,0x00,0x00 } },
  { 0x4e4b, { 0x00,0x00,0x00,0x00,0x00,0x00,0x00,0x60,0x00,0x00,0x30,0x00,0x00,0x38,0x00,0x00,0x18,0x00,0x00,0x10,0x80,0x3f,0xff,0xc0,0x00,0x01,0xc0,0x00,0x03,0x80,0x00,0x06,0x00,0x00,0x0c,0x00,0x00,0x18,0x00,0x00,0x30,0x00,0x00,0x60,0x00,0x00,0xc0,0x00,0x01,0x80,0x00,0x06,0x00,0x00,0x1f,0x00,0x00,0x79,0x80,0x00,0x60,0xff,0xfe,0x00,0x3f,0xf8,0x00,0x00,0x00,0x00,0x00,0x00 } },
  { 0x652f, { 0x00,0x00,0x00,0x00,0x18,0x00,0x00,0x18,0x00,0x00,0x18,0x00,0x00,0x18,0x08,0x3f,0xff,0xfc,0x00,0x18,0x00,0x00,0x18,0x00,0x00,0x18,0x00,0x00,0x18,0x80,0x07,0xff,0xc0,0x01,0x01,0xc0,0x01,0x81,0x80,0x00,0x83,0x00,0x00,0xc3,0x00,0x00,0x66,0x00,0x00,0x2c,0x00,0x00,0x38,0x00,0x00,0x3c,0x00,0x00,0xe7,0x00,0x03,0xc3,0xfc,0x0f,0x00,0xfc,0x78,0x00,0x18,0x00,0x00,0x00 } },
  { 0x77e5, { 0x00,0x00,0x00,0x06,0x00,0x00,0x06,0x00,0x00,0x04,0x00,0x00,0x0c,0x20,0x08,0x0f,0xf3,0xfc,0x19,0x83,0x0c,0x19,0x83,0x0c,0x11,0x83,0x0c,0x21,0x83,0x0c,0x01,0x93,0x0c,0x3f,0xfb,0x0c,0x21,0x03,0x0c,0x03,0x03,0x0c,0x03,0x83,0x0c,0x03,0x63,0x0c,0x06,0x33,0x0c,0x06,0x3b,0xfc,0x0c,0x1b,0x0c,0x08,0x1b,0x0c,0x10,0x02,0x0c,0x60,0x00,0x00,0x00,0x00,0x00,0x00,0x00,0x00 } },
  { 0x76f4, { 0x00,0x00,0x00,0x00,0x18,0x00,0x00,0x1c,0x00,0x00,0x18,0x18,0x1f,0xff,0xf8,0x10,0x18,0x00,0x00,0x10,0x40,0x07,0xff,0xe0,0x07,0x00,0xe0,0x07,0x00,0xe0,0x07,0xff,0xe0,0x07,0x00,0xe0,0x07,0x00,0xe0,0x07,0x00,0xe0,0x07,0xff,0xe0,0x07,0x00,0xe0,0x07,0x00,0xe0,0x07,0xff,0xe0,0x07,0x00,0xe0,0x07,0x00,0xe0,0x07,0x00,0xec,0x7f,0xff,0xfe,0x00,0x00,0x00,0x00,0x00,0x00 } },
  { 0x503c, { 0x00,0x00,0x00,0x02,0x06,0x00,0x03,0x06,0x00,0x06,0x06,0x08,0x06,0xff,0xfc,0x04,0x86,0x00,0x0c,0x06,0x20,0x0c,0x7f,0xf0,0x1c,0x60,0x30,0x1c,0x60,0x30,0x3c,0x60,0x30,0x2c,0x7f,0xf0,0x4c,0x60,0x30,0x4c,0x60,0x30,0x0c,0x7f,0xf0,0x0c,0x60,0x30,0x0c,0x60,0x30,0x0c,0x60,0x30,0x0c,0x7f,0xf0,0x0c,0x60,0x30,0x0c,0x60,0x34,0x0f,0xff,0xfe,0x0c,0x00,0x00,0x00,0x00,0x00 } },
  { 0x53ea, { 0x00,0x00,0x00,0x00,0x00,0x60,0x07,0xff,0xe0,0x03,0x00,0x60,0x03,0x00,0x60,0x03,0x00,0x60,0x03,0x00,0x60,0x03,0x00,0x60,0x03,0x00,0x60,0x03,0x00,0x60,0x03,0x00,0x60,0x07,0xff,0xe0,0x07,0x00,0x60,0x06,0x40,0x40,0x00,0xe3,0x00,0x00,0xc1,0x80,0x01,0x80,0xe0,0x03,0x00,0x70,0x06,0x00,0x30,0x0c,0x00,0x38,0x18,0x00,0x18,0x30,0x00,0x10,0x00,0x00,0x00,0x00,0x00,0x00 } },
  { 0x5740, { 0x00,0x00,0x00,0x0c,0x01,0x80,0x0e,0x01,0x80,0x0c,0x01,0x80,0x0c,0x01,0x80,0x0c,0x01,0x80,0x0c,0x01,0x80,0x0c,0x81,0x80,0x7f,0xf9,0x80,0x0c,0x39,0x88,0x0c,0x39,0xfc,0x0c,0x39,0x80,0x0c,0x39,0x80,0x0c,0x39,0x80,0x0c,0x39,0x80,0x0c,0x39,0x80,0x0d,0xf9,0x80,0x0f,0x39,0x80,0x7c,0x39,0x80,0x70,0x39,0x80,0x00,0x39,0x8c,0x01,0xff,0xfe,0x00,0x00,0x00,0x00,0x00,0x00 } },
  { 0x6307, { 0x00,0x00,0x00,0x06,0x10,0x00,0x06,0x18,0x00,0x06,0x18,0x30,0x06,0x18,0xf8,0x06,0x5b,0xc0,0x3f,0xfe,0x0c,0x06,0x18,0x0c,0x06,0x18,0x0c,0x06,0x18,0x0c,0x06,0xdf,0xfc,0x07,0x00,0x00,0x0e,0x1f,0xf8,0x7e,0x18,0x18,0x76,0x18,0x18,0x26,0x18,0x18,0x06,0x1f,0xf8,0x06,0x18,0x18,0x06,0x18,0x18,0x06,0x18,0x18,0x3e,0x1f,0xf8,0x1e,0x18,0x18,0x0c,0x18,0x10,0x00,0x00,0x00 } },
  { 0x81f3, { 0x00,0x00,0x00,0x00,0x00,0x00,0x00,0x00,0x18,0x3f,0xff,0xfc,0x00,0x30,0x00,0x00,0x60,0x00,0x00,0xc6,0x00,0x01,0x83,0x80,0x03,0x00,0xe0,0x06,0x00,0x70,0x1f,0xff,0xf0,0x0f,0xd8,0x30,0x00,0x18,0x00,0x00,0x18,0x00,0x00,0x18,0x20,0x0f,0xff,0xf0,0x00,0x18,0x00,0x00,0x18,0x00,0x00,0x18,0x00,0x00,0x18,0x00,0x00,0x18,0x0c,0x7f,0xff,0xfe,0x00,0x00,0x00,0x00,0x00,0x00 } },
  { 0x5fd7, { 0x00,0x00,0x00,0x00,0x18,0x00,0x00,0x18,0x00,0x00,0x18,0x00,0x00,0x18,0x00,0x00,0x18,0x10,0x1f,0xff,0xf8,0x00,0x18,0x00,0x00,0x18,0x00,0x00,0x18,0x00,0x00,0x18,0x60,0x07,0xff,0xf0,0x00,0x00,0x00,0x00,0x30,0x00,0x00,0x18,0x00,0x09,0x1c,0x00,0x09,0x8c,0x30,0x19,0x88,0xdc,0x19,0x80,0xcc,0x39,0x80,0xcc,0x31,0xbe,0xc4,0x01,0xff,0xc0,0x00,0x00,0x00,0x00,0x00,0x00 } },
  { 0x5236, { 0x00,0x00,0x00,0x01,0x80,0x0c,0x01,0x80,0x0c,0x01,0x80,0x0c,0x19,0x80,0x0c,0x19,0x91,0xcc,0x1f,0xf9,0x8c,0x31,0x81,0x8c,0x21,0x89,0x8c,0x7f,0xfd,0x8c,0x01,0x81,0x8c,0x01,0x81,0x8c,0x3f,0xf9,0x8c,0x31,0x99,0x8c,0x31,0x99,0x8c,0x31,0x99,0x8c,0x31,0x99,0x8c,0x31,0x98,0x0c,0x31,0xf8,0x0c,0x31,0x90,0x0c,0x01,0x80,0x7c,0x01,0x80,0x78,0x01,0x80,0x18,0x00,0x00,0x00 } },
  { 0x81f4, { 0x00,0x00,0x00,0x00,0x03,0x00,0x00,0x13,0x00,0x3f,0xfb,0x00,0x07,0x02,0x00,0x06,0x06,0x04,0x0c,0x87,0xfe,0x08,0x46,0x30,0x18,0x66,0x30,0x3f,0xfe,0x30,0x3e,0x3a,0x30,0x03,0x1a,0x20,0x03,0x13,0x60,0x03,0x23,0x60,0x3f,0xf1,0x60,0x23,0x01,0xc0,0x03,0x01,0xc0,0x03,0x01,0xc0,0x03,0x31,0xe0,0x07,0xe7,0x70,0x7e,0x0c,0x3e,0x70,0x38,0x0e,0x00,0x60,0x00,0x00,0x00,0x00 } },
  { 0x7f6e, { 0x00,0x00,0x00,0x00,0x00,0x00,0x0f,0xff,0xf8,0x0c,0x66,0x38,0x0c,0x66,0x38,0x0c,0x66,0x38,0x0f,0xff,0xf8,0x08,0x10,0x10,0x00,0x18,0x10,0x1f,0xff,0xf8,0x00,0x30,0x40,0x07,0xff,0xe0,0x07,0x00,0xc0,0x07,0x00,0xc0,0x07,0xff,0xc0,0x07,0x00,0xc0,0x07,0xff,0xc0,0x07,0x00,0xc0,0x07,0xff,0xc0,0x07,0x00,0xc0,0x07,0x00,0xc4,0x7f,0xff,0xfe,0x00,0x00,0x00,0x00,0x00,0x00 } },
  { 0x4e2d, { 0x00,0x00,0x00,0x00,0x18,0x00,0x00,0x18,0x00,0x00,0x18,0x00,0x00,0x18,0x00,0x00,0x18,0x10,0x1f,0xff,0xf8,0x18,0x18,0x18,0x18,0x18,0x18,0x18,0x18,0x18,0x18,0x18,0x18,0x18,0x18,0x18,0x18,0x18,0x18,0x1f,0xff,0xf8,0x18,0x18,0x18,0x10,0x18,0x10,0x00,0x18,0x00,0x00,0x18,0x00,0x00,0x18,0x00,0x00,0x18,0x00,0x00,0x18,0x00,0x00,0x18,0x00,0x00,0x10,0x00,0x00,0x00,0x00 } },
  { 0x949f, { 0x00,0x00,0x00,0x0c,0x01,0x80,0x0e,0x01,0x80,0x0c,0x01,0x80,0x0c,0x41,0x80,0x1f,0xe1,0x88,0x18,0x1f,0xfc,0x10,0x99,0x8c,0x3f,0xd9,0x8c,0x2e,0x19,0x8c,0x4e,0x19,0x8c,0x0e,0x19,0x8c,0x0e,0x59,0x8c,0x7f,0xff,0xfc,0x0e,0x19,0x8c,0x0e,0x11,0x88,0x0e,0x01,0x80,0x0e,0xc1,0x80,0x0f,0x81,0x80,0x0f,0x01,0x80,0x0e,0x01,0x80,0x04,0x01,0x80,0x00,0x01,0x80,0x00,0x00,0x00 } },
  { 0x79cd, { 0x00,0x00,0x00,0x00,0x01,0x80,0x00,0xc1,0xc0,0x07,0xe1,0x80,0x3f,0x01,0x80,0x03,0x01,0x80,0x03,0x01,0x88,0x03,0x5f,0xfc,0x7f,0xf9,0x8c,0x07,0x19,0x8c,0x07,0x19,0x8c,0x07,0x99,0x8c,0x0f,0xd9,0x8c,0x0f,0x7f,0xfc,0x1b,0x59,0x8c,0x13,0x19,0x80,0x23,0x01,0x80,0x43,0x01,0x80,0x03,0x01,0x80,0x07,0x01,0x80,0x07,0x01,0x80,0x07,0x01,0x80,0x06,0x00,0x80,0x00,0x00,0x00 } },
  { 0x91cd, { 0x00,0x00,0x00,0x00,0x00,0x00,0x00,0x01,0xc0,0x00,0xff,0xe0,0x07,0xf8,0x00,0x00,0x18,0x18,0x3f,0xff,0xfc,0x00,0x18,0x00,0x00,0x18,0x00,0x07,0xff,0xe0,0x06,0x18,0x60,0x06,0x18,0x60,0x07,0xff,0xe0,0x06,0x18,0x60,0x06,0x18,0x60,0x07,0xff,0xe0,0x06,0x18,0x60,0x00,0x18,0x20,0x0f,0xff,0xf0,0x08,0x18,0x00,0x00,0x18,0x0c,0x7f,0xff,0xfe,0x00,0x00,0x00,0x00,0x00,0x00 } },
  { 0x5468, { 0x00,0x00,0x00,0x07,0xff,0xfc,0x06,0x00,0x0c,0x06,0x0c,0x0c,0x06,0x0c,0x0c,0x06,0x0c,0x8c,0x06,0x7f,0xcc,0x06,0x4c,0x0c,0x06,0x0c,0x4c,0x07,0xff,0xec,0x06,0x00,0x0c,0x06,0x00,0x8c,0x06,0x7f,0xcc,0x06,0x60,0xcc,0x06,0x60,0xcc,0x04,0x60,0xcc,0x0c,0x7f,0xcc,0x0c,0x60,0xcc,0x08,0x60,0x8c,0x18,0x00,0xfc,0x10,0x00,0x78,0x20,0x00,0x10,0x00,0x00,0x00,0x00,0x00,0x00 } },
  { 0x9010, { 0x00,0x00,0x00,0x00,0x00,0x00,0x18,0x00,0x08,0x0c,0x7f,0xfc,0x0e,0x03,0x00,0x04,0x06,0x00,0x00,0x0e,0x08,0x00,0x32,0x1c,0x04,0x63,0x30,0x7e,0x87,0xc0,0x0c,0x0d,0x80,0x0c,0x39,0x80,0x0c,0x63,0xe0,0x0c,0x87,0xd8,0x0c,0x0c,0xdc,0x0c,0x18,0xce,0x0c,0x60,0xc4,0x0d,0x8f,0x80,0x3b,0x07,0x80,0x71,0x83,0x00,0x60,0xff,0xfe,0x00,0x3f,0xfc,0x00,0x00,0x00,0x00,0x00,0x00 } },
  { 0x4e3b, { 0x00,0x00,0x00,0x00,0x00,0x00,0x00,0x60,0x00,0x00,0x30,0x00,0x00,0x18,0x00,0x00,0x1c,0x00,0x00,0x08,0x18,0x1f,0xff,0xfc,0x00,0x18,0x00,0x00,0x18,0x00,0x00,0x18,0x00,0x00,0x18,0x00,0x00,0x18,0x00,0x00,0x18,0x20,0x0f,0xff,0xf0,0x04,0x18,0x00,0x00,0x18,0x00,0x00,0x18,0x00,0x00,0x18,0x00,0x00,0x18,0x00,0x00,0x18,0x08,0x7f,0xff,0xfc,0x00,0x00,0x00,0x00,0x00,0x00 } },
  { 0x4f4f, { 0x00,0x00,0x00,0x01,0x8c,0x00,0x03,0x86,0x00,0x03,0x07,0x00,0x03,0x03,0x00,0x06,0x02,0x08,0x06,0xff,0xfc,0x0c,0x03,0x00,0x1e,0x03,0x00,0x1e,0x03,0x00,0x3e,0x03,0x00,0x6e,0x03,0x10,0x4e,0x7f,0xf8,0x0e,0x03,0x00,0x0e,0x03,0x00,0x0e,0x03,0x00,0x0e,0x03,0x00,0x0e,0x03,0x00,0x0e,0x03,0x00,0x0e,0x03,0x08,0x0f,0xff,0xfc,0x0c,0x00,0x00,0x00,0x00,0x00,0x00,0x00,0x00 } },
  { 0x6ce8, { 0x00,0x00,0x00,0x10,0x0c,0x00,0x1c,0x06,0x00,0x0e,0x07,0x00,0x06,0x03,0x00,0x04,0x82,0x08,0x01,0x7f,0xfc,0x41,0x43,0x00,0x73,0x03,0x00,0x3a,0x03,0x00,0x1a,0x03,0x00,0x06,0x03,0x10,0x04,0x7f,0xf8,0x04,0x03,0x00,0x0c,0x03,0x00,0x7c,0x03,0x00,0x38,0x03,0x00,0x18,0x03,0x00,0x18,0x03,0x00,0x18,0x03,0x0c,0x39,0xff,0xfe,0x18,0x00,0x00,0x00,0x00,0x00,0x00,0x00,0x00 } },
  { 0x6293, { 0x00,0x00,0x00,0x06,0x00,0x00,0x06,0x00,0x38,0x06,0x01,0xfc,0x06,0x3f,0xe0,0x06,0xb3,0x60,0x7f,0xf3,0x20,0x06,0x33,0x20,0x06,0x33,0x20,0x06,0x33,0x20,0x06,0xf3,0x20,0x07,0x33,0x20,0x1e,0x33,0x30,0x7e,0x33,0x30,0x66,0x33,0x30,0x06,0x23,0x30,0x06,0x63,0x18,0x06,0x63,0x18,0x06,0x43,0x18,0x06,0xc3,0x0c,0x3e,0x83,0x0e,0x1d,0x03,0x00,0x0a,0x00,0x00,0x00,0x00,0x00 } },
  { 0x4e13, { 0x00,0x00,0x00,0x00,0x30,0x00,0x00,0x30,0x00,0x00,0x30,0x00,0x00,0x30,0x20,0x0f,0xff,0xf0,0x08,0x60,0x00,0x00,0x60,0x00,0x00,0x60,0x0c,0x7f,0xff,0xfc,0x00,0xc0,0x00,0x00,0xc0,0x00,0x00,0xc0,0x00,0x00,0xc0,0x00,0x01,0xff,0xe0,0x00,0x80,0xe0,0x00,0x00,0xc0,0x00,0x01,0x80,0x00,0xe2,0x00,0x00,0x3c,0x00,0x00,0x0f,0x00,0x00,0x07,0x00,0x00,0x01,0x00,0x00,0x00,0x00 } },
  { 0x8f6c, { 0x00,0x00,0x00,0x06,0x01,0x80,0x06,0x01,0xc0,0x0c,0x01,0x80,0x0c,0x41,0x88,0x7f,0xff,0xfc,0x0c,0x03,0x00,0x1a,0x03,0x00,0x1b,0x03,0x00,0x1b,0x03,0x04,0x33,0x5f,0xfe,0x3f,0xe6,0x00,0x23,0x06,0x00,0x03,0x0f,0xf8,0x03,0x04,0x38,0x03,0xe0,0x30,0x3f,0x00,0x60,0x7b,0x08,0x40,0x23,0x07,0x80,0x03,0x03,0xc0,0x03,0x00,0xe0,0x03,0x00,0x70,0x03,0x00,0x20,0x00,0x00,0x00 } },
  { 0x6869, { 0x00,0x00,0x00,0x04,0x03,0x00,0x06,0x01,0x80,0x06,0x00,0xc0,0x06,0x00,0xc8,0x06,0xbf,0xfc,0x3f,0xf0,0x80,0x06,0x30,0xc0,0x0e,0x30,0xc0,0x0f,0x30,0xc0,0x0f,0xb0,0xc0,0x0f,0xb0,0xc8,0x1e,0xb7,0xfc,0x16,0x30,0xc0,0x36,0x30,0xc0,0x26,0x30,0xc0,0x46,0x30,0xc0,0x46,0x20,0xc0,0x06,0x60,0xc0,0x06,0x40,0xc4,0x06,0xbf,0xfe,0x07,0x80,0x00,0x05,0x00,0x00,0x00,0x00,0x00 } },
  { 0x88c5, { 0x00,0x00,0x00,0x01,0x83,0x00,0x01,0x83,0x80,0x31,0x83,0x00,0x1d,0x83,0x08,0x0d,0xff,0xfc,0x0d,0x83,0x00,0x03,0x83,0x00,0x0d,0x83,0x00,0x79,0x83,0x10,0x31,0xbf,0xf8,0x01,0xb8,0x00,0x01,0x98,0x08,0x3f,0xff,0xfc,0x20,0x78,0x20,0x00,0xec,0x30,0x01,0xc6,0x60,0x07,0xc3,0x80,0x0e,0xc1,0x80,0x38,0xcc,0xe0,0x40,0xf8,0x7e,0x01,0xe0,0x3e,0x00,0x80,0x08,0x00,0x00,0x00 } },
  { 0x72b6, { 0x00,0x00,0x00,0x03,0x06,0x00,0x03,0x07,0x40,0x03,0x06,0x30,0x03,0x06,0x38,0x23,0x06,0x18,0x33,0x06,0x00,0x1b,0x06,0x0c,0x1b,0x7f,0xfc,0x03,0x47,0x00,0x03,0x07,0x80,0x03,0x06,0x80,0x07,0x06,0x80,0x1b,0x06,0xc0,0x33,0x0c,0xc0,0x63,0x0c,0x60,0x23,0x0c,0x60,0x03,0x18,0x30,0x03,0x10,0x38,0x03,0x20,0x1c,0x03,0x40,0x0e,0x03,0x80,0x00,0x00,0x00,0x00,0x00,0x00,0x00 } },
  { 0x649e, { 0x00,0x00,0x00,0x0e,0x04,0x00,0x0c,0x07,0x00,0x0c,0x03,0x10,0x0c,0x7f,0xf8,0x0c,0x50,0x60,0x7f,0x98,0xc0,0x0c,0x08,0x88,0x0c,0xff,0xfc,0x0c,0x00,0x10,0x0c,0xff,0xf8,0x0f,0x63,0x30,0x0e,0x63,0x30,0x7c,0x7f,0xf0,0x6c,0x63,0x30,0x0c,0x7f,0xf0,0x0c,0x63,0x10,0x0c,0x03,0x10,0x0c,0x7f,0xf8,0x0c,0x03,0x00,0x6c,0x03,0x04,0x3d,0xff,0xfe,0x18,0x00,0x00,0x00,0x00,0x00 } },
  { 0x8ffd, { 0x00,0x00,0x00,0x00,0x06,0x00,0x10,0x06,0x00,0x18,0x04,0x20,0x0c,0x7f,0xf0,0x0c,0x60,0x30,0x0c,0x60,0x30,0x00,0x60,0x30,0x00,0x60,0x30,0x04,0x7f,0xf0,0x7e,0x60,0x20,0x0c,0x60,0x00,0x0c,0x60,0x10,0x0c,0x7f,0xf8,0x0c,0x60,0x30,0x0c,0x60,0x30,0x0c,0x60,0x30,0x0c,0x7f,0xf0,0x0c,0x60,0x30,0x3b,0x60,0x00,0x71,0x80,0x00,0x60,0xff,0xfe,0x00,0x3f,0xf8,0x00,0x00,0x00 } },
  { 0x8d44, { 0x00,0x00,0x00,0x00,0x18,0x00,0x1c,0x18,0x10,0x0e,0xbf,0xf8,0x05,0x30,0x30,0x03,0x66,0x60,0x06,0xc6,0x40,0x3c,0x0f,0x00,0x1c,0x0d,0x80,0x18,0x38,0xe0,0x18,0xe0,0x7c,0x1b,0x80,0x38,0x07,0xff,0xe0,0x06,0x00,0xc0,0x06,0x18,0xc0,0x06,0x18,0xc0,0x06,0x18,0xc0,0x06,0x30,0xc0,0x06,0x30,0x40,0x00,0x7f,0x00,0x00,0xe3,0xf0,0x07,0x80,0x78,0x3c,0x00,0x18,0x00,0x00,0x00 } },
  { 0x5b57, { 0x00,0x00,0x00,0x00,0x30,0x00,0x00,0x18,0x00,0x00,0x18,0x00,0x08,0x08,0x08,0x0f,0xff,0xfc,0x18,0x00,0x18,0x18,0x00,0x10,0x37,0xff,0xe0,0x00,0x01,0xc0,0x00,0x03,0x00,0x00,0x06,0x00,0x00,0x18,0x00,0x00,0x18,0x0c,0x7f,0xff,0xfe,0x00,0x18,0x00,0x00,0x18,0x00,0x00,0x18,0x00,0x00,0x18,0x00,0x00,0x18,0x00,0x00,0x98,0x00,0x00,0xf8,0x00,0x00,0x30,0x00,0x00,0x00,0x00 } },
  { 0x81ea, { 0x00,0x00,0x00,0x00,0x60,0x00,0x00,0x70,0x00,0x00,0x40,0x00,0x00,0xc0,0x40,0x0f,0xff,0xe0,0x0c,0x00,0xc0,0x0c,0x00,0xc0,0x0c,0x00,0xc0,0x0c,0x00,0xc0,0x0f,0xff,0xc0,0x0c,0x00,0xc0,0x0c,0x00,0xc0,0x0c,0x00,0xc0,0x0c,0x00,0xc0,0x0f,0xff,0xc0,0x0c,0x00,0xc0,0x0c,0x00,0xc0,0x0c,0x00,0xc0,0x0c,0x00,0xc0,0x0f,0xff,0xc0,0x0c,0x00,0xc0,0x0c,0x00,0xc0,0x00,0x00,0x00 } },
  { 0x5b50, { 0x00,0x00,0x00,0x00,0x00,0x30,0x0f,0xff,0xf8,0x00,0x00,0x70,0x00,0x00,0xc0,0x00,0x03,0x00,0x00,0x16,0x00,0x00,0x1c,0x00,0x00,0x1c,0x00,0x00,0x18,0x0c,0x7f,0xff,0xfe,0x00,0x18,0x00,0x00,0x18,0x00,0x00,0x18,0x00,0x00,0x18,0x00,0x00,0x18,0x00,0x00,0x18,0x00,0x00,0x18,0x00,0x00,0x18,0x00,0x01,0xf8,0x00,0x00,0xf8,0x00,0x00,0x30,0x00,0x00,0x00,0x00,0x00,0x00,0x00 } },
  { 0x603b, { 0x00,0x00,0x00,0x01,0x01,0x00,0x01,0x83,0x80,0x00,0xc3,0x00,0x00,0xe6,0x00,0x00,0x44,0x00,0x07,0xff,0xe0,0x06,0x00,0x60,0x06,0x00,0x60,0x06,0x00,0x60,0x06,0x00,0x60,0x06,0x00,0x60,0x07,0xff,0xe0,0x06,0x20,0x60,0x00,0x30,0x00,0x09,0x18,0x60,0x09,0x9c,0x30,0x19,0x8c,0x9c,0x19,0x80,0x8c,0x31,0x80,0xcc,0x71,0xff,0xc0,0x01,0xff,0xc0,0x00,0x00,0x00,0x00,0x00,0x00 } },
  { 0x8d70, { 0x00,0x00,0x00,0x00,0x18,0x00,0x00,0x18,0x00,0x00,0x18,0x00,0x00,0x18,0x60,0x0f,0xff,0xf0,0x00,0x18,0x00,0x00,0x18,0x00,0x00,0x18,0x08,0x3f,0xff,0xfc,0x00,0x18,0x00,0x02,0x18,0x00,0x03,0x18,0x00,0x07,0x18,0x20,0x06,0x1f,0xf0,0x06,0x18,0x00,0x06,0x18,0x00,0x0d,0x18,0x00,0x0c,0xd8,0x00,0x08,0x7c,0x00,0x10,0x3f,0xfe,0x20,0x07,0xf8,0x40,0x00,0x00,0x00,0x00,0x00 } },
  { 0x8db3, { 0x00,0x00,0x00,0x00,0x00,0x60,0x03,0xff,0xe0,0x03,0x00,0x60,0x03,0x00,0x60,0x03,0x00,0x60,0x03,0x00,0x60,0x03,0x00,0x60,0x03,0xff,0xe0,0x02,0x18,0x40,0x00,0x18,0x00,0x00,0x18,0x00,0x06,0x18,0x30,0x07,0x1f,0xf8,0x06,0x18,0x00,0x06,0x18,0x00,0x0f,0x18,0x00,0x0d,0x98,0x00,0x18,0xf8,0x00,0x18,0x78,0x00,0x30,0x3f,0xfe,0x60,0x07,0xf8,0x00,0x00,0x00,0x00,0x00,0x00 } },
  { 0x963b, { 0x00,0x00,0x00,0x7f,0x00,0x60,0x63,0x3f,0xf0,0x62,0x30,0x60,0x66,0x30,0x60,0x64,0x30,0x60,0x64,0x30,0x60,0x64,0x3f,0xe0,0x64,0x30,0x60,0x62,0x30,0x60,0x63,0x30,0x60,0x63,0x30,0x60,0x63,0xb0,0x60,0x63,0xbf,0xe0,0x7f,0x30,0x60,0x6f,0x30,0x60,0x64,0x30,0x60,0x60,0x30,0x60,0x60,0x30,0x60,0x60,0x30,0x68,0x63,0xff,0xfc,0x60,0x00,0x00,0x00,0x00,0x00,0x00,0x00,0x00 } },
  { 0x7ec4, { 0x00,0x00,0x00,0x00,0x00,0x00,0x06,0x00,0x00,0x06,0x1f,0xf0,0x04,0x18,0x30,0x0c,0x18,0x30,0x08,0x98,0x30,0x19,0xd8,0x30,0x11,0x98,0x30,0x37,0x9f,0xf0,0x7f,0x18,0x30,0x26,0x18,0x30,0x04,0x18,0x30,0x0c,0x18,0x30,0x18,0x18,0x30,0x3f,0x9f,0xf0,0x3c,0x18,0x30,0x00,0x18,0x30,0x00,0xd8,0x30,0x0f,0x18,0x30,0x7c,0x18,0x34,0x30,0xff,0xfe,0x00,0x00,0x00,0x00,0x00,0x00 } },
  { 0x6700, { 0x00,0x00,0x00,0x00,0x00,0xc0,0x0f,0xff,0xc0,0x0e,0x00,0xc0,0x0f,0xff,0xc0,0x0e,0x00,0xc0,0x0e,0x00,0xc0,0x0f,0xff,0xc0,0x0c,0x00,0xc0,0x00,0x00,0x10,0x7f,0xff,0xf8,0x18,0x60,0x00,0x1f,0xe0,0x00,0x18,0x7f,0xf0,0x18,0x64,0x30,0x1f,0xe4,0x60,0x18,0x66,0x40,0x18,0x7a,0xc0,0x1b,0xe3,0x80,0x7f,0x63,0xc0,0x70,0x66,0xf0,0x00,0x68,0x3c,0x00,0x70,0x10,0x00,0x00,0x00 } },
  { 0x5de6, { 0x00,0x00,0x00,0x00,0x60,0x00,0x00,0x60,0x00,0x00,0x60,0x00,0x00,0x60,0x18,0x1f,0xff,0xfc,0x00,0xc0,0x00,0x00,0xc0,0x00,0x00,0xc0,0x00,0x00,0x80,0x00,0x01,0x80,0x00,0x01,0x80,0x20,0x03,0xff,0xf0,0x03,0x0c,0x00,0x06,0x0c,0x00,0x06,0x0c,0x00,0x0c,0x0c,0x00,0x08,0x0c,0x00,0x18,0x0c,0x00,0x30,0x0c,0x00,0x20,0x0c,0x18,0x07,0xff,0xfc,0x00,0x00,0x00,0x00,0x00,0x00 } },
  { 0x4f5c, { 0x00,0x00,0x00,0x03,0x0c,0x00,0x03,0x8c,0x00,0x03,0x18,0x00,0x06,0x18,0x08,0x06,0x3f,0xfc,0x04,0x36,0x00,0x0c,0x66,0x00,0x0e,0x46,0x00,0x1e,0xc6,0x00,0x1e,0x86,0x10,0x2e,0x07,0xf8,0x6e,0x06,0x00,0x0e,0x06,0x00,0x0e,0x06,0x00,0x0e,0x06,0x08,0x0e,0x07,0xfc,0x0e,0x06,0x00,0x0e,0x06,0x00,0x0e,0x06,0x00,0x0e,0x06,0x00,0x0e,0x06,0x00,0x0c,0x06,0x00,0x00,0x00,0x00 } },
  { 0x5750, { 0x00,0x00,0x00,0x00,0x18,0x00,0x00,0x18,0x00,0x02,0x18,0x20,0x07,0x18,0x70,0x06,0x18,0x60,0x06,0x18,0x60,0x06,0x18,0xe0,0x0e,0x18,0xe0,0x0f,0x18,0xd8,0x19,0x99,0x9c,0x19,0xd9,0x0c,0x30,0xdb,0x0c,0x20,0x1e,0x00,0x40,0x18,0x20,0x0f,0xff,0xf0,0x00,0x18,0x00,0x00,0x18,0x00,0x00,0x18,0x00,0x00,0x18,0x00,0x00,0x18,0x0c,0x7f,0xff,0xfe,0x00,0x00,0x00,0x00,0x00,0x00 } },
  { 0x5ea7, { 0x00,0x00,0x00,0x00,0x18,0x00,0x00,0x0c,0x00,0x00,0x0c,0x08,0x1f,0xff,0xfc,0x1c,0x00,0x00,0x1c,0x00,0x00,0x1c,0xc6,0x20,0x1c,0xc6,0x70,0x18,0xc6,0x60,0x19,0x86,0x60,0x19,0xc6,0x70,0x19,0x66,0xdc,0x1b,0x36,0x8c,0x1a,0x37,0x0c,0x1c,0x07,0x30,0x19,0xff,0xf8,0x10,0x06,0x00,0x10,0x06,0x00,0x30,0x06,0x00,0x20,0x06,0x0c,0x67,0xff,0xfe,0x44,0x00,0x00,0x00,0x00,0x00 } },
  { 0x505a, { 0x00,0x00,0x00,0x06,0x00,0xc0,0x06,0x70,0xc0,0x06,0x20,0xc0,0x04,0x20,0xc0,0x0c,0x20,0x80,0x0c,0x25,0x80,0x09,0xff,0xfc,0x1d,0x21,0x18,0x1c,0x21,0x18,0x3c,0x23,0x18,0x2c,0x23,0x98,0x4d,0xfc,0x90,0x0d,0x8c,0x90,0x0d,0x8c,0xb0,0x0d,0x8c,0xf0,0x0d,0x8c,0x60,0x0d,0x8c,0x60,0x0d,0xfc,0xe0,0x0d,0x8d,0xb0,0x0d,0x83,0x1c,0x0d,0x0e,0x0e,0x18,0x18,0x00,0x00,0x00,0x00 } },
};
static const int CN_GLYPHS24_COUNT = 786;

